id,bank_id,bank_name,loan_id,de_ratio,interest_coverage,profitability,liquidity_ratio,default_flag,pd_observed,observation_date,loaded_at,age,employment_type_enc,years_employed,annual_income,foir,num_dependents,city_tier_enc,education_enc,residence_type_enc,loan_purpose_enc,cibil_score,previous_default_flag,months_as_customer,num_late_payments_past_12m,existing_loans_count,num_existing_products,is_rural,country_code,gdp_growth_pct,inflation_cpi_pct,policy_rate_pct,unemployment_pct,delta_de_ratio,delta_cibil,months_since_origination,exposure_class,delta_unemployment_pct,macro_regime_score,delta_gdp_pct,delta_cpi_pct,delta_policy_rate_pct
10637,BANK007,Bank of Baroda,BOB-LN-CORP-00001,0.74,4.89,23.8,2.27,0,0.0285,2026-06-19,2026-06-19T19:57:24,61.0,5,25.9,6054043.0,0.24,3,1,2,1,2,770,0,24,0,1,3,0,IND,6.7,4.5,6.25,7.6,-0.4168,8.0,10.8,CORPORATE,0.0,0.0,0.0,0.0,0.0
10638,BANK007,Bank of Baroda,BOB-LN-CORP-00002,0.67,8.6,10.1,1.98,0,0.0634,2026-06-19,2026-06-19T19:57:24,52.0,5,2.5,8285271.0,0.22,1,2,1,2,2,717,0,144,0,0,1,0,IND,6.7,4.5,6.25,7.6,0.2666,-42.0,25.4,CORPORATE,0.0,0.0,0.0,0.0,0.0
10639,BANK007,Bank of Baroda,BOB-LN-SME-00001,1.1,9.2,11.7,2.97,0,0.0375,2026-06-19,2026-06-19T19:57:24,53.0,4,3.0,9389224.0,0.35,1,1,2,2,2,813,0,68,0,2,3,0,IND,6.7,4.5,6.25,7.6,0.6875,-1.0,18.9,SME,0.0,0.0,0.0,0.0,0.0
10640,BANK007,Bank of Baroda,BOB-LN-RETA-00001,1.91,10.76,8.8,1.36,0,0.0578,2026-06-19,2026-06-19T19:57:24,29.0,1,4.3,2253192.0,0.33,0,1,5,1,1,757,0,115,0,0,1,0,IND,6.7,4.5,6.25,7.6,1.273,31.0,25.7,RETAIL_OTHER,0.0,0.0,0.0,0.0,0.0
10641,BANK007,Bank of Baroda,BOB-LN-CORP-00003,1.71,8.33,11.8,2.65,0,0.065,2026-06-19,2026-06-19T19:57:24,45.0,5,20.2,17835970.0,0.24,1,1,2,3,2,739,0,225,0,3,2,0,IND,6.7,4.5,6.25,7.6,0.2539,-22.0,13.4,CORPORATE,0.0,0.0,0.0,0.0,0.0
10642,BANK007,Bank of Baroda,BOB-LN-RETA-00002,3.28,1.86,-3.7,0.79,1,0.9168,2026-06-19,2026-06-19T19:57:24,44.0,2,1.0,2228957.0,0.75,3,1,4,2,3,581,1,212,4,1,3,0,IND,6.7,4.5,6.25,7.6,1.813,-170.0,13.3,RETAIL_OTHER,0.0,0.0,0.0,0.0,0.0
10643,BANK007,Bank of Baroda,BOB-LN-CORP-00004,1.69,5.05,6.9,2.97,0,0.0523,2026-06-19,2026-06-19T19:57:24,52.0,5,3.7,16247051.0,0.4,1,2,1,2,2,788,0,198,0,1,3,0,IND,6.7,4.5,6.25,7.6,1.1735,25.0,50.4,CORPORATE,0.0,0.0,0.0,0.0,0.0
10644,BANK007,Bank of Baroda,BOB-LN-CORP-00005,1.12,11.39,22.0,1.77,0,0.038,2026-06-19,2026-06-19T19:57:24,31.0,5,4.4,21937544.0,0.32,3,1,4,3,2,809,0,238,0,3,2,0,IND,6.7,4.5,6.25,7.6,-0.2828,64.0,42.4,CORPORATE,0.0,0.0,0.0,0.0,0.0
10645,BANK007,Bank of Baroda,BOB-LN-SME-00002,1.26,11.21,21.2,2.83,0,0.0415,2026-06-19,2026-06-19T19:57:24,58.0,5,1.2,6001196.0,0.24,3,2,1,3,2,772,0,96,0,2,4,0,IND,6.7,4.5,6.25,7.6,0.1627,59.0,15.9,SME,0.0,0.0,0.0,0.0,0.0
10646,BANK007,Bank of Baroda,BOB-LN-RETA-00003,0.48,13.5,10.3,1.42,0,0.022,2026-06-19,2026-06-19T19:57:24,40.0,4,5.3,2168171.0,0.19,4,1,6,2,1,793,0,26,0,3,1,0,IND,6.7,4.5,6.25,7.6,0.0304,52.0,19.9,RETAIL_OTHER,0.0,0.0,0.0,0.0,0.0
10647,BANK007,Bank of Baroda,BOB-LN-RETA-00004,1.76,9.8,8.3,2.97,0,0.054,2026-06-19,2026-06-19T19:57:24,61.0,2,21.0,2883438.0,0.19,2,1,4,1,3,810,0,166,0,1,1,0,IND,6.7,4.5,6.25,7.6,0.5076,16.0,23.4,RETAIL_OTHER,0.0,0.0,0.0,0.0,0.0
10648,BANK007,Bank of Baroda,BOB-LN-RETA-00005,1.47,7.03,15.4,1.85,0,0.0467,2026-06-19,2026-06-19T19:57:24,54.0,4,26.6,1569909.0,0.24,4,1,5,1,3,772,0,68,0,3,5,0,IND,6.7,4.5,6.25,7.6,-0.2065,19.0,42.8,RETAIL_OTHER,0.0,0.0,0.0,0.0,0.0
10649,BANK007,Bank of Baroda,BOB-LN-CORP-00006,1.32,8.43,14.4,1.61,0,0.0808,2026-06-19,2026-06-19T19:57:24,38.0,5,5.4,23567645.0,0.25,0,1,3,1,2,716,0,38,0,3,1,0,IND,6.7,4.5,6.25,7.6,-0.4588,-8.0,14.5,CORPORATE,0.0,0.0,0.0,0.0,0.0
10650,BANK007,Bank of Baroda,BOB-LN-RETA-00006,1.15,6.69,13.6,1.76,0,0.0387,2026-06-19,2026-06-19T19:57:24,31.0,2,7.0,2895795.0,0.31,0,2,3,1,3,779,0,151,0,2,4,0,IND,6.7,4.5,6.25,7.6,0.6213,64.0,32.6,RETAIL_OTHER,0.0,0.0,0.0,0.0,0.0
10651,BANK007,Bank of Baroda,BOB-LN-CORP-00007,1.51,6.53,24.0,2.68,0,0.0478,2026-06-19,2026-06-19T19:57:24,35.0,2,9.0,15772927.0,0.19,3,2,3,2,2,780,0,225,0,1,3,0,IND,6.7,4.5,6.25,7.6,0.9691,38.0,21.2,CORPORATE,0.0,0.0,0.0,0.0,0.0
10652,BANK007,Bank of Baroda,BOB-LN-CORP-00008,3.37,2.39,3.9,0.88,1,0.8016,2026-06-19,2026-06-19T19:57:24,59.0,5,21.6,13029490.0,0.73,3,2,1,3,2,580,1,85,3,0,5,0,IND,6.7,4.5,6.25,7.6,1.8234,-195.0,28.3,CORPORATE,0.0,0.0,0.0,0.0,0.0
10653,BANK007,Bank of Baroda,BOB-LN-CORP-00009,1.93,10.08,22.9,2.13,0,0.0583,2026-06-19,2026-06-19T19:57:24,24.0,5,1.6,18337327.0,0.19,3,2,4,2,2,779,0,224,0,2,5,0,IND,6.7,4.5,6.25,7.6,1.4205,-11.0,11.8,CORPORATE,0.0,0.0,0.0,0.0,0.0
10654,BANK007,Bank of Baroda,BOB-LN-SME-00003,0.63,8.34,10.8,1.73,0,0.0751,2026-06-19,2026-06-19T19:57:24,39.0,4,7.1,9305132.0,0.41,4,2,2,1,2,711,0,180,0,1,4,0,IND,6.7,4.5,6.25,7.6,-0.5144,-35.0,22.7,SME,0.0,0.0,0.0,0.0,0.0
10655,BANK007,Bank of Baroda,BOB-LN-CORP-00010,1.94,4.98,24.4,2.76,0,0.0585,2026-06-19,2026-06-19T19:57:24,50.0,5,27.1,21168130.0,0.36,3,2,3,1,2,802,0,81,0,2,1,0,IND,6.7,4.5,6.25,7.6,0.9041,-16.0,43.2,CORPORATE,0.0,0.0,0.0,0.0,0.0
10656,BANK007,Bank of Baroda,BOB-LN-RETA-00007,0.78,9.14,13.4,1.93,0,0.0295,2026-06-19,2026-06-19T19:57:24,44.0,4,20.9,590198.0,0.36,0,1,6,1,4,805,0,83,0,3,1,0,IND,6.7,4.5,6.25,7.6,-0.4843,20.0,38.1,RETAIL_OTHER,0.0,0.0,0.0,0.0,0.0
10657,BANK007,Bank of Baroda,BOB-LN-SME-00004,1.34,9.4,12.3,1.51,0,0.0495,2026-06-19,2026-06-19T19:57:24,40.0,5,13.7,2810041.0,0.41,0,2,1,1,2,755,0,101,0,1,5,0,IND,6.7,4.5,6.25,7.6,-0.5658,-9.0,39.8,SME,0.0,0.0,0.0,0.0,0.0
10658,BANK007,Bank of Baroda,BOB-LN-CORP-00011,0.58,10.62,17.3,2.2,0,0.0256,2026-06-19,2026-06-19T19:57:24,34.0,2,4.0,18897700.0,0.19,3,2,4,3,2,749,0,199,0,0,3,0,IND,6.7,4.5,6.25,7.6,-0.4524,-37.0,23.0,CORPORATE,0.0,0.0,0.0,0.0,0.0
10659,BANK007,Bank of Baroda,BOB-LN-RETA-00008,0.43,6.91,21.2,2.35,0,0.0208,2026-06-19,2026-06-19T19:57:24,49.0,4,19.4,2096272.0,0.36,3,1,6,3,1,816,0,112,0,2,1,0,IND,6.7,4.5,6.25,7.6,-0.549,51.0,9.0,RETAIL_OTHER,0.0,0.0,0.0,0.0,0.0
10660,BANK007,Bank of Baroda,BOB-LN-SME-00005,1.12,13.2,16.7,2.38,0,0.038,2026-06-19,2026-06-19T19:57:24,30.0,4,6.4,9980016.0,0.26,4,1,1,1,2,789,0,132,0,3,5,0,IND,6.7,4.5,6.25,7.6,-0.8336,39.0,34.1,SME,0.0,0.0,0.0,0.0,0.0
10661,BANK007,Bank of Baroda,BOB-LN-RETA-00009,0.57,12.94,12.5,2.51,0,0.0243,2026-06-19,2026-06-19T19:57:24,29.0,2,2.9,1189533.0,0.35,3,1,6,3,3,774,0,127,0,1,1,0,IND,6.7,4.5,6.25,7.6,0.1074,-26.0,12.5,RETAIL_OTHER,0.0,0.0,0.0,0.0,0.0
10662,BANK007,Bank of Baroda,BOB-LN-RETA-00010,0.55,10.54,15.7,1.33,0,0.0249,2026-06-19,2026-06-19T19:57:24,45.0,4,7.8,755337.0,0.23,4,2,6,1,3,749,0,102,0,2,2,0,IND,6.7,4.5,6.25,7.6,-0.1927,-59.0,7.2,RETAIL_OTHER,0.0,0.0,0.0,0.0,0.0
10663,BANK007,Bank of Baroda,BOB-LN-RETA-00011,1.91,5.83,14.6,1.89,0,0.0989,2026-06-19,2026-06-19T19:57:24,54.0,2,8.9,1072398.0,0.29,0,1,5,1,1,713,0,237,0,1,4,0,IND,6.7,4.5,6.25,7.6,0.8757,-44.0,41.7,RETAIL_OTHER,0.0,0.0,0.0,0.0,0.0
10664,BANK007,Bank of Baroda,BOB-LN-CORP-00012,1.79,6.99,8.4,1.93,0,0.0548,2026-06-19,2026-06-19T19:57:24,26.0,2,3.3,6228789.0,0.28,0,1,4,2,2,823,0,54,0,2,3,0,IND,6.7,4.5,6.25,7.6,0.6864,64.0,21.3,CORPORATE,0.0,0.0,0.0,0.0,0.0
10665,BANK007,Bank of Baroda,BOB-LN-CORP-00013,0.98,11.91,18.9,2.92,0,0.0589,2026-06-19,2026-06-19T19:57:24,52.0,2,9.0,19594181.0,0.4,3,2,1,3,2,728,0,208,0,0,1,0,IND,6.7,4.5,6.25,7.6,-0.5049,-38.0,48.2,CORPORATE,0.0,0.0,0.0,0.0,0.0
10666,BANK007,Bank of Baroda,BOB-LN-CORP-00014,0.74,9.92,19.2,3.0,0,0.0452,2026-06-19,2026-06-19T19:57:24,49.0,5,24.8,17985141.0,0.21,3,2,2,2,2,735,0,36,0,2,3,0,IND,6.7,4.5,6.25,7.6,-1.0245,-32.0,24.0,CORPORATE,0.0,0.0,0.0,0.0,0.0
10667,BANK007,Bank of Baroda,BOB-LN-CORP-00015,1.63,12.15,7.4,2.95,0,0.0508,2026-06-19,2026-06-19T19:57:24,25.0,5,3.0,18360031.0,0.2,3,2,1,1,2,792,0,190,0,3,5,0,IND,6.7,4.5,6.25,7.6,0.4847,16.0,25.4,CORPORATE,0.0,0.0,0.0,0.0,0.0
10668,BANK007,Bank of Baroda,BOB-LN-CORP-00016,1.55,9.85,22.0,2.26,0,0.0488,2026-06-19,2026-06-19T19:57:24,29.0,5,4.0,8134937.0,0.4,4,2,3,3,2,815,0,49,0,1,2,0,IND,6.7,4.5,6.25,7.6,1.02,23.0,49.8,CORPORATE,0.0,0.0,0.0,0.0,0.0
10669,BANK007,Bank of Baroda,BOB-LN-RETA-00012,1.62,8.91,8.0,1.71,0,0.0783,2026-06-19,2026-06-19T19:57:24,34.0,4,9.1,1739310.0,0.25,1,1,4,2,1,725,0,226,0,2,4,0,IND,6.7,4.5,6.25,7.6,0.8233,3.0,45.1,RETAIL_OTHER,0.0,0.0,0.0,0.0,0.0
10670,BANK007,Bank of Baroda,BOB-LN-RETA-00013,0.41,4.63,8.5,1.75,0,0.0203,2026-06-19,2026-06-19T19:57:24,49.0,2,16.5,2475736.0,0.38,4,1,3,2,1,756,0,221,0,3,3,0,IND,6.7,4.5,6.25,7.6,-0.5755,-5.0,15.5,RETAIL_OTHER,0.0,0.0,0.0,0.0,0.0
10671,BANK007,Bank of Baroda,BOB-LN-RETA-00014,1.83,4.97,23.7,1.84,0,0.0797,2026-06-19,2026-06-19T19:57:24,33.0,2,9.0,1796873.0,0.44,4,1,3,1,4,760,0,138,0,3,2,0,IND,6.7,4.5,6.25,7.6,0.2471,12.0,29.7,RETAIL_OTHER,0.0,0.0,0.0,0.0,0.0
10672,BANK007,Bank of Baroda,BOB-LN-RETA-00015,1.5,8.63,15.1,2.25,0,0.0475,2026-06-19,2026-06-19T19:57:24,53.0,4,17.2,1570237.0,0.39,1,1,6,1,4,829,0,63,0,2,3,0,IND,6.7,4.5,6.25,7.6,0.6625,104.0,30.1,RETAIL_OTHER,0.0,0.0,0.0,0.0,0.0
10673,BANK007,Bank of Baroda,BOB-LN-RETA-00016,0.93,8.46,18.9,1.53,0,0.0512,2026-06-19,2026-06-19T19:57:24,41.0,1,5.1,2627349.0,0.43,3,2,4,1,3,780,0,65,0,0,1,0,IND,6.7,4.5,6.25,7.6,0.2773,-13.0,20.8,RETAIL_OTHER,0.0,0.0,0.0,0.0,0.0
10674,BANK007,Bank of Baroda,BOB-LN-RETA-00017,1.24,12.84,8.5,2.16,0,0.0477,2026-06-19,2026-06-19T19:57:24,26.0,2,1.3,2928255.0,0.23,4,2,3,2,4,744,0,91,0,2,4,0,IND,6.7,4.5,6.25,7.6,0.6598,14.0,47.1,RETAIL_OTHER,0.0,0.0,0.0,0.0,0.0
10675,BANK007,Bank of Baroda,BOB-LN-CORP-00017,1.51,4.15,8.2,1.82,0,0.0478,2026-06-19,2026-06-19T19:57:24,32.0,2,3.7,16060389.0,0.36,2,2,2,2,2,761,0,191,0,0,3,0,IND,6.7,4.5,6.25,7.6,-0.367,-62.0,34.9,CORPORATE,0.0,0.0,0.0,0.0,0.0
10676,BANK007,Bank of Baroda,BOB-LN-SME-00006,0.64,6.95,15.9,1.5,0,0.0416,2026-06-19,2026-06-19T19:57:24,62.0,4,2.8,2941275.0,0.37,4,1,1,3,2,736,0,146,0,1,5,0,IND,6.7,4.5,6.25,7.6,-0.5421,-89.0,11.3,SME,0.0,0.0,0.0,0.0,0.0
10677,BANK007,Bank of Baroda,BOB-LN-RETA-00018,1.99,7.52,22.5,2.84,0,0.0598,2026-06-19,2026-06-19T19:57:24,51.0,2,12.4,1604145.0,0.2,2,1,6,1,4,758,0,202,0,1,4,0,IND,6.7,4.5,6.25,7.6,0.0474,-63.0,13.1,RETAIL_OTHER,0.0,0.0,0.0,0.0,0.0
10678,BANK007,Bank of Baroda,BOB-LN-CORP-00018,0.51,9.74,14.5,2.44,0,0.0227,2026-06-19,2026-06-19T19:57:24,38.0,5,10.2,19067380.0,0.19,1,2,1,1,2,821,0,232,0,0,2,0,IND,6.7,4.5,6.25,7.6,-1.0749,60.0,32.0,CORPORATE,0.0,0.0,0.0,0.0,0.0
10679,BANK007,Bank of Baroda,BOB-LN-RETA-00019,0.91,7.87,8.8,1.94,0,0.0328,2026-06-19,2026-06-19T19:57:24,38.0,2,9.3,2191809.0,0.32,4,2,4,3,3,806,0,18,0,2,4,0,IND,6.7,4.5,6.25,7.6,0.1245,68.0,38.3,RETAIL_OTHER,0.0,0.0,0.0,0.0,0.0
10680,BANK007,Bank of Baroda,BOB-LN-CORP-00019,1.79,7.0,24.2,1.33,0,0.0548,2026-06-19,2026-06-19T19:57:24,58.0,5,22.0,24716036.0,0.23,1,1,1,1,2,829,0,149,0,1,4,0,IND,6.7,4.5,6.25,7.6,0.2036,24.0,37.3,CORPORATE,0.0,0.0,0.0,0.0,0.0
10681,BANK007,Bank of Baroda,BOB-LN-RETA-00020,0.71,5.92,16.8,1.72,0,0.0277,2026-06-19,2026-06-19T19:57:24,37.0,1,14.1,2720756.0,0.35,1,2,4,1,3,780,0,154,0,3,3,0,IND,6.7,4.5,6.25,7.6,-0.7858,38.0,20.9,RETAIL_OTHER,0.0,0.0,0.0,0.0,0.0
10682,BANK007,Bank of Baroda,BOB-LN-SME-00007,1.86,10.42,6.3,2.2,0,0.0565,2026-06-19,2026-06-19T19:57:24,24.0,5,1.5,3834753.0,0.18,4,1,2,1,2,762,0,101,0,0,5,0,IND,6.7,4.5,6.25,7.6,0.6129,17.0,20.0,SME,0.0,0.0,0.0,0.0,0.0
10683,BANK007,Bank of Baroda,BOB-LN-RETA-00021,1.01,9.3,7.1,1.32,0,0.0564,2026-06-19,2026-06-19T19:57:24,47.0,1,16.7,738131.0,0.2,3,1,5,3,3,731,0,225,0,0,1,0,IND,6.7,4.5,6.25,7.6,-0.7425,-61.0,49.6,RETAIL_OTHER,0.0,0.0,0.0,0.0,0.0
10684,BANK007,Bank of Baroda,BOB-LN-CORP-00020,1.01,11.27,21.0,2.47,0,0.0686,2026-06-19,2026-06-19T19:57:24,35.0,2,7.8,10450925.0,0.31,2,1,1,2,2,720,0,151,0,3,5,0,IND,6.7,4.5,6.25,7.6,-0.9489,4.0,7.3,CORPORATE,0.0,0.0,0.0,0.0,0.0
10685,BANK007,Bank of Baroda,BOB-LN-SME-00008,0.91,4.62,6.1,1.82,0,0.0328,2026-06-19,2026-06-19T19:57:24,51.0,5,3.3,2616618.0,0.38,3,2,3,1,2,756,0,45,0,3,2,0,IND,6.7,4.5,6.25,7.6,0.3464,35.0,53.3,SME,0.0,0.0,0.0,0.0,0.0
10686,BANK007,Bank of Baroda,BOB-LN-RETA-00022,0.88,11.72,12.9,2.91,0,0.032,2026-06-19,2026-06-19T19:57:24,60.0,4,5.2,2468311.0,0.34,3,1,5,2,3,802,0,48,0,3,3,0,IND,6.7,4.5,6.25,7.6,-0.4701,67.0,25.3,RETAIL_OTHER,0.0,0.0,0.0,0.0,0.0
10687,BANK007,Bank of Baroda,BOB-LN-RETA-00023,0.72,13.97,9.4,2.6,0,0.0871,2026-06-19,2026-06-19T19:57:24,49.0,2,22.2,1575664.0,0.43,4,2,4,2,1,713,0,106,0,2,1,0,IND,6.7,4.5,6.25,7.6,-0.4186,-87.0,19.3,RETAIL_OTHER,0.0,0.0,0.0,0.0,0.0
10689,BANK007,Bank of Baroda,BOB-LN-CORP-00021,0.73,11.4,21.4,1.41,0,0.0582,2026-06-19,2026-06-19T19:57:24,49.0,2,12.7,11621109.0,0.39,1,1,1,3,2,723,0,115,0,3,1,0,IND,6.7,4.5,6.25,7.6,-0.529,-33.0,44.5,CORPORATE,0.0,0.0,0.0,0.0,0.0
10690,BANK007,Bank of Baroda,BOB-LN-SME-00009,6.18,1.15,-7.6,0.73,1,0.8941,2026-06-19,2026-06-19T19:57:24,36.0,5,6.8,9045523.0,0.56,0,2,4,2,2,623,1,48,5,0,5,0,IND,6.7,4.5,6.25,7.6,4.5439,-150.0,23.5,SME,0.0,0.0,0.0,0.0,0.0
10691,BANK007,Bank of Baroda,BOB-LN-SME-00010,0.62,5.67,9.9,1.4,0,0.0255,2026-06-19,2026-06-19T19:57:24,40.0,4,7.0,7780871.0,0.32,4,2,2,3,2,754,0,187,0,3,2,0,IND,6.7,4.5,6.25,7.6,-0.735,23.0,31.4,SME,0.0,0.0,0.0,0.0,0.0
10693,BANK007,Bank of Baroda,BOB-LN-RETA-00024,1.8,12.7,7.8,1.91,0,0.0883,2026-06-19,2026-06-19T19:57:24,30.0,2,2.4,2194320.0,0.28,1,1,6,1,1,720,0,182,0,1,3,0,IND,6.7,4.5,6.25,7.6,-0.0461,-11.0,22.5,RETAIL_OTHER,0.0,0.0,0.0,0.0,0.0
10694,BANK007,Bank of Baroda,BOB-LN-RETA-00025,0.99,6.64,13.3,2.68,0,0.0348,2026-06-19,2026-06-19T19:57:24,24.0,2,1.4,1360272.0,0.21,2,1,4,2,1,821,0,193,0,0,1,0,IND,6.7,4.5,6.25,7.6,-0.9987,93.0,50.5,RETAIL_OTHER,0.0,0.0,0.0,0.0,0.0
10695,BANK007,Bank of Baroda,BOB-LN-SME-00011,1.23,8.85,20.2,1.8,0,0.0785,2026-06-19,2026-06-19T19:57:24,51.0,5,21.2,7033230.0,0.38,1,2,2,3,2,716,0,78,0,0,3,0,IND,6.7,4.5,6.25,7.6,-0.44,-24.0,22.7,SME,0.0,0.0,0.0,0.0,0.0
10696,BANK007,Bank of Baroda,BOB-LN-CORP-00022,0.53,9.13,17.7,1.77,0,0.0244,2026-06-19,2026-06-19T19:57:24,54.0,5,15.7,18353825.0,0.2,3,1,2,1,2,749,0,166,0,3,4,0,IND,6.7,4.5,6.25,7.6,-1.3435,-64.0,29.3,CORPORATE,0.0,0.0,0.0,0.0,0.0
10697,BANK007,Bank of Baroda,BOB-LN-CORP-00023,0.6,11.7,11.1,2.81,0,0.031,2026-06-19,2026-06-19T19:57:24,35.0,5,7.2,22549147.0,0.41,2,2,2,2,2,808,0,216,0,2,2,0,IND,6.7,4.5,6.25,7.6,-0.336,44.0,44.4,CORPORATE,0.0,0.0,0.0,0.0,0.0
10699,BANK007,Bank of Baroda,BOB-LN-SME-00012,1.31,8.07,24.3,1.7,0,0.0505,2026-06-19,2026-06-19T19:57:24,26.0,5,2.5,2801758.0,0.4,4,1,1,3,2,743,0,169,0,3,1,0,IND,6.7,4.5,6.25,7.6,-0.5717,-17.0,15.1,SME,0.0,0.0,0.0,0.0,0.0
10700,BANK007,Bank of Baroda,BOB-LN-RETA-00026,0.64,10.97,24.4,1.97,0,0.0638,2026-06-19,2026-06-19T19:57:24,46.0,2,20.0,1675970.0,0.36,2,2,3,1,1,716,0,184,0,0,2,0,IND,6.7,4.5,6.25,7.6,-0.1763,-16.0,14.5,RETAIL_OTHER,0.0,0.0,0.0,0.0,0.0
10701,BANK007,Bank of Baroda,BOB-LN-RETA-00027,1.71,7.65,6.6,2.46,0,0.0728,2026-06-19,2026-06-19T19:57:24,28.0,1,5.7,579081.0,0.27,3,1,3,2,3,732,0,18,0,1,5,0,IND,6.7,4.5,6.25,7.6,-0.1433,-13.0,16.3,RETAIL_OTHER,0.0,0.0,0.0,0.0,0.0
10702,BANK007,Bank of Baroda,BOB-LN-SME-00013,1.36,3.81,21.4,1.78,0,0.068,2026-06-19,2026-06-19T19:57:24,39.0,5,6.1,6214380.0,0.44,2,2,4,2,2,813,0,75,0,1,1,0,IND,6.7,4.5,6.25,7.6,0.1129,5.0,39.5,SME,0.0,0.0,0.0,0.0,0.0
10703,BANK007,Bank of Baroda,BOB-LN-CORP-00024,1.16,6.98,17.7,2.67,0,0.039,2026-06-19,2026-06-19T19:57:24,46.0,5,3.1,6273851.0,0.37,4,1,2,2,2,753,0,65,0,1,1,0,IND,6.7,4.5,6.25,7.6,-0.71,-65.0,11.9,CORPORATE,0.0,0.0,0.0,0.0,0.0
10704,BANK007,Bank of Baroda,BOB-LN-RETA-00028,1.7,7.47,19.9,1.8,0,0.0725,2026-06-19,2026-06-19T19:57:24,44.0,2,15.6,2757103.0,0.37,4,2,5,1,3,732,0,163,0,2,2,0,IND,6.7,4.5,6.25,7.6,-0.2181,-51.0,51.3,RETAIL_OTHER,0.0,0.0,0.0,0.0,0.0
10705,BANK007,Bank of Baroda,BOB-LN-CORP-00025,1.98,12.88,19.4,2.03,0,0.0595,2026-06-19,2026-06-19T19:57:24,26.0,5,1.5,17598276.0,0.22,4,1,3,1,2,793,0,25,0,0,3,0,IND,6.7,4.5,6.25,7.6,0.1564,63.0,38.5,CORPORATE,0.0,0.0,0.0,0.0,0.0
10708,BANK007,Bank of Baroda,BOB-LN-SME-00014,1.01,8.6,17.6,1.36,0,0.0408,2026-06-19,2026-06-19T19:57:24,61.0,5,3.9,8539294.0,0.28,2,1,1,3,2,745,0,79,0,2,4,0,IND,6.7,4.5,6.25,7.6,-0.3792,-52.0,36.8,SME,0.0,0.0,0.0,0.0,0.0
10709,BANK007,Bank of Baroda,BOB-LN-RETA-00029,1.67,4.19,19.5,1.99,0,0.0518,2026-06-19,2026-06-19T19:57:24,52.0,2,22.5,2107796.0,0.4,4,1,4,2,1,809,0,200,0,2,1,0,IND,6.7,4.5,6.25,7.6,-0.1369,96.0,35.7,RETAIL_OTHER,0.0,0.0,0.0,0.0,0.0
10711,BANK007,Bank of Baroda,BOB-LN-CORP-00026,1.85,10.55,15.6,2.74,0,0.0563,2026-06-19,2026-06-19T19:57:24,25.0,2,2.6,24194558.0,0.35,3,2,1,3,2,817,0,93,0,1,5,0,IND,6.7,4.5,6.25,7.6,0.5568,70.0,14.2,CORPORATE,0.0,0.0,0.0,0.0,0.0
10712,BANK007,Bank of Baroda,BOB-LN-RETA-00030,0.66,13.02,21.4,1.33,0,0.0398,2026-06-19,2026-06-19T19:57:24,28.0,2,2.7,961153.0,0.37,1,2,5,2,1,738,0,236,0,3,3,0,IND,6.7,4.5,6.25,7.6,0.0501,-65.0,8.5,RETAIL_OTHER,0.0,0.0,0.0,0.0,0.0
10713,BANK007,Bank of Baroda,BOB-LN-RETA-00031,0.64,4.45,15.7,2.53,0,0.0691,2026-06-19,2026-06-19T19:57:24,50.0,1,1.3,411484.0,0.42,3,1,6,2,3,722,0,28,0,0,5,0,IND,6.7,4.5,6.25,7.6,-0.7909,-46.0,17.5,RETAIL_OTHER,0.0,0.0,0.0,0.0,0.0
10714,BANK007,Bank of Baroda,BOB-LN-RETA-00032,0.58,10.81,7.1,2.9,0,0.0467,2026-06-19,2026-06-19T19:57:24,41.0,2,16.0,1540150.0,0.21,1,2,6,2,4,730,0,182,0,3,4,0,IND,6.7,4.5,6.25,7.6,-1.278,-41.0,46.5,RETAIL_OTHER,0.0,0.0,0.0,0.0,0.0
10715,BANK007,Bank of Baroda,BOB-LN-RETA-00033,0.91,13.8,20.2,1.33,0,0.0328,2026-06-19,2026-06-19T19:57:24,56.0,1,24.2,2263063.0,0.29,3,1,3,2,1,761,0,120,0,0,4,0,IND,6.7,4.5,6.25,7.6,-0.3814,51.0,22.2,RETAIL_OTHER,0.0,0.0,0.0,0.0,0.0
10716,BANK007,Bank of Baroda,BOB-LN-RETA-00034,1.57,4.85,13.4,2.32,0,0.0493,2026-06-19,2026-06-19T19:57:24,53.0,2,23.7,2532102.0,0.26,1,2,6,3,4,822,0,239,0,1,5,0,IND,6.7,4.5,6.25,7.6,-0.2402,59.0,30.0,RETAIL_OTHER,0.0,0.0,0.0,0.0,0.0
10717,BANK007,Bank of Baroda,BOB-LN-CORP-00027,1.91,10.96,18.8,2.82,0,0.0578,2026-06-19,2026-06-19T19:57:24,37.0,5,11.7,8872357.0,0.25,4,1,3,3,2,778,0,149,0,3,5,0,IND,6.7,4.5,6.25,7.6,0.1543,-35.0,31.3,CORPORATE,0.0,0.0,0.0,0.0,0.0
10718,BANK007,Bank of Baroda,BOB-LN-SME-00015,0.41,8.4,23.8,1.37,0,0.0203,2026-06-19,2026-06-19T19:57:24,52.0,5,17.1,4341363.0,0.26,2,2,4,1,2,828,0,39,0,1,5,0,IND,6.7,4.5,6.25,7.6,-0.0714,-1.0,23.0,SME,0.0,0.0,0.0,0.0,0.0
10719,BANK007,Bank of Baroda,BOB-LN-CORP-00028,1.01,11.86,8.2,1.74,0,0.0353,2026-06-19,2026-06-19T19:57:24,37.0,2,7.2,16610078.0,0.25,2,1,1,1,2,802,0,237,0,1,1,0,IND,6.7,4.5,6.25,7.6,-0.8481,-13.0,21.0,CORPORATE,0.0,0.0,0.0,0.0,0.0
10720,BANK007,Bank of Baroda,BOB-LN-RETA-00035,1.25,4.93,13.4,2.66,0,0.0413,2026-06-19,2026-06-19T19:57:24,46.0,2,9.8,2235746.0,0.26,1,1,3,2,4,779,0,216,0,0,4,0,IND,6.7,4.5,6.25,7.6,-0.1645,31.0,13.4,RETAIL_OTHER,0.0,0.0,0.0,0.0,0.0
10721,BANK007,Bank of Baroda,BOB-LN-CORP-00029,0.87,4.21,7.9,2.53,0,0.0497,2026-06-19,2026-06-19T19:57:24,33.0,5,9.5,24035182.0,0.43,0,2,1,1,2,772,0,223,0,3,5,0,IND,6.7,4.5,6.25,7.6,-0.1014,-23.0,36.2,CORPORATE,0.0,0.0,0.0,0.0,0.0
10722,BANK007,Bank of Baroda,BOB-LN-RETA-00036,1.75,12.52,8.7,2.22,0,0.0615,2026-06-19,2026-06-19T19:57:24,41.0,2,9.8,1681241.0,0.37,0,2,6,2,1,743,0,33,0,1,5,0,IND,6.7,4.5,6.25,7.6,0.3474,-60.0,33.0,RETAIL_OTHER,0.0,0.0,0.0,0.0,0.0
10723,BANK007,Bank of Baroda,BOB-LN-CORP-00030,1.11,5.38,24.0,2.42,0,0.0622,2026-06-19,2026-06-19T19:57:24,61.0,5,1.3,21849937.0,0.37,1,1,4,2,2,728,0,67,0,1,5,0,IND,6.7,4.5,6.25,7.6,-0.0636,-27.0,46.1,CORPORATE,0.0,0.0,0.0,0.0,0.0
10724,BANK007,Bank of Baroda,BOB-LN-RETA-00037,1.83,5.04,9.2,2.87,0,0.0737,2026-06-19,2026-06-19T19:57:24,54.0,2,17.6,936389.0,0.43,0,1,3,1,4,776,0,47,0,1,5,0,IND,6.7,4.5,6.25,7.6,0.471,-6.0,19.7,RETAIL_OTHER,0.0,0.0,0.0,0.0,0.0
10725,BANK007,Bank of Baroda,BOB-LN-RETA-00038,0.55,8.5,17.7,1.37,0,0.0238,2026-06-19,2026-06-19T19:57:24,34.0,1,1.2,855376.0,0.32,4,1,6,2,3,810,0,139,0,3,2,0,IND,6.7,4.5,6.25,7.6,-1.0538,89.0,21.7,RETAIL_OTHER,0.0,0.0,0.0,0.0,0.0
10726,BANK007,Bank of Baroda,BOB-LN-SME-00016,1.6,8.19,19.3,1.58,0,0.0644,2026-06-19,2026-06-19T19:57:24,50.0,5,10.3,6845689.0,0.31,0,1,3,2,2,737,0,186,0,3,2,0,IND,6.7,4.5,6.25,7.6,-0.0577,-75.0,38.2,SME,0.0,0.0,0.0,0.0,0.0
10727,BANK007,Bank of Baroda,BOB-LN-CORP-00031,0.41,5.34,15.6,2.25,0,0.0203,2026-06-19,2026-06-19T19:57:24,59.0,5,18.6,12593217.0,0.26,4,1,3,2,2,774,0,55,0,3,4,0,IND,6.7,4.5,6.25,7.6,-1.5052,-38.0,43.1,CORPORATE,0.0,0.0,0.0,0.0,0.0
10728,BANK007,Bank of Baroda,BOB-LN-RETA-00039,0.82,6.33,24.2,1.88,0,0.0494,2026-06-19,2026-06-19T19:57:24,53.0,1,11.5,1764978.0,0.31,4,1,6,3,3,733,0,226,0,2,2,0,IND,6.7,4.5,6.25,7.6,0.0831,-66.0,21.1,RETAIL_OTHER,0.0,0.0,0.0,0.0,0.0
10729,BANK007,Bank of Baroda,BOB-LN-RETA-00040,1.5,4.13,21.5,2.11,0,0.0475,2026-06-19,2026-06-19T19:57:24,24.0,2,1.6,1452661.0,0.21,0,2,5,2,3,790,0,151,0,0,4,0,IND,6.7,4.5,6.25,7.6,-0.0913,47.0,25.2,RETAIL_OTHER,0.0,0.0,0.0,0.0,0.0
10730,BANK007,Bank of Baroda,BOB-LN-CORP-00032,0.95,6.79,18.4,2.51,0,0.0338,2026-06-19,2026-06-19T19:57:24,48.0,5,11.1,24180974.0,0.35,1,1,4,3,2,787,0,238,0,0,1,0,IND,6.7,4.5,6.25,7.6,0.116,21.0,14.4,CORPORATE,0.0,0.0,0.0,0.0,0.0
10731,BANK007,Bank of Baroda,BOB-LN-CORP-00033,0.8,6.48,17.9,1.52,0,0.03,2026-06-19,2026-06-19T19:57:24,27.0,5,3.6,7829016.0,0.22,1,1,3,3,2,817,0,232,0,3,3,0,IND,6.7,4.5,6.25,7.6,0.3438,62.0,42.8,CORPORATE,0.0,0.0,0.0,0.0,0.0
10732,BANK007,Bank of Baroda,BOB-LN-SME-00017,0.95,8.43,6.2,2.87,0,0.0338,2026-06-19,2026-06-19T19:57:24,46.0,5,4.6,4179419.0,0.3,1,2,3,2,2,806,0,8,0,0,5,0,IND,6.7,4.5,6.25,7.6,0.5354,41.0,47.4,SME,0.0,0.0,0.0,0.0,0.0
10734,BANK007,Bank of Baroda,BOB-LN-CORP-00034,1.03,6.05,24.4,2.29,0,0.0358,2026-06-19,2026-06-19T19:57:24,43.0,5,7.5,19568047.0,0.3,0,2,1,1,2,798,0,48,0,2,5,0,IND,6.7,4.5,6.25,7.6,-0.3239,41.0,11.9,CORPORATE,0.0,0.0,0.0,0.0,0.0
10735,BANK007,Bank of Baroda,BOB-LN-CORP-00035,1.53,9.37,16.3,2.13,0,0.0483,2026-06-19,2026-06-19T19:57:24,38.0,2,6.4,17675822.0,0.23,3,2,2,1,2,782,0,40,0,2,1,0,IND,6.7,4.5,6.25,7.6,0.5737,-21.0,7.0,CORPORATE,0.0,0.0,0.0,0.0,0.0
10736,BANK007,Bank of Baroda,BOB-LN-RETA-00041,0.55,10.42,6.8,2.89,0,0.0497,2026-06-19,2026-06-19T19:57:24,44.0,1,13.9,1046474.0,0.41,0,1,6,3,1,732,0,88,0,3,3,0,IND,6.7,4.5,6.25,7.6,-0.1733,-40.0,13.9,RETAIL_OTHER,0.0,0.0,0.0,0.0,0.0
10737,BANK007,Bank of Baroda,BOB-LN-CORP-00036,1.25,5.49,16.0,1.72,0,0.0592,2026-06-19,2026-06-19T19:57:24,59.0,5,3.3,15197344.0,0.43,1,1,1,3,2,790,0,61,0,0,1,0,IND,6.7,4.5,6.25,7.6,-0.0435,9.0,45.2,CORPORATE,0.0,0.0,0.0,0.0,0.0
10738,BANK007,Bank of Baroda,BOB-LN-RETA-00042,1.12,7.67,19.8,2.97,0,0.038,2026-06-19,2026-06-19T19:57:24,44.0,2,12.5,2762000.0,0.18,3,1,5,3,3,786,0,102,0,2,3,0,IND,6.7,4.5,6.25,7.6,0.5039,-37.0,28.5,RETAIL_OTHER,0.0,0.0,0.0,0.0,0.0
10739,BANK007,Bank of Baroda,BOB-LN-RETA-00043,1.72,10.74,16.9,2.84,0,0.053,2026-06-19,2026-06-19T19:57:24,47.0,2,18.4,723806.0,0.35,3,1,6,3,4,786,0,208,0,3,2,0,IND,6.7,4.5,6.25,7.6,1.2602,-27.0,6.8,RETAIL_OTHER,0.0,0.0,0.0,0.0,0.0
10740,BANK007,Bank of Baroda,BOB-LN-CORP-00037,0.86,7.64,8.5,1.44,0,0.0315,2026-06-19,2026-06-19T19:57:24,26.0,5,3.9,18182955.0,0.37,3,2,2,1,2,783,0,198,0,0,2,0,IND,6.7,4.5,6.25,7.6,-0.417,40.0,20.9,CORPORATE,0.0,0.0,0.0,0.0,0.0
10741,BANK007,Bank of Baroda,BOB-LN-RETA-00044,1.98,9.97,24.8,2.05,0,0.0839,2026-06-19,2026-06-19T19:57:24,51.0,2,10.0,1198971.0,0.29,1,2,6,2,1,728,0,158,0,0,3,0,IND,6.7,4.5,6.25,7.6,0.1013,-11.0,41.2,RETAIL_OTHER,0.0,0.0,0.0,0.0,0.0
10742,BANK007,Bank of Baroda,BOB-LN-RETA-00045,1.85,9.03,10.9,1.4,0,0.0729,2026-06-19,2026-06-19T19:57:24,25.0,1,2.4,992854.0,0.39,4,2,5,3,3,735,0,177,0,0,4,0,IND,6.7,4.5,6.25,7.6,0.4613,19.0,12.7,RETAIL_OTHER,0.0,0.0,0.0,0.0,0.0
10743,BANK007,Bank of Baroda,BOB-LN-CORP-00038,0.44,13.85,17.7,2.33,0,0.021,2026-06-19,2026-06-19T19:57:24,44.0,2,4.2,14187074.0,0.24,1,2,4,2,2,788,0,54,0,0,2,0,IND,6.7,4.5,6.25,7.6,-0.3315,-9.0,46.5,CORPORATE,0.0,0.0,0.0,0.0,0.0
10744,BANK007,Bank of Baroda,BOB-LN-RETA-00046,1.41,4.4,19.4,2.54,0,0.0452,2026-06-19,2026-06-19T19:57:24,25.0,2,2.4,1087840.0,0.34,3,2,3,2,3,775,0,37,0,0,1,0,IND,6.7,4.5,6.25,7.6,0.7542,-5.0,49.3,RETAIL_OTHER,0.0,0.0,0.0,0.0,0.0
10745,BANK007,Bank of Baroda,BOB-LN-RETA-00047,1.34,8.49,13.8,1.43,0,0.0435,2026-06-19,2026-06-19T19:57:24,32.0,2,5.9,2491457.0,0.18,1,1,6,2,4,786,0,7,0,3,2,0,IND,6.7,4.5,6.25,7.6,-0.4715,41.0,36.5,RETAIL_OTHER,0.0,0.0,0.0,0.0,0.0
10746,BANK007,Bank of Baroda,BOB-LN-CORP-00039,1.81,5.94,11.5,1.63,0,0.083,2026-06-19,2026-06-19T19:57:24,62.0,5,16.1,21656316.0,0.19,1,2,2,3,2,725,0,167,0,3,4,0,IND,6.7,4.5,6.25,7.6,0.4093,0.0,36.8,CORPORATE,0.0,0.0,0.0,0.0,0.0
10747,BANK007,Bank of Baroda,BOB-LN-CORP-00040,1.17,10.09,22.9,2.21,0,0.0393,2026-06-19,2026-06-19T19:57:24,24.0,5,1.9,16339279.0,0.3,1,2,2,1,2,752,0,128,0,3,1,0,IND,6.7,4.5,6.25,7.6,-0.5327,-76.0,15.3,CORPORATE,0.0,0.0,0.0,0.0,0.0
10748,BANK007,Bank of Baroda,BOB-LN-RETA-00048,0.75,6.67,8.1,2.63,0,0.0288,2026-06-19,2026-06-19T19:57:24,60.0,4,15.4,764056.0,0.23,2,2,3,2,1,809,0,66,0,2,4,0,IND,6.7,4.5,6.25,7.6,0.2018,35.0,25.8,RETAIL_OTHER,0.0,0.0,0.0,0.0,0.0
10749,BANK007,Bank of Baroda,BOB-LN-RETA-00049,1.61,10.21,10.0,1.64,0,0.0547,2026-06-19,2026-06-19T19:57:24,24.0,2,1.1,593524.0,0.25,4,1,5,2,4,746,0,202,0,2,1,0,IND,6.7,4.5,6.25,7.6,0.6994,-20.0,37.5,RETAIL_OTHER,0.0,0.0,0.0,0.0,0.0
10750,BANK007,Bank of Baroda,BOB-LN-SME-00018,1.08,5.38,17.3,2.31,0,0.037,2026-06-19,2026-06-19T19:57:24,28.0,5,4.4,9577365.0,0.36,0,2,2,1,2,817,0,33,0,3,1,0,IND,6.7,4.5,6.25,7.6,-0.0333,62.0,27.7,SME,0.0,0.0,0.0,0.0,0.0
10751,BANK007,Bank of Baroda,BOB-LN-CORP-00041,3.12,1.56,-3.4,0.88,1,0.6244,2026-06-19,2026-06-19T19:57:24,53.0,5,23.9,16083966.0,0.6,3,1,3,2,2,593,0,231,4,2,4,0,IND,6.7,4.5,6.25,7.6,2.5162,-130.0,22.2,CORPORATE,0.0,0.0,0.0,0.0,0.0
10752,BANK007,Bank of Baroda,BOB-LN-RETA-00050,0.89,7.76,17.4,2.47,0,0.0323,2026-06-19,2026-06-19T19:57:24,60.0,2,14.4,2900121.0,0.38,1,2,6,1,4,786,0,148,0,0,4,0,IND,6.7,4.5,6.25,7.6,-0.1163,13.0,35.0,RETAIL_OTHER,0.0,0.0,0.0,0.0,0.0
10753,BANK007,Bank of Baroda,BOB-LN-CORP-00042,1.71,7.27,22.4,2.77,0,0.0639,2026-06-19,2026-06-19T19:57:24,43.0,5,8.4,7094150.0,0.29,4,2,4,1,2,740,0,146,0,0,1,0,IND,6.7,4.5,6.25,7.6,0.3657,-50.0,35.5,CORPORATE,0.0,0.0,0.0,0.0,0.0
10754,BANK007,Bank of Baroda,BOB-LN-SME-00019,1.4,8.27,14.1,2.69,0,0.045,2026-06-19,2026-06-19T19:57:24,25.0,4,2.6,7387523.0,0.27,3,1,1,1,2,759,0,226,0,3,5,0,IND,6.7,4.5,6.25,7.6,0.7027,-28.0,42.2,SME,0.0,0.0,0.0,0.0,0.0
10755,BANK007,Bank of Baroda,BOB-LN-RETA-00051,1.85,9.12,6.2,2.07,0,0.0563,2026-06-19,2026-06-19T19:57:24,57.0,2,20.8,727499.0,0.3,0,2,3,1,3,825,0,144,0,2,5,0,IND,6.7,4.5,6.25,7.6,0.2759,62.0,7.1,RETAIL_OTHER,0.0,0.0,0.0,0.0,0.0
10756,BANK007,Bank of Baroda,BOB-LN-CORP-00043,0.68,9.71,8.9,2.06,0,0.027,2026-06-19,2026-06-19T19:57:24,25.0,5,1.6,14427853.0,0.23,4,1,3,2,2,813,0,71,0,0,1,0,IND,6.7,4.5,6.25,7.6,-0.972,73.0,49.9,CORPORATE,0.0,0.0,0.0,0.0,0.0
10757,BANK007,Bank of Baroda,BOB-LN-RETA-00052,0.63,12.64,6.2,2.88,0,0.0258,2026-06-19,2026-06-19T19:57:24,27.0,2,1.9,2633554.0,0.28,2,2,6,2,4,767,0,180,0,3,4,0,IND,6.7,4.5,6.25,7.6,-0.2751,-10.0,45.8,RETAIL_OTHER,0.0,0.0,0.0,0.0,0.0
10758,BANK007,Bank of Baroda,BOB-LN-RETA-00053,1.01,6.99,7.1,2.92,0,0.043,2026-06-19,2026-06-19T19:57:24,31.0,2,3.1,1756455.0,0.23,0,2,6,2,1,743,0,205,0,0,3,0,IND,6.7,4.5,6.25,7.6,0.499,-85.0,40.5,RETAIL_OTHER,0.0,0.0,0.0,0.0,0.0
10759,BANK007,Bank of Baroda,BOB-LN-RETA-00054,1.17,7.74,19.8,2.68,0,0.0748,2026-06-19,2026-06-19T19:57:24,25.0,2,2.8,1783410.0,0.32,3,1,6,2,3,718,0,153,0,0,5,0,IND,6.7,4.5,6.25,7.6,0.7647,-80.0,39.7,RETAIL_OTHER,0.0,0.0,0.0,0.0,0.0
10760,BANK007,Bank of Baroda,BOB-LN-CORP-00044,0.46,3.77,24.9,1.71,0,0.0215,2026-06-19,2026-06-19T19:57:24,59.0,2,15.1,17054802.0,0.2,1,2,1,3,2,759,0,232,0,3,2,0,IND,6.7,4.5,6.25,7.6,-0.8049,10.0,18.9,CORPORATE,0.0,0.0,0.0,0.0,0.0
10761,BANK007,Bank of Baroda,BOB-LN-RETA-00055,1.13,5.29,17.2,2.69,0,0.0683,2026-06-19,2026-06-19T19:57:24,26.0,2,1.0,947514.0,0.21,0,1,3,1,1,723,0,167,0,0,3,0,IND,6.7,4.5,6.25,7.6,-0.222,-65.0,23.7,RETAIL_OTHER,0.0,0.0,0.0,0.0,0.0
10762,BANK007,Bank of Baroda,BOB-LN-RETA-00056,0.65,3.81,15.8,1.42,0,0.0374,2026-06-19,2026-06-19T19:57:24,26.0,2,1.1,2300638.0,0.37,1,2,5,2,3,740,0,195,0,0,5,0,IND,6.7,4.5,6.25,7.6,-0.6983,-11.0,28.1,RETAIL_OTHER,0.0,0.0,0.0,0.0,0.0
10763,BANK007,Bank of Baroda,BOB-LN-CORP-00045,1.07,3.96,24.8,2.55,0,0.0368,2026-06-19,2026-06-19T19:57:24,53.0,5,7.4,24443687.0,0.19,0,2,2,2,2,774,0,157,0,1,5,0,IND,6.7,4.5,6.25,7.6,-0.1798,3.0,37.4,CORPORATE,0.0,0.0,0.0,0.0,0.0
10764,BANK007,Bank of Baroda,BOB-LN-RETA-00057,1.44,11.24,20.3,2.78,0,0.046,2026-06-19,2026-06-19T19:57:24,53.0,2,5.0,1258626.0,0.23,0,2,3,3,3,799,0,91,0,1,5,0,IND,6.7,4.5,6.25,7.6,-0.152,61.0,9.9,RETAIL_OTHER,0.0,0.0,0.0,0.0,0.0
10765,BANK007,Bank of Baroda,BOB-LN-CORP-00046,0.86,13.54,17.8,1.57,0,0.0315,2026-06-19,2026-06-19T19:57:24,55.0,5,11.8,21248502.0,0.25,2,1,2,2,2,778,0,79,0,0,2,0,IND,6.7,4.5,6.25,7.6,-1.0971,-39.0,7.2,CORPORATE,0.0,0.0,0.0,0.0,0.0
10766,BANK007,Bank of Baroda,BOB-LN-CORP-00047,1.83,13.68,20.3,2.99,0,0.0558,2026-06-19,2026-06-19T19:57:24,58.0,5,29.1,5144092.0,0.22,3,1,4,2,2,795,0,145,0,2,3,0,IND,6.7,4.5,6.25,7.6,0.5256,-31.0,22.2,CORPORATE,0.0,0.0,0.0,0.0,0.0
10767,BANK007,Bank of Baroda,BOB-LN-RETA-00058,0.64,12.46,13.0,1.93,0,0.0304,2026-06-19,2026-06-19T19:57:24,38.0,2,8.4,1215582.0,0.27,3,2,3,3,4,746,0,160,0,0,3,0,IND,6.7,4.5,6.25,7.6,-0.2529,-21.0,19.9,RETAIL_OTHER,0.0,0.0,0.0,0.0,0.0
10768,BANK007,Bank of Baroda,BOB-LN-RETA-00059,1.79,10.09,15.0,2.48,0,0.0825,2026-06-19,2026-06-19T19:57:24,35.0,2,9.9,2911932.0,0.28,3,1,5,2,3,725,0,154,0,3,5,0,IND,6.7,4.5,6.25,7.6,0.2173,13.0,35.0,RETAIL_OTHER,0.0,0.0,0.0,0.0,0.0
10769,BANK007,Bank of Baroda,BOB-LN-CORP-00048,1.33,12.14,6.2,2.18,0,0.0433,2026-06-19,2026-06-19T19:57:24,28.0,5,2.4,15102310.0,0.38,4,2,3,2,2,757,0,184,0,2,1,0,IND,6.7,4.5,6.25,7.6,0.2708,-70.0,11.1,CORPORATE,0.0,0.0,0.0,0.0,0.0
10770,BANK007,Bank of Baroda,BOB-LN-RETA-00060,1.77,4.99,10.3,1.51,0,0.1049,2026-06-19,2026-06-19T19:57:24,43.0,2,1.6,1677938.0,0.44,1,2,5,1,1,726,0,214,0,0,2,0,IND,6.7,4.5,6.25,7.6,0.6903,-81.0,10.5,RETAIL_OTHER,0.0,0.0,0.0,0.0,0.0
10771,BANK007,Bank of Baroda,BOB-LN-CORP-00049,1.03,10.8,24.6,2.56,0,0.0537,2026-06-19,2026-06-19T19:57:24,36.0,5,6.7,18299962.0,0.43,1,1,4,3,2,824,0,174,0,0,1,0,IND,6.7,4.5,6.25,7.6,0.5265,89.0,31.2,CORPORATE,0.0,0.0,0.0,0.0,0.0
10773,BANK007,Bank of Baroda,BOB-LN-CORP-00050,1.48,10.43,19.0,2.27,0,0.047,2026-06-19,2026-06-19T19:57:24,26.0,5,1.9,9512676.0,0.33,4,1,4,2,2,770,0,105,0,3,1,0,IND,6.7,4.5,6.25,7.6,0.8299,53.0,30.0,CORPORATE,0.0,0.0,0.0,0.0,0.0
10774,BANK007,Bank of Baroda,BOB-LN-SME-00020,0.74,6.28,11.6,2.27,0,0.0285,2026-06-19,2026-06-19T19:57:24,30.0,4,7.8,5047869.0,0.24,4,2,2,3,2,812,0,57,0,3,1,0,IND,6.7,4.5,6.25,7.6,-0.8486,91.0,34.9,SME,0.0,0.0,0.0,0.0,0.0
10775,BANK007,Bank of Baroda,BOB-LN-RETA-00061,1.69,12.45,23.2,2.89,0,0.0523,2026-06-19,2026-06-19T19:57:24,40.0,2,12.2,1293188.0,0.34,4,2,4,3,3,803,0,216,0,3,3,0,IND,6.7,4.5,6.25,7.6,0.4544,47.0,48.8,RETAIL_OTHER,0.0,0.0,0.0,0.0,0.0
10776,BANK007,Bank of Baroda,BOB-LN-CORP-00051,0.84,3.81,21.0,1.77,0,0.031,2026-06-19,2026-06-19T19:57:24,39.0,5,7.8,19634192.0,0.23,1,2,4,2,2,780,0,237,0,0,2,0,IND,6.7,4.5,6.25,7.6,-0.924,-22.0,10.7,CORPORATE,0.0,0.0,0.0,0.0,0.0
10777,BANK007,Bank of Baroda,BOB-LN-CORP-00052,0.63,5.34,24.4,2.05,0,0.0346,2026-06-19,2026-06-19T19:57:24,31.0,5,7.4,18084573.0,0.4,1,2,3,2,2,742,0,196,0,1,4,0,IND,6.7,4.5,6.25,7.6,0.1405,-36.0,42.2,CORPORATE,0.0,0.0,0.0,0.0,0.0
10778,BANK007,Bank of Baroda,BOB-LN-CORP-00053,1.9,11.45,11.7,2.76,0,0.0917,2026-06-19,2026-06-19T19:57:24,40.0,5,1.1,18034924.0,0.42,0,1,2,2,2,730,0,106,0,2,3,0,IND,6.7,4.5,6.25,7.6,0.4898,-92.0,14.9,CORPORATE,0.0,0.0,0.0,0.0,0.0
10779,BANK007,Bank of Baroda,BOB-LN-CORP-00054,0.53,5.16,15.8,2.95,0,0.0232,2026-06-19,2026-06-19T19:57:24,44.0,5,9.4,5103206.0,0.35,4,1,4,3,2,816,0,166,0,2,3,0,IND,6.7,4.5,6.25,7.6,-0.0781,30.0,48.4,CORPORATE,0.0,0.0,0.0,0.0,0.0
10780,BANK007,Bank of Baroda,BOB-LN-RETA-00062,0.67,9.46,6.3,2.19,0,0.0387,2026-06-19,2026-06-19T19:57:24,59.0,1,13.4,2992096.0,0.42,2,1,3,2,3,808,0,72,0,1,1,0,IND,6.7,4.5,6.25,7.6,-0.4559,12.0,22.7,RETAIL_OTHER,0.0,0.0,0.0,0.0,0.0
10781,BANK007,Bank of Baroda,BOB-LN-CORP-00055,0.61,6.83,16.1,1.54,0,0.0541,2026-06-19,2026-06-19T19:57:24,40.0,5,5.4,11018733.0,0.26,3,1,1,3,2,724,0,134,0,3,3,0,IND,6.7,4.5,6.25,7.6,-1.3556,-49.0,35.4,CORPORATE,0.0,0.0,0.0,0.0,0.0
10782,BANK007,Bank of Baroda,BOB-LN-SME-00021,0.97,10.94,15.2,2.14,0,0.0343,2026-06-19,2026-06-19T19:57:24,27.0,5,2.9,7922045.0,0.37,3,1,4,2,2,818,0,35,0,3,1,0,IND,6.7,4.5,6.25,7.6,0.3331,64.0,20.6,SME,0.0,0.0,0.0,0.0,0.0
10783,BANK007,Bank of Baroda,BOB-LN-CORP-00056,1.89,9.04,18.3,1.44,0,0.0573,2026-06-19,2026-06-19T19:57:24,41.0,5,1.7,8118799.0,0.29,1,2,4,3,2,769,0,93,0,3,2,0,IND,6.7,4.5,6.25,7.6,0.0385,-2.0,9.1,CORPORATE,0.0,0.0,0.0,0.0,0.0
10784,BANK007,Bank of Baroda,BOB-LN-CORP-00057,0.54,4.92,9.6,2.69,0,0.0415,2026-06-19,2026-06-19T19:57:24,49.0,2,8.9,21331696.0,0.43,2,1,4,3,2,799,0,214,0,2,4,0,IND,6.7,4.5,6.25,7.6,-1.2344,63.0,22.1,CORPORATE,0.0,0.0,0.0,0.0,0.0
10785,BANK007,Bank of Baroda,BOB-LN-CORP-00058,1.58,9.76,16.5,1.79,0,0.0495,2026-06-19,2026-06-19T19:57:24,54.0,5,4.0,5264217.0,0.28,3,2,4,1,2,772,0,222,0,3,4,0,IND,6.7,4.5,6.25,7.6,0.3586,-30.0,52.0,CORPORATE,0.0,0.0,0.0,0.0,0.0
10786,BANK007,Bank of Baroda,BOB-LN-RETA-00063,0.61,6.58,19.5,2.93,0,0.0372,2026-06-19,2026-06-19T19:57:24,34.0,2,7.5,1321498.0,0.42,3,1,4,3,3,816,0,181,0,2,5,0,IND,6.7,4.5,6.25,7.6,-0.834,60.0,11.1,RETAIL_OTHER,0.0,0.0,0.0,0.0,0.0
10787,BANK009,Punjab National Bank,PNB-LN-CORP-00001,0.74,4.89,23.8,2.27,0,0.0285,2026-06-19,2026-06-19T20:36:51,61.0,5,25.9,6054043.0,0.24,3,1,2,1,2,770,0,24,0,1,3,0,IND,6.7,4.5,6.25,7.6,-0.4168,8.0,10.8,CORPORATE,0.0,0.0,0.0,0.0,0.0
10788,BANK009,Punjab National Bank,PNB-LN-CORP-00002,3.67,1.58,-5.2,0.84,1,0.5843,2026-06-19,2026-06-19T20:36:51,52.0,5,2.5,8285271.0,0.56,1,2,1,2,2,565,0,144,2,0,1,0,IND,6.7,4.5,6.25,7.6,2.8457,-245.0,41.5,CORPORATE,0.0,0.0,0.0,0.0,0.0
10789,BANK009,Punjab National Bank,PNB-LN-SME-00001,0.41,12.08,11.7,2.43,0,0.0262,2026-06-19,2026-06-19T20:36:51,28.0,5,1.8,4390647.0,0.41,4,1,2,2,2,830,0,219,0,2,5,0,IND,6.7,4.5,6.25,7.6,-0.4131,7.0,41.5,SME,0.0,0.0,0.0,0.0,0.0
10790,BANK009,Punjab National Bank,PNB-LN-RETA-00001,1.74,9.62,8.8,1.52,0,0.0546,2026-06-19,2026-06-19T20:36:51,45.0,2,3.5,440557.0,0.27,0,1,6,3,1,749,0,232,0,1,5,0,IND,6.7,4.5,6.25,7.6,-0.1529,-71.0,27.2,RETAIL_OTHER,0.0,0.0,0.0,0.0,0.0
10791,BANK009,Punjab National Bank,PNB-LN-CORP-00003,0.76,10.43,13.6,1.77,0,0.0826,2026-06-19,2026-06-19T20:36:51,39.0,2,14.1,11696552.0,0.43,1,1,1,2,2,718,0,123,0,2,3,0,IND,6.7,4.5,6.25,7.6,-0.0866,-74.0,47.8,CORPORATE,0.0,0.0,0.0,0.0,0.0
10792,BANK009,Punjab National Bank,PNB-LN-RETA-00002,1.21,10.5,12.2,2.49,0,0.0403,2026-06-19,2026-06-19T20:36:51,60.0,2,28.5,693491.0,0.21,2,2,4,2,3,780,0,90,0,2,1,0,IND,6.7,4.5,6.25,7.6,0.1373,-50.0,34.1,RETAIL_OTHER,0.0,0.0,0.0,0.0,0.0
10793,BANK009,Punjab National Bank,PNB-LN-CORP-00004,0.79,8.49,22.1,1.42,0,0.0357,2026-06-19,2026-06-19T20:36:51,29.0,5,2.3,15415948.0,0.41,0,2,1,1,2,763,0,56,0,1,1,0,IND,6.7,4.5,6.25,7.6,-0.5311,-38.0,50.4,CORPORATE,0.0,0.0,0.0,0.0,0.0
10794,BANK009,Punjab National Bank,PNB-LN-RETA-00003,1.84,11.31,15.0,1.74,0,0.066,2026-06-19,2026-06-19T20:36:51,31.0,2,7.5,2969650.0,0.4,3,1,5,2,4,741,0,234,0,3,5,0,IND,6.7,4.5,6.25,7.6,0.9963,-68.0,27.4,RETAIL_OTHER,0.0,0.0,0.0,0.0,0.0
10795,BANK009,Punjab National Bank,PNB-LN-SME-00002,1.16,13.4,11.7,1.96,0,0.057,2026-06-19,2026-06-19T20:36:51,50.0,5,25.4,5267168.0,0.43,3,1,2,2,2,824,0,155,0,0,5,0,IND,6.7,4.5,6.25,7.6,0.0896,19.0,51.0,SME,0.0,0.0,0.0,0.0,0.0
10796,BANK009,Punjab National Bank,PNB-LN-RETA-00004,1.6,12.24,10.8,1.44,0,0.0922,2026-06-19,2026-06-19T20:36:51,29.0,2,2.3,1773016.0,0.37,2,1,5,2,1,712,0,89,0,2,4,0,IND,6.7,4.5,6.25,7.6,1.1167,-42.0,8.4,RETAIL_OTHER,0.0,0.0,0.0,0.0,0.0
10797,BANK009,Punjab National Bank,PNB-LN-RETA-00005,1.76,9.8,8.3,2.97,0,0.054,2026-06-19,2026-06-19T20:36:51,34.0,2,1.8,1231855.0,0.19,2,1,6,2,3,810,0,182,0,1,1,0,IND,6.7,4.5,6.25,7.6,0.5076,16.0,23.4,RETAIL_OTHER,0.0,0.0,0.0,0.0,0.0
10798,BANK009,Punjab National Bank,PNB-LN-RETA-00006,1.47,7.03,15.4,1.85,0,0.0467,2026-06-19,2026-06-19T20:36:51,54.0,4,26.6,1569909.0,0.24,4,1,5,1,3,772,0,68,0,3,5,0,IND,6.7,4.5,6.25,7.6,-0.2065,19.0,42.8,RETAIL_OTHER,0.0,0.0,0.0,0.0,0.0
10799,BANK009,Punjab National Bank,PNB-LN-CORP-00005,1.32,8.43,14.4,1.61,0,0.0808,2026-06-19,2026-06-19T20:36:51,38.0,5,5.4,23567645.0,0.25,0,1,3,1,2,716,0,38,0,3,1,0,IND,6.7,4.5,6.25,7.6,-0.4588,-8.0,14.5,CORPORATE,0.0,0.0,0.0,0.0,0.0
10800,BANK009,Punjab National Bank,PNB-LN-RETA-00007,1.15,6.69,13.6,1.76,0,0.0387,2026-06-19,2026-06-19T20:36:51,31.0,2,7.0,2895795.0,0.31,0,2,3,1,3,779,0,151,0,2,4,0,IND,6.7,4.5,6.25,7.6,0.6213,64.0,32.6,RETAIL_OTHER,0.0,0.0,0.0,0.0,0.0
10801,BANK009,Punjab National Bank,PNB-LN-CORP-00006,1.51,6.53,24.0,2.68,0,0.0478,2026-06-19,2026-06-19T20:36:51,35.0,2,9.0,15772927.0,0.19,3,2,3,2,2,780,0,225,0,1,3,0,IND,6.7,4.5,6.25,7.6,0.9691,38.0,21.2,CORPORATE,0.0,0.0,0.0,0.0,0.0
10802,BANK009,Punjab National Bank,PNB-LN-CORP-00007,0.55,13.92,23.3,2.08,0,0.0515,2026-06-19,2026-06-19T20:36:51,59.0,5,21.6,13029490.0,0.35,3,2,1,3,2,725,0,85,0,0,5,0,IND,6.7,4.5,6.25,7.6,-0.0964,-104.0,20.0,CORPORATE,0.0,0.0,0.0,0.0,0.0
10803,BANK009,Punjab National Bank,PNB-LN-CORP-00008,4.52,1.31,1.3,1.06,1,0.7017,2026-06-19,2026-06-19T20:36:51,53.0,5,19.1,16360229.0,0.72,4,2,1,2,2,559,0,107,3,0,3,0,IND,6.7,4.5,6.25,7.6,2.6465,-180.0,51.4,CORPORATE,0.0,0.0,0.0,0.0,0.0
10804,BANK009,Punjab National Bank,PNB-LN-SME-00003,1.84,8.39,11.5,2.23,0,0.0904,2026-06-19,2026-06-19T20:36:51,35.0,4,6.5,3947737.0,0.29,0,1,4,3,2,719,0,71,0,3,3,0,IND,6.7,4.5,6.25,7.6,0.8871,-66.0,14.2,SME,0.0,0.0,0.0,0.0,0.0
10805,BANK009,Punjab National Bank,PNB-LN-CORP-00009,1.78,11.1,24.6,2.94,0,0.0545,2026-06-19,2026-06-19T20:36:51,58.0,5,24.3,16365397.0,0.32,1,2,4,2,2,812,0,125,0,0,2,0,IND,6.7,4.5,6.25,7.6,1.2355,52.0,7.3,CORPORATE,0.0,0.0,0.0,0.0,0.0
10806,BANK009,Punjab National Bank,PNB-LN-SME-00004,1.82,4.92,14.6,2.44,0,0.0555,2026-06-19,2026-06-19T20:36:51,28.0,5,1.2,9937817.0,0.36,1,1,2,1,2,805,0,132,0,0,1,0,IND,6.7,4.5,6.25,7.6,0.5557,20.0,39.8,SME,0.0,0.0,0.0,0.0,0.0
10807,BANK009,Punjab National Bank,PNB-LN-SME-00005,1.34,9.4,12.3,1.51,0,0.0495,2026-06-19,2026-06-19T20:36:51,40.0,5,13.7,2810041.0,0.41,0,2,1,1,2,755,0,101,0,1,5,0,IND,6.7,4.5,6.25,7.6,-0.5658,-9.0,33.2,SME,0.0,0.0,0.0,0.0,0.0
10808,BANK009,Punjab National Bank,PNB-LN-CORP-00010,0.58,10.62,17.3,2.2,0,0.0256,2026-06-19,2026-06-19T20:36:51,34.0,2,4.0,18897700.0,0.19,3,2,4,3,2,749,0,199,0,0,3,0,IND,6.7,4.5,6.25,7.6,-0.4524,-37.0,23.0,CORPORATE,0.0,0.0,0.0,0.0,0.0
10809,BANK009,Punjab National Bank,PNB-LN-RETA-00008,0.43,6.91,21.2,2.35,0,0.0208,2026-06-19,2026-06-19T20:36:51,49.0,4,19.4,2096272.0,0.36,3,1,6,3,1,816,0,112,0,2,1,0,IND,6.7,4.5,6.25,7.6,-0.549,51.0,9.0,RETAIL_OTHER,0.0,0.0,0.0,0.0,0.0
10810,BANK009,Punjab National Bank,PNB-LN-SME-00006,1.12,13.2,16.7,2.38,0,0.038,2026-06-19,2026-06-19T20:36:51,30.0,4,6.4,9980016.0,0.26,4,1,1,1,2,789,0,132,0,3,5,0,IND,6.7,4.5,6.25,7.6,-0.8336,39.0,34.1,SME,0.0,0.0,0.0,0.0,0.0
10811,BANK009,Punjab National Bank,PNB-LN-RETA-00009,0.57,12.94,12.5,2.51,0,0.0243,2026-06-19,2026-06-19T20:36:51,29.0,2,2.9,1189533.0,0.35,3,1,6,3,3,774,0,127,0,1,1,0,IND,6.7,4.5,6.25,7.6,0.1074,-26.0,12.5,RETAIL_OTHER,0.0,0.0,0.0,0.0,0.0
10812,BANK009,Punjab National Bank,PNB-LN-RETA-00010,0.55,10.54,15.7,1.33,0,0.0249,2026-06-19,2026-06-19T20:36:51,45.0,4,7.8,755337.0,0.23,4,2,6,1,3,749,0,102,0,2,2,0,IND,6.7,4.5,6.25,7.6,-0.1927,-59.0,7.2,RETAIL_OTHER,0.0,0.0,0.0,0.0,0.0
10813,BANK009,Punjab National Bank,PNB-LN-RETA-00011,1.91,5.83,14.6,1.89,0,0.0989,2026-06-19,2026-06-19T20:36:51,54.0,2,8.9,1072398.0,0.29,0,1,5,1,1,713,0,237,0,1,4,0,IND,6.7,4.5,6.25,7.6,0.8757,-44.0,41.7,RETAIL_OTHER,0.0,0.0,0.0,0.0,0.0
10814,BANK009,Punjab National Bank,PNB-LN-CORP-00011,1.79,6.99,8.4,1.93,0,0.0548,2026-06-19,2026-06-19T20:36:51,26.0,2,3.3,6228789.0,0.28,0,1,4,2,2,823,0,54,0,2,3,0,IND,6.7,4.5,6.25,7.6,0.6864,64.0,21.3,CORPORATE,0.0,0.0,0.0,0.0,0.0
10815,BANK009,Punjab National Bank,PNB-LN-CORP-00012,0.98,11.91,18.9,2.92,0,0.0589,2026-06-19,2026-06-19T20:36:51,52.0,2,9.0,19594181.0,0.4,3,2,1,3,2,728,0,208,0,0,1,0,IND,6.7,4.5,6.25,7.6,-0.5049,-38.0,48.2,CORPORATE,0.0,0.0,0.0,0.0,0.0
10816,BANK009,Punjab National Bank,PNB-LN-CORP-00013,0.74,9.92,19.2,3.0,0,0.0452,2026-06-19,2026-06-19T20:36:51,49.0,5,24.8,17985141.0,0.21,3,2,2,2,2,735,0,36,0,2,3,0,IND,6.7,4.5,6.25,7.6,-1.0245,-32.0,24.0,CORPORATE,0.0,0.0,0.0,0.0,0.0
10817,BANK009,Punjab National Bank,PNB-LN-CORP-00014,1.63,12.15,7.4,2.95,0,0.0508,2026-06-19,2026-06-19T20:36:51,25.0,5,3.0,18360031.0,0.2,3,2,1,1,2,792,0,190,0,3,5,0,IND,6.7,4.5,6.25,7.6,0.4847,16.0,25.4,CORPORATE,0.0,0.0,0.0,0.0,0.0
10818,BANK009,Punjab National Bank,PNB-LN-CORP-00015,1.55,9.85,22.0,2.26,0,0.0488,2026-06-19,2026-06-19T20:36:51,29.0,5,4.0,8134937.0,0.4,4,2,3,3,2,815,0,49,0,1,2,0,IND,6.7,4.5,6.25,7.6,1.02,23.0,49.8,CORPORATE,0.0,0.0,0.0,0.0,0.0
10819,BANK009,Punjab National Bank,PNB-LN-RETA-00012,1.62,8.91,8.0,1.71,0,0.0783,2026-06-19,2026-06-19T20:36:51,34.0,4,9.1,1739310.0,0.25,1,1,4,2,1,725,0,226,0,2,4,0,IND,6.7,4.5,6.25,7.6,0.8233,3.0,45.1,RETAIL_OTHER,0.0,0.0,0.0,0.0,0.0
10820,BANK009,Punjab National Bank,PNB-LN-RETA-00013,0.41,4.63,8.5,1.75,0,0.0203,2026-06-19,2026-06-19T20:36:51,49.0,2,16.5,2475736.0,0.38,4,1,3,2,1,756,0,221,0,3,3,0,IND,6.7,4.5,6.25,7.6,-0.5755,-5.0,15.5,RETAIL_OTHER,0.0,0.0,0.0,0.0,0.0
10821,BANK009,Punjab National Bank,PNB-LN-RETA-00014,1.83,4.97,23.7,1.84,0,0.0797,2026-06-19,2026-06-19T20:36:51,33.0,2,9.0,1796873.0,0.44,4,1,3,1,4,760,0,138,0,3,2,0,IND,6.7,4.5,6.25,7.6,0.2471,12.0,29.7,RETAIL_OTHER,0.0,0.0,0.0,0.0,0.0
10822,BANK009,Punjab National Bank,PNB-LN-RETA-00015,1.5,8.63,15.1,2.25,0,0.0475,2026-06-19,2026-06-19T20:36:51,53.0,4,17.2,1570237.0,0.39,1,1,6,1,4,829,0,63,0,2,3,0,IND,6.7,4.5,6.25,7.6,0.6625,104.0,30.1,RETAIL_OTHER,0.0,0.0,0.0,0.0,0.0
10823,BANK009,Punjab National Bank,PNB-LN-RETA-00016,0.93,8.46,18.9,1.53,0,0.0512,2026-06-19,2026-06-19T20:36:51,41.0,1,5.1,2627349.0,0.43,3,2,4,1,3,780,0,65,0,0,1,0,IND,6.7,4.5,6.25,7.6,0.2773,-13.0,20.8,RETAIL_OTHER,0.0,0.0,0.0,0.0,0.0
10824,BANK009,Punjab National Bank,PNB-LN-RETA-00017,1.24,12.84,8.5,2.16,0,0.0477,2026-06-19,2026-06-19T20:36:51,26.0,2,1.3,2928255.0,0.23,4,2,3,2,4,744,0,91,0,2,4,0,IND,6.7,4.5,6.25,7.6,0.6598,14.0,47.1,RETAIL_OTHER,0.0,0.0,0.0,0.0,0.0
10825,BANK009,Punjab National Bank,PNB-LN-CORP-00016,1.51,4.15,8.2,1.82,0,0.0478,2026-06-19,2026-06-19T20:36:51,32.0,2,3.7,16060389.0,0.36,2,2,2,2,2,761,0,191,0,0,3,0,IND,6.7,4.5,6.25,7.6,-0.367,-62.0,34.9,CORPORATE,0.0,0.0,0.0,0.0,0.0
10826,BANK009,Punjab National Bank,PNB-LN-SME-00007,0.64,6.95,15.9,1.5,0,0.0416,2026-06-19,2026-06-19T20:36:51,62.0,4,2.8,2941275.0,0.37,4,1,1,3,2,736,0,146,0,1,5,0,IND,6.7,4.5,6.25,7.6,-0.5421,-89.0,11.3,SME,0.0,0.0,0.0,0.0,0.0
10827,BANK009,Punjab National Bank,PNB-LN-RETA-00018,1.99,7.52,22.5,2.84,0,0.0598,2026-06-19,2026-06-19T20:36:51,51.0,2,12.4,1604145.0,0.2,2,1,6,1,4,758,0,202,0,1,4,0,IND,6.7,4.5,6.25,7.6,0.0474,-63.0,17.2,RETAIL_OTHER,0.0,0.0,0.0,0.0,0.0
10828,BANK009,Punjab National Bank,PNB-LN-CORP-00017,0.51,9.74,14.5,2.44,0,0.0227,2026-06-19,2026-06-19T20:36:51,38.0,5,10.2,19067380.0,0.19,1,2,1,1,2,821,0,232,0,0,2,0,IND,6.7,4.5,6.25,7.6,-1.0749,60.0,32.0,CORPORATE,0.0,0.0,0.0,0.0,0.0
10829,BANK009,Punjab National Bank,PNB-LN-RETA-00019,0.91,7.87,8.8,1.94,0,0.0328,2026-06-19,2026-06-19T20:36:51,38.0,2,9.3,2191809.0,0.32,4,2,4,3,3,806,0,18,0,2,4,0,IND,6.7,4.5,6.25,7.6,0.1245,68.0,38.3,RETAIL_OTHER,0.0,0.0,0.0,0.0,0.0
10830,BANK009,Punjab National Bank,PNB-LN-CORP-00018,1.79,7.0,24.2,1.33,0,0.0548,2026-06-19,2026-06-19T20:36:51,58.0,5,22.0,24716036.0,0.23,1,1,1,1,2,829,0,149,0,1,4,0,IND,6.7,4.5,6.25,7.6,0.2036,24.0,37.4,CORPORATE,0.0,0.0,0.0,0.0,0.0
10831,BANK009,Punjab National Bank,PNB-LN-SME-00008,0.71,5.92,16.8,1.72,0,0.0277,2026-06-19,2026-06-19T20:36:51,44.0,4,20.6,6641513.0,0.35,1,2,2,1,2,780,0,154,0,3,3,0,IND,6.7,4.5,6.25,7.6,-0.7858,38.0,9.5,SME,0.0,0.0,0.0,0.0,0.0
10832,BANK009,Punjab National Bank,PNB-LN-SME-00009,3.03,1.68,-7.8,0.92,1,0.8402,2026-06-19,2026-06-19T20:36:51,38.0,5,11.0,7349655.0,0.69,0,2,3,1,2,620,1,163,4,3,4,0,IND,6.7,4.5,6.25,7.6,1.3289,-176.0,52.2,SME,0.0,0.0,0.0,0.0,0.0
10833,BANK009,Punjab National Bank,PNB-LN-SME-00010,1.2,8.06,20.9,2.26,0,0.058,2026-06-19,2026-06-19T20:36:51,43.0,5,12.1,5163927.0,0.43,0,1,4,2,2,819,0,20,0,0,2,0,IND,6.7,4.5,6.25,7.6,-0.6317,-8.0,24.6,SME,0.0,0.0,0.0,0.0,0.0
10834,BANK009,Punjab National Bank,PNB-LN-CORP-00019,0.49,8.09,21.9,1.88,0,0.0222,2026-06-19,2026-06-19T20:36:51,43.0,5,16.8,9695962.0,0.34,2,1,4,3,2,808,0,182,0,0,5,0,IND,6.7,4.5,6.25,7.6,-0.863,-1.0,19.0,CORPORATE,0.0,0.0,0.0,0.0,0.0
10835,BANK009,Punjab National Bank,PNB-LN-SME-00011,1.62,4.57,7.7,2.03,0,0.0505,2026-06-19,2026-06-19T20:36:51,28.0,4,1.5,5025772.0,0.32,2,1,4,2,2,781,0,7,0,2,4,0,IND,6.7,4.5,6.25,7.6,0.5671,68.0,6.0,SME,0.0,0.0,0.0,0.0,0.0
10836,BANK009,Punjab National Bank,PNB-LN-RETA-00020,1.91,11.07,15.4,2.35,0,0.0578,2026-06-19,2026-06-19T20:36:51,34.0,1,5.6,1557467.0,0.21,2,2,3,1,3,768,0,129,0,0,3,0,IND,6.7,4.5,6.25,7.6,1.0225,8.0,48.4,RETAIL_OTHER,0.0,0.0,0.0,0.0,0.0
10837,BANK009,Punjab National Bank,PNB-LN-RETA-00021,1.92,8.35,19.5,2.05,0,0.0613,2026-06-19,2026-06-19T20:36:51,44.0,4,13.4,1238022.0,0.4,0,1,3,3,3,747,0,145,0,1,5,0,IND,6.7,4.5,6.25,7.6,1.4093,-71.0,10.0,RETAIL_OTHER,0.0,0.0,0.0,0.0,0.0
10839,BANK009,Punjab National Bank,PNB-LN-CORP-00020,0.72,4.7,18.7,2.13,0,0.028,2026-06-19,2026-06-19T20:36:51,52.0,5,17.7,7099291.0,0.26,2,1,3,3,2,791,0,210,0,1,3,0,IND,6.7,4.5,6.25,7.6,-0.3018,31.0,7.4,CORPORATE,0.0,0.0,0.0,0.0,0.0
10840,BANK009,Punjab National Bank,PNB-LN-SME-00012,1.28,4.69,8.2,2.62,0,0.066,2026-06-19,2026-06-19T20:36:51,34.0,4,4.2,6509787.0,0.44,3,1,1,2,2,815,0,205,0,3,5,0,IND,6.7,4.5,6.25,7.6,0.0127,9.0,49.2,SME,0.0,0.0,0.0,0.0,0.0
10841,BANK009,Punjab National Bank,PNB-LN-SME-00013,1.35,5.27,24.6,1.8,0,0.0438,2026-06-19,2026-06-19T20:36:51,61.0,4,7.0,8824383.0,0.25,2,1,2,1,2,783,0,21,0,2,5,0,IND,6.7,4.5,6.25,7.6,-0.4228,-42.0,19.2,SME,0.0,0.0,0.0,0.0,0.0
10843,BANK009,Punjab National Bank,PNB-LN-RETA-00022,1.45,10.89,6.0,2.11,0,0.0729,2026-06-19,2026-06-19T20:36:51,43.0,4,2.0,1094262.0,0.33,3,2,3,2,1,726,0,166,0,2,2,0,IND,6.7,4.5,6.25,7.6,0.2189,-40.0,51.8,RETAIL_OTHER,0.0,0.0,0.0,0.0,0.0
10844,BANK009,Punjab National Bank,PNB-LN-RETA-00023,1.39,8.15,10.1,2.82,0,0.0703,2026-06-19,2026-06-19T20:36:51,32.0,2,5.0,1088354.0,0.38,3,2,3,3,3,727,0,190,0,1,2,0,IND,6.7,4.5,6.25,7.6,0.0467,-32.0,38.1,RETAIL_OTHER,0.0,0.0,0.0,0.0,0.0
10845,BANK009,Punjab National Bank,PNB-LN-SME-00014,0.98,10.67,20.5,2.92,0,0.0345,2026-06-19,2026-06-19T20:36:51,27.0,5,4.7,5029111.0,0.2,3,1,1,3,2,808,0,39,0,3,5,0,IND,6.7,4.5,6.25,7.6,-0.3598,97.0,51.9,SME,0.0,0.0,0.0,0.0,0.0
10846,BANK009,Punjab National Bank,PNB-LN-CORP-00021,0.54,8.06,14.6,2.34,0,0.0246,2026-06-19,2026-06-19T20:36:51,29.0,5,2.9,7218454.0,0.35,1,2,4,3,2,749,0,117,0,1,1,0,IND,6.7,4.5,6.25,7.6,-0.9129,17.0,24.4,CORPORATE,0.0,0.0,0.0,0.0,0.0
10847,BANK009,Punjab National Bank,PNB-LN-CORP-00022,0.81,4.58,16.9,2.53,0,0.0425,2026-06-19,2026-06-19T20:36:51,41.0,5,2.0,17083752.0,0.37,1,2,4,2,2,739,0,225,0,1,3,0,IND,6.7,4.5,6.25,7.6,0.4059,-80.0,50.3,CORPORATE,0.0,0.0,0.0,0.0,0.0
10850,BANK009,Punjab National Bank,PNB-LN-RETA-00024,1.85,12.21,12.3,1.37,0,0.0563,2026-06-19,2026-06-19T20:36:51,49.0,2,26.9,491436.0,0.19,0,1,5,1,4,769,0,56,0,3,2,0,IND,6.7,4.5,6.25,7.6,-0.0286,4.0,8.0,RETAIL_OTHER,0.0,0.0,0.0,0.0,0.0
10851,BANK009,Punjab National Bank,PNB-LN-RETA-00025,1.17,11.71,12.5,2.26,0,0.0393,2026-06-19,2026-06-19T20:36:51,50.0,1,7.7,2605424.0,0.28,2,2,6,1,4,751,0,211,0,0,4,0,IND,6.7,4.5,6.25,7.6,0.4823,1.0,28.3,RETAIL_OTHER,0.0,0.0,0.0,0.0,0.0
10852,BANK009,Punjab National Bank,PNB-LN-SME-00015,1.53,7.19,16.8,1.54,0,0.066,2026-06-19,2026-06-19T20:36:51,38.0,4,13.1,4667613.0,0.4,0,1,2,3,2,734,0,184,0,2,5,0,IND,6.7,4.5,6.25,7.6,-0.1666,-39.0,27.3,SME,0.0,0.0,0.0,0.0,0.0
10853,BANK009,Punjab National Bank,PNB-LN-CORP-00023,1.96,11.19,14.3,2.39,0,0.059,2026-06-19,2026-06-19T20:36:51,33.0,5,6.9,18273984.0,0.35,1,1,3,3,2,772,0,92,0,2,3,0,IND,6.7,4.5,6.25,7.6,1.2813,-9.0,44.5,CORPORATE,0.0,0.0,0.0,0.0,0.0
10854,BANK009,Punjab National Bank,PNB-LN-RETA-00026,0.82,6.12,7.3,1.74,0,0.0605,2026-06-19,2026-06-19T20:36:51,55.0,4,24.8,772143.0,0.37,0,1,5,1,4,723,0,177,0,2,4,0,IND,6.7,4.5,6.25,7.6,0.343,-43.0,27.1,RETAIL_OTHER,0.0,0.0,0.0,0.0,0.0
10855,BANK009,Punjab National Bank,PNB-LN-RETA-00027,1.75,6.74,13.6,2.13,0,0.0538,2026-06-19,2026-06-19T20:36:51,27.0,2,1.8,507943.0,0.25,3,1,6,1,1,794,0,169,0,2,1,0,IND,6.7,4.5,6.25,7.6,0.323,35.0,14.8,RETAIL_OTHER,0.0,0.0,0.0,0.0,0.0
10858,BANK009,Punjab National Bank,PNB-LN-SME-00016,1.71,8.91,9.0,1.83,0,0.0528,2026-06-19,2026-06-19T20:36:51,44.0,5,18.3,9662429.0,0.28,2,1,2,2,2,774,0,195,0,3,5,0,IND,6.7,4.5,6.25,7.6,0.0612,-3.0,35.7,SME,0.0,0.0,0.0,0.0,0.0
10859,BANK009,Punjab National Bank,PNB-LN-SME-00017,1.02,5.21,16.9,2.94,0,0.0355,2026-06-19,2026-06-19T20:36:51,39.0,5,14.4,3371651.0,0.24,0,1,3,2,2,819,0,72,0,0,3,0,IND,6.7,4.5,6.25,7.6,0.2598,83.0,25.0,SME,0.0,0.0,0.0,0.0,0.0
10861,BANK009,Punjab National Bank,PNB-LN-CORP-00024,1.06,12.64,8.9,2.99,0,0.0365,2026-06-19,2026-06-19T20:36:51,54.0,5,4.5,21793234.0,0.29,2,1,4,1,2,753,0,180,0,3,5,0,IND,6.7,4.5,6.25,7.6,-0.251,-73.0,10.3,CORPORATE,0.0,0.0,0.0,0.0,0.0
10862,BANK009,Punjab National Bank,PNB-LN-RETA-00028,1.22,9.99,11.4,2.63,0,0.0405,2026-06-19,2026-06-19T20:36:51,31.0,2,6.3,823540.0,0.23,0,2,5,2,4,773,0,75,0,1,4,0,IND,6.7,4.5,6.25,7.6,0.5004,30.0,16.9,RETAIL_OTHER,0.0,0.0,0.0,0.0,0.0
10863,BANK009,Punjab National Bank,PNB-LN-RETA-00029,1.07,9.7,21.2,2.45,0,0.0556,2026-06-19,2026-06-19T20:36:51,31.0,2,2.1,874193.0,0.34,0,1,6,3,1,733,0,191,0,0,2,0,IND,6.7,4.5,6.25,7.6,-0.5767,-55.0,18.7,RETAIL_OTHER,0.0,0.0,0.0,0.0,0.0
10864,BANK009,Punjab National Bank,PNB-LN-RETA-00030,0.52,8.66,10.6,2.95,0,0.0608,2026-06-19,2026-06-19T20:36:51,39.0,2,1.2,628866.0,0.31,1,2,4,3,3,716,0,46,0,3,4,0,IND,6.7,4.5,6.25,7.6,-0.7608,-42.0,16.1,RETAIL_OTHER,0.0,0.0,0.0,0.0,0.0
10865,BANK009,Punjab National Bank,PNB-LN-SME-00018,0.6,12.86,14.7,2.3,0,0.025,2026-06-19,2026-06-19T20:36:51,40.0,4,6.7,8012852.0,0.22,4,1,4,1,2,774,0,199,0,3,1,0,IND,6.7,4.5,6.25,7.6,-0.5981,-3.0,42.9,SME,0.0,0.0,0.0,0.0,0.0
10866,BANK009,Punjab National Bank,PNB-LN-RETA-00031,1.49,5.04,7.2,2.63,0,0.0628,2026-06-19,2026-06-19T20:36:51,58.0,2,20.4,622570.0,0.38,2,1,3,2,3,736,0,57,0,2,2,0,IND,6.7,4.5,6.25,7.6,1.0383,-78.0,47.2,RETAIL_OTHER,0.0,0.0,0.0,0.0,0.0
10867,BANK009,Punjab National Bank,PNB-LN-CORP-00025,0.68,10.67,9.6,1.6,0,0.027,2026-06-19,2026-06-19T20:36:51,40.0,5,13.6,23341360.0,0.21,3,1,3,3,2,775,0,56,0,1,3,0,IND,6.7,4.5,6.25,7.6,0.215,30.0,6.9,CORPORATE,0.0,0.0,0.0,0.0,0.0
10868,BANK009,Punjab National Bank,PNB-LN-SME-00019,0.53,4.51,24.5,2.61,0,0.0232,2026-06-19,2026-06-19T20:36:51,31.0,5,4.9,5737602.0,0.18,4,2,3,3,2,778,0,81,0,1,3,0,IND,6.7,4.5,6.25,7.6,0.0252,-17.0,9.9,SME,0.0,0.0,0.0,0.0,0.0
10869,BANK009,Punjab National Bank,PNB-LN-CORP-00026,1.48,9.12,18.2,2.35,0,0.047,2026-06-19,2026-06-19T20:36:51,35.0,5,8.6,20137265.0,0.37,3,1,4,2,2,806,0,116,0,2,1,0,IND,6.7,4.5,6.25,7.6,1.0072,-12.0,46.7,CORPORATE,0.0,0.0,0.0,0.0,0.0
10870,BANK009,Punjab National Bank,PNB-LN-RETA-00032,1.47,5.96,11.4,1.42,0,0.0645,2026-06-19,2026-06-19T20:36:51,59.0,2,22.0,1228029.0,0.26,1,1,5,1,4,734,0,130,0,2,3,0,IND,6.7,4.5,6.25,7.6,0.349,-54.0,25.9,RETAIL_OTHER,0.0,0.0,0.0,0.0,0.0
10871,BANK009,Punjab National Bank,PNB-LN-CORP-00027,0.82,12.81,7.5,1.43,0,0.0727,2026-06-19,2026-06-19T20:36:51,45.0,2,19.5,7750580.0,0.4,1,2,1,1,2,712,0,225,0,1,5,0,IND,6.7,4.5,6.25,7.6,-0.5906,-102.0,39.2,CORPORATE,0.0,0.0,0.0,0.0,0.0
10872,BANK009,Punjab National Bank,PNB-LN-RETA-00033,0.46,11.5,10.4,1.75,0,0.0337,2026-06-19,2026-06-19T20:36:51,24.0,1,1.9,2775474.0,0.19,2,1,6,1,3,739,0,174,0,1,4,0,IND,6.7,4.5,6.25,7.6,-0.2708,-87.0,32.0,RETAIL_OTHER,0.0,0.0,0.0,0.0,0.0
10873,BANK009,Punjab National Bank,PNB-LN-CORP-00028,0.77,8.9,11.3,1.56,0,0.0515,2026-06-19,2026-06-19T20:36:51,61.0,2,26.7,21176930.0,0.27,1,2,3,2,2,730,0,7,0,1,4,0,IND,6.7,4.5,6.25,7.6,-0.7777,5.0,14.6,CORPORATE,0.0,0.0,0.0,0.0,0.0
10874,BANK009,Punjab National Bank,PNB-LN-RETA-00034,1.6,4.48,18.5,2.83,0,0.05,2026-06-19,2026-06-19T20:36:51,48.0,2,5.4,803905.0,0.4,4,2,6,1,4,779,0,236,0,0,5,0,IND,6.7,4.5,6.25,7.6,-0.2352,-30.0,48.0,RETAIL_OTHER,0.0,0.0,0.0,0.0,0.0
10875,BANK009,Punjab National Bank,PNB-LN-RETA-00035,0.59,3.58,18.4,2.47,0,0.0248,2026-06-19,2026-06-19T20:36:51,40.0,2,13.1,422940.0,0.29,4,1,6,2,4,750,0,208,0,0,5,0,IND,6.7,4.5,6.25,7.6,0.0195,-14.0,23.0,RETAIL_OTHER,0.0,0.0,0.0,0.0,0.0
10876,BANK009,Punjab National Bank,PNB-LN-SME-00020,1.65,8.86,19.3,2.35,0,0.0513,2026-06-19,2026-06-19T20:36:51,48.0,5,12.0,6147062.0,0.19,0,1,2,3,2,796,0,57,0,2,2,0,IND,6.7,4.5,6.25,7.6,0.8672,86.0,9.3,SME,0.0,0.0,0.0,0.0,0.0
10877,BANK009,Punjab National Bank,PNB-LN-CORP-00029,0.55,10.57,21.6,1.43,0,0.0238,2026-06-19,2026-06-19T20:36:51,40.0,5,9.8,16847944.0,0.23,2,1,3,2,2,829,0,8,0,2,2,0,IND,6.7,4.5,6.25,7.6,-0.3522,92.0,25.7,CORPORATE,0.0,0.0,0.0,0.0,0.0
10878,BANK009,Punjab National Bank,PNB-LN-RETA-00036,1.5,4.13,21.5,2.11,0,0.0475,2026-06-19,2026-06-19T20:36:51,24.0,2,1.6,1452661.0,0.21,0,2,5,2,3,790,0,151,0,0,4,0,IND,6.7,4.5,6.25,7.6,-0.0913,47.0,25.2,RETAIL_OTHER,0.0,0.0,0.0,0.0,0.0
10879,BANK009,Punjab National Bank,PNB-LN-SME-00021,0.95,6.79,18.4,2.51,0,0.0338,2026-06-19,2026-06-19T20:36:51,48.0,4,15.3,7136429.0,0.35,1,1,4,3,2,787,0,223,0,0,1,0,IND,6.7,4.5,6.25,7.6,0.116,21.0,27.2,SME,0.0,0.0,0.0,0.0,0.0
10880,BANK009,Punjab National Bank,PNB-LN-CORP-00030,0.8,6.48,17.9,1.52,0,0.03,2026-06-19,2026-06-19T20:36:51,27.0,5,3.6,7829016.0,0.22,1,1,3,3,2,817,0,232,0,3,3,0,IND,6.7,4.5,6.25,7.6,0.3438,62.0,42.8,CORPORATE,0.0,0.0,0.0,0.0,0.0
10881,BANK009,Punjab National Bank,PNB-LN-CORP-00031,0.95,8.43,6.2,2.87,0,0.0338,2026-06-19,2026-06-19T20:36:51,46.0,2,4.6,13717677.0,0.3,1,2,3,2,2,806,0,8,0,0,5,0,IND,6.7,4.5,6.25,7.6,0.5354,41.0,47.4,CORPORATE,0.0,0.0,0.0,0.0,0.0
10884,BANK009,Punjab National Bank,PNB-LN-CORP-00032,1.27,6.9,14.9,2.78,0,0.0537,2026-06-19,2026-06-19T20:36:51,48.0,2,14.6,14888980.0,0.42,1,1,4,3,2,786,0,131,0,1,5,0,IND,6.7,4.5,6.25,7.6,-0.0172,68.0,7.7,CORPORATE,0.0,0.0,0.0,0.0,0.0
10885,BANK009,Punjab National Bank,PNB-LN-CORP-00033,0.69,3.83,8.0,1.63,0,0.0673,2026-06-19,2026-06-19T20:36:51,48.0,5,3.8,15805334.0,0.33,1,2,3,2,2,714,0,139,0,0,1,0,IND,6.7,4.5,6.25,7.6,-1.0481,-80.0,52.1,CORPORATE,0.0,0.0,0.0,0.0,0.0
10886,BANK009,Punjab National Bank,PNB-LN-RETA-00037,1.24,6.11,17.9,1.6,0,0.041,2026-06-19,2026-06-19T20:36:51,27.0,4,1.4,807347.0,0.33,1,2,3,1,4,805,0,65,0,3,2,0,IND,6.7,4.5,6.25,7.6,-0.3538,-3.0,48.3,RETAIL_OTHER,0.0,0.0,0.0,0.0,0.0
10887,BANK009,Punjab National Bank,PNB-LN-RETA-00038,0.43,4.92,22.9,1.31,0,0.0341,2026-06-19,2026-06-19T20:36:51,44.0,2,21.2,2276950.0,0.24,4,2,5,2,4,738,0,6,0,0,3,0,IND,6.7,4.5,6.25,7.6,-0.4738,-70.0,37.5,RETAIL_OTHER,0.0,0.0,0.0,0.0,0.0
10888,BANK009,Punjab National Bank,PNB-LN-RETA-00039,1.87,7.01,22.7,2.04,0,0.0627,2026-06-19,2026-06-19T20:36:51,44.0,2,1.8,1659940.0,0.41,0,1,3,3,4,829,0,212,0,3,1,0,IND,6.7,4.5,6.25,7.6,0.0783,90.0,32.9,RETAIL_OTHER,0.0,0.0,0.0,0.0,0.0
10889,BANK009,Punjab National Bank,PNB-LN-RETA-00040,1.04,8.06,19.3,2.6,0,0.036,2026-06-19,2026-06-19T20:36:51,62.0,1,17.6,2395879.0,0.33,0,1,4,2,4,771,0,18,0,3,3,0,IND,6.7,4.5,6.25,7.6,-0.1406,-22.0,7.1,RETAIL_OTHER,0.0,0.0,0.0,0.0,0.0
10890,BANK009,Punjab National Bank,PNB-LN-CORP-00034,1.58,6.05,17.8,1.55,0,0.0495,2026-06-19,2026-06-19T20:36:51,46.0,2,5.6,12834610.0,0.39,0,1,2,2,2,816,0,101,0,1,1,0,IND,6.7,4.5,6.25,7.6,1.158,18.0,43.8,CORPORATE,0.0,0.0,0.0,0.0,0.0
10891,BANK009,Punjab National Bank,PNB-LN-RETA-00041,1.46,13.09,12.8,1.48,0,0.0558,2026-06-19,2026-06-19T20:36:51,40.0,2,12.1,2350187.0,0.41,2,1,5,1,3,747,0,8,0,0,4,0,IND,6.7,4.5,6.25,7.6,0.0209,8.0,17.3,RETAIL_OTHER,0.0,0.0,0.0,0.0,0.0
10892,BANK009,Punjab National Bank,PNB-LN-SME-00022,1.92,5.87,12.5,1.97,0,0.0836,2026-06-19,2026-06-19T20:36:51,34.0,4,1.7,8810650.0,0.2,4,2,2,3,2,727,0,71,0,3,1,0,IND,6.7,4.5,6.25,7.6,0.9085,-69.0,27.3,SME,0.0,0.0,0.0,0.0,0.0
10893,BANK009,Punjab National Bank,PNB-LN-CORP-00035,0.7,8.12,22.8,2.62,0,0.0319,2026-06-19,2026-06-19T20:36:51,60.0,5,29.5,18274508.0,0.3,0,2,2,3,2,746,0,16,0,3,5,0,IND,6.7,4.5,6.25,7.6,-0.3759,-42.0,23.2,CORPORATE,0.0,0.0,0.0,0.0,0.0
10894,BANK009,Punjab National Bank,PNB-LN-RETA-00042,0.98,3.88,20.6,1.85,0,0.0345,2026-06-19,2026-06-19T20:36:51,45.0,1,13.6,2895480.0,0.28,4,2,5,3,4,824,0,149,0,1,4,0,IND,6.7,4.5,6.25,7.6,0.4717,60.0,15.9,RETAIL_OTHER,0.0,0.0,0.0,0.0,0.0
10895,BANK009,Punjab National Bank,PNB-LN-RETA-00043,1.81,5.94,11.5,1.63,0,0.083,2026-06-19,2026-06-19T20:36:51,51.0,4,15.6,2482039.0,0.19,1,2,4,3,4,725,0,167,0,3,4,0,IND,6.7,4.5,6.25,7.6,0.4093,0.0,40.2,RETAIL_OTHER,0.0,0.0,0.0,0.0,0.0
10896,BANK009,Punjab National Bank,PNB-LN-CORP-00036,0.83,4.41,22.7,1.93,0,0.0487,2026-06-19,2026-06-19T20:36:51,28.0,2,1.9,18071675.0,0.43,0,2,2,3,2,816,0,35,0,2,3,0,IND,6.7,4.5,6.25,7.6,0.0842,68.0,26.2,CORPORATE,0.0,0.0,0.0,0.0,0.0
10897,BANK009,Punjab National Bank,PNB-LN-CORP-00037,1.82,4.58,20.6,2.57,0,0.0977,2026-06-19,2026-06-19T20:36:51,30.0,2,5.8,6477400.0,0.33,3,2,1,1,2,712,0,158,0,0,3,0,IND,6.7,4.5,6.25,7.6,0.9206,-112.0,25.5,CORPORATE,0.0,0.0,0.0,0.0,0.0
10898,BANK009,Punjab National Bank,PNB-LN-RETA-00044,0.48,3.8,23.2,1.39,0,0.022,2026-06-19,2026-06-19T20:36:51,58.0,4,10.0,698814.0,0.19,3,1,4,1,4,759,0,234,0,2,5,0,IND,6.7,4.5,6.25,7.6,-0.6023,27.0,27.7,RETAIL_OTHER,0.0,0.0,0.0,0.0,0.0
10899,BANK009,Punjab National Bank,PNB-LN-RETA-00045,0.45,8.49,12.7,2.08,0,0.0424,2026-06-19,2026-06-19T20:36:51,53.0,4,23.9,1785495.0,0.25,3,1,5,2,1,731,0,231,0,2,4,0,IND,6.7,4.5,6.25,7.6,-0.5078,-52.0,44.2,RETAIL_OTHER,0.0,0.0,0.0,0.0,0.0
10901,BANK009,Punjab National Bank,PNB-LN-CORP-00038,0.5,12.96,24.4,1.3,0,0.0225,2026-06-19,2026-06-19T20:36:51,36.0,5,8.6,7995988.0,0.39,2,2,4,3,2,781,0,162,0,3,2,0,IND,6.7,4.5,6.25,7.6,-0.4748,-39.0,19.4,CORPORATE,0.0,0.0,0.0,0.0,0.0
10902,BANK009,Punjab National Bank,PNB-LN-RETA-00046,0.54,10.24,13.9,2.08,0,0.0235,2026-06-19,2026-06-19T20:36:51,50.0,1,4.9,465883.0,0.36,1,2,3,1,1,810,0,232,0,3,4,0,IND,6.7,4.5,6.25,7.6,-1.3485,21.0,42.3,RETAIL_OTHER,0.0,0.0,0.0,0.0,0.0
10903,BANK009,Punjab National Bank,PNB-LN-CORP-00039,0.53,12.84,7.7,2.1,0,0.0232,2026-06-19,2026-06-19T20:36:51,60.0,5,5.1,7686472.0,0.35,4,2,1,3,2,804,0,193,0,2,4,0,IND,6.7,4.5,6.25,7.6,-0.9399,7.0,47.8,CORPORATE,0.0,0.0,0.0,0.0,0.0
10904,BANK009,Punjab National Bank,PNB-LN-SME-00023,1.39,6.39,10.9,2.56,0,0.0447,2026-06-19,2026-06-19T20:36:51,27.0,4,1.5,2692145.0,0.23,1,2,1,2,2,787,0,25,0,2,3,0,IND,6.7,4.5,6.25,7.6,0.0432,58.0,40.4,SME,0.0,0.0,0.0,0.0,0.0
10905,BANK009,Punjab National Bank,PNB-LN-SME-00024,1.16,8.5,24.0,2.87,0,0.0512,2026-06-19,2026-06-19T20:36:51,39.0,4,14.1,8337458.0,0.28,3,2,1,3,2,739,0,19,0,1,4,0,IND,6.7,4.5,6.25,7.6,-0.369,-31.0,8.9,SME,0.0,0.0,0.0,0.0,0.0
10906,BANK009,Punjab National Bank,PNB-LN-CORP-00040,1.48,13.93,12.0,1.32,0,0.0903,2026-06-19,2026-06-19T20:36:51,41.0,2,14.2,13113359.0,0.4,2,2,4,3,2,711,0,156,0,1,5,0,IND,6.7,4.5,6.25,7.6,1.0609,-11.0,19.9,CORPORATE,0.0,0.0,0.0,0.0,0.0
10907,BANK009,Punjab National Bank,PNB-LN-RETA-00047,0.66,4.28,20.8,1.95,0,0.0505,2026-06-19,2026-06-19T20:36:51,60.0,4,27.8,2301880.0,0.44,2,1,6,3,3,752,0,76,0,3,3,0,IND,6.7,4.5,6.25,7.6,-0.1532,-62.0,50.0,RETAIL_OTHER,0.0,0.0,0.0,0.0,0.0
10908,BANK009,Punjab National Bank,PNB-LN-RETA-00048,4.2,1.42,-6.6,1.01,1,0.8164,2026-06-19,2026-06-19T20:36:51,43.0,4,14.0,1616174.0,0.53,1,2,5,1,1,674,1,51,7,0,4,0,IND,6.7,4.5,6.25,7.6,3.4969,-40.0,17.2,RETAIL_OTHER,0.0,0.0,0.0,0.0,0.0
10909,BANK009,Punjab National Bank,PNB-LN-RETA-00049,1.15,13.14,6.9,2.49,0,0.0654,2026-06-19,2026-06-19T20:36:51,31.0,2,8.4,1377212.0,0.18,0,2,4,3,3,726,0,15,0,1,4,0,IND,6.7,4.5,6.25,7.6,-0.2623,-99.0,47.8,RETAIL_OTHER,0.0,0.0,0.0,0.0,0.0
10910,BANK009,Punjab National Bank,PNB-LN-CORP-00041,3.66,1.19,-0.4,0.68,1,0.6396,2026-06-19,2026-06-19T20:36:51,32.0,5,2.3,14190336.0,0.77,4,1,3,1,2,646,0,112,2,1,3,0,IND,6.7,4.5,6.25,7.6,3.1308,-64.0,33.1,CORPORATE,0.0,0.0,0.0,0.0,0.0
10911,BANK009,Punjab National Bank,PNB-LN-RETA-00050,1.78,13.86,15.6,2.09,0,0.0545,2026-06-19,2026-06-19T20:36:51,55.0,4,6.6,1388341.0,0.35,2,2,6,1,1,790,0,141,0,0,5,0,IND,6.7,4.5,6.25,7.6,0.9377,56.0,23.3,RETAIL_OTHER,0.0,0.0,0.0,0.0,0.0
10912,BANK009,Punjab National Bank,PNB-LN-RETA-00051,1.07,3.96,24.8,2.55,0,0.0368,2026-06-19,2026-06-19T20:36:51,53.0,1,7.4,2830460.0,0.19,0,2,4,2,4,774,0,157,0,1,5,0,IND,6.7,4.5,6.25,7.6,-0.1798,3.0,19.5,RETAIL_OTHER,0.0,0.0,0.0,0.0,0.0
10913,BANK009,Punjab National Bank,PNB-LN-CORP-00042,1.61,11.49,12.1,2.83,0,0.0503,2026-06-19,2026-06-19T20:36:51,53.0,5,16.6,13007184.0,0.36,1,2,2,1,2,774,0,172,0,3,5,0,IND,6.7,4.5,6.25,7.6,0.7666,56.0,34.0,CORPORATE,0.0,0.0,0.0,0.0,0.0
10914,BANK009,Punjab National Bank,PNB-LN-RETA-00052,0.86,13.54,17.8,1.57,0,0.0315,2026-06-19,2026-06-19T20:36:51,55.0,4,11.8,2431062.0,0.25,2,1,4,2,4,778,0,79,0,0,2,0,IND,6.7,4.5,6.25,7.6,-1.0971,-39.0,7.2,RETAIL_OTHER,0.0,0.0,0.0,0.0,0.0
10915,BANK009,Punjab National Bank,PNB-LN-CORP-00043,1.03,8.65,17.5,2.17,0,0.0844,2026-06-19,2026-06-19T20:36:51,38.0,5,2.3,5756607.0,0.42,4,1,2,2,2,717,0,223,0,3,1,0,IND,6.7,4.5,6.25,7.6,0.0523,-11.0,18.1,CORPORATE,0.0,0.0,0.0,0.0,0.0
10916,BANK009,Punjab National Bank,PNB-LN-CORP-00044,1.06,13.1,13.9,2.24,0,0.0365,2026-06-19,2026-06-19T20:36:51,50.0,5,2.8,16254718.0,0.33,0,2,3,2,2,800,0,157,0,3,1,0,IND,6.7,4.5,6.25,7.6,-0.8038,65.0,15.3,CORPORATE,0.0,0.0,0.0,0.0,0.0
10917,BANK009,Punjab National Bank,PNB-LN-RETA-00053,1.79,10.09,15.0,2.48,0,0.0825,2026-06-19,2026-06-19T20:36:51,35.0,2,9.9,2911932.0,0.28,3,1,5,2,3,725,0,154,0,3,5,0,IND,6.7,4.5,6.25,7.6,0.2173,13.0,13.3,RETAIL_OTHER,0.0,0.0,0.0,0.0,0.0
10918,BANK009,Punjab National Bank,PNB-LN-SME-00025,0.45,12.05,10.2,2.76,0,0.0457,2026-06-19,2026-06-19T20:36:51,53.0,5,5.0,5041445.0,0.36,2,2,3,2,2,728,0,119,0,2,2,0,IND,6.7,4.5,6.25,7.6,-0.4419,-8.0,10.5,SME,0.0,0.0,0.0,0.0,0.0
10919,BANK009,Punjab National Bank,PNB-LN-RETA-00054,0.96,12.48,20.8,2.34,0,0.034,2026-06-19,2026-06-19T20:36:51,30.0,1,2.0,780756.0,0.33,2,1,5,1,1,774,0,197,0,2,5,0,IND,6.7,4.5,6.25,7.6,0.4014,-10.0,47.9,RETAIL_OTHER,0.0,0.0,0.0,0.0,0.0
10920,BANK009,Punjab National Bank,PNB-LN-RETA-00055,1.29,3.93,12.2,1.5,0,0.0467,2026-06-19,2026-06-19T20:36:51,46.0,2,3.5,2354133.0,0.3,2,1,3,2,3,746,0,40,0,3,3,0,IND,6.7,4.5,6.25,7.6,-0.2879,-51.0,39.6,RETAIL_OTHER,0.0,0.0,0.0,0.0,0.0
10921,BANK009,Punjab National Bank,PNB-LN-CORP-00045,1.09,6.78,13.4,2.6,0,0.0373,2026-06-19,2026-06-19T20:36:51,51.0,2,6.0,6102591.0,0.36,3,1,4,1,2,782,0,174,0,2,2,0,IND,6.7,4.5,6.25,7.6,-0.3661,-15.0,36.6,CORPORATE,0.0,0.0,0.0,0.0,0.0
10923,BANK009,Punjab National Bank,PNB-LN-CORP-00046,1.04,5.87,20.1,1.46,0,0.036,2026-06-19,2026-06-19T20:36:51,45.0,5,5.7,22979606.0,0.33,4,1,4,3,2,818,0,73,0,0,3,0,IND,6.7,4.5,6.25,7.6,-0.307,74.0,38.2,CORPORATE,0.0,0.0,0.0,0.0,0.0
10924,BANK009,Punjab National Bank,PNB-LN-SME-00026,0.84,3.81,21.0,1.77,0,0.031,2026-06-19,2026-06-19T20:36:51,39.0,4,7.8,5658548.0,0.23,1,2,4,2,2,780,0,237,0,0,2,0,IND,6.7,4.5,6.25,7.6,-0.924,-22.0,10.7,SME,0.0,0.0,0.0,0.0,0.0
10925,BANK009,Punjab National Bank,PNB-LN-RETA-00056,0.63,5.34,24.4,2.05,0,0.0346,2026-06-19,2026-06-19T20:36:51,31.0,2,7.4,2035571.0,0.4,1,2,5,2,3,742,0,196,0,1,4,0,IND,6.7,4.5,6.25,7.6,0.1405,-36.0,5.9,RETAIL_OTHER,0.0,0.0,0.0,0.0,0.0
10926,BANK009,Punjab National Bank,PNB-LN-RETA-00057,1.78,5.18,14.3,1.84,0,0.0545,2026-06-19,2026-06-19T20:36:51,43.0,2,7.0,1471785.0,0.38,1,2,6,1,3,813,0,216,0,1,3,0,IND,6.7,4.5,6.25,7.6,0.7299,99.0,33.5,RETAIL_OTHER,0.0,0.0,0.0,0.0,0.0
10927,BANK009,Punjab National Bank,PNB-LN-CORP-00047,0.8,10.99,20.6,2.4,0,0.0567,2026-06-19,2026-06-19T20:36:51,53.0,2,19.2,11713413.0,0.4,1,2,2,1,2,726,0,86,0,0,1,0,IND,6.7,4.5,6.25,7.6,-0.6972,-85.0,48.4,CORPORATE,0.0,0.0,0.0,0.0,0.0
10928,BANK009,Punjab National Bank,PNB-LN-CORP-00048,1.92,4.73,19.7,2.04,0,0.07,2026-06-19,2026-06-19T20:36:51,59.0,5,18.4,19391608.0,0.42,1,1,1,2,2,827,0,44,0,0,3,0,IND,6.7,4.5,6.25,7.6,0.1964,54.0,24.8,CORPORATE,0.0,0.0,0.0,0.0,0.0
10929,BANK009,Punjab National Bank,PNB-LN-CORP-00049,1.5,10.99,19.5,2.55,0,0.0564,2026-06-19,2026-06-19T20:36:51,25.0,5,1.2,20373436.0,0.2,3,2,3,3,2,742,0,126,0,1,3,0,IND,6.7,4.5,6.25,7.6,0.2088,26.0,49.2,CORPORATE,0.0,0.0,0.0,0.0,0.0
10930,BANK009,Punjab National Bank,PNB-LN-RETA-00058,1.97,8.74,24.5,1.78,0,0.0712,2026-06-19,2026-06-19T20:36:51,40.0,1,8.4,2624758.0,0.42,0,2,3,2,3,756,0,72,0,0,3,0,IND,6.7,4.5,6.25,7.6,1.1173,-66.0,53.4,RETAIL_OTHER,0.0,0.0,0.0,0.0,0.0
10931,BANK009,Punjab National Bank,PNB-LN-CORP-00050,0.45,8.33,19.4,2.12,0,0.0392,2026-06-19,2026-06-19T20:36:51,28.0,5,3.0,9093336.0,0.43,1,2,3,3,2,790,0,157,0,0,3,0,IND,6.7,4.5,6.25,7.6,-0.9007,80.0,28.7,CORPORATE,0.0,0.0,0.0,0.0,0.0
10933,BANK009,Punjab National Bank,PNB-LN-CORP-00051,1.77,5.7,18.3,2.4,0,0.0543,2026-06-19,2026-06-19T20:36:51,49.0,5,4.5,9197306.0,0.4,1,1,4,2,2,765,0,54,0,0,1,0,IND,6.7,4.5,6.25,7.6,-0.0031,-13.0,46.6,CORPORATE,0.0,0.0,0.0,0.0,0.0
10934,BANK009,Punjab National Bank,PNB-LN-CORP-00052,0.61,6.58,19.5,2.93,0,0.0372,2026-06-19,2026-06-19T20:36:51,52.0,5,15.7,12788088.0,0.42,3,2,4,2,2,816,0,156,0,2,5,0,IND,6.7,4.5,6.25,7.6,-0.834,60.0,51.7,CORPORATE,0.0,0.0,0.0,0.0,0.0
10935,BANK009,Punjab National Bank,PNB-LN-RETA-00059,0.76,6.21,12.5,1.9,0,0.0679,2026-06-19,2026-06-19T20:36:51,27.0,1,2.4,667032.0,0.38,4,1,4,3,1,715,0,35,0,1,1,0,IND,6.7,4.5,6.25,7.6,-0.5312,-109.0,9.5,RETAIL_OTHER,0.0,0.0,0.0,0.0,0.0
10936,BANK009,Punjab National Bank,PNB-LN-RETA-00060,1.76,8.11,13.9,2.61,0,0.064,2026-06-19,2026-06-19T20:36:51,47.0,2,4.7,816470.0,0.4,0,1,6,3,4,741,0,99,0,2,2,0,IND,6.7,4.5,6.25,7.6,0.6021,-5.0,50.5,RETAIL_OTHER,0.0,0.0,0.0,0.0,0.0
10937,BANK002,ICICI Bank Limited,ICICI-LN-RETA-00001,0.48,13.99,21.9,2.95,0,0.022,2026-06-19,2026-06-19T20:45:22,30.0,1,2.7,2340402.0,0.38,0,2,6,1,3,828,0,25,0,3,5,0,IND,6.7,4.5,6.25,7.6,-0.2982,66.0,51.4,RETAIL_OTHER,0.0,0.0,0.0,0.0,0.0
10938,BANK002,ICICI Bank Limited,ICICI-LN-RETA-00002,1.48,5.97,8.3,2.81,0,0.057,2026-06-19,2026-06-19T20:45:22,44.0,2,2.7,2529987.0,0.33,0,1,4,1,3,741,0,53,0,0,5,0,IND,6.7,4.5,6.25,7.6,1.0164,21.0,47.8,RETAIL_OTHER,0.0,0.0,0.0,0.0,0.0
10940,BANK002,ICICI Bank Limited,ICICI-LN-RETA-00003,0.51,10.47,12.3,1.83,0,0.0227,2026-06-19,2026-06-19T20:45:22,46.0,2,1.0,2228957.0,0.21,3,1,4,2,3,818,0,212,0,1,3,0,IND,6.7,4.5,6.25,7.6,-1.3301,44.0,35.1,RETAIL_OTHER,0.0,0.0,0.0,0.0,0.0
10941,BANK002,ICICI Bank Limited,ICICI-LN-RETA-00004,1.48,5.86,9.8,1.34,0,0.081,2026-06-19,2026-06-19T20:45:22,61.0,1,9.2,755658.0,0.44,1,1,6,3,1,741,0,175,0,2,1,0,IND,6.7,4.5,6.25,7.6,0.102,-67.0,50.4,RETAIL_OTHER,0.0,0.0,0.0,0.0,0.0
10942,BANK002,ICICI Bank Limited,ICICI-LN-RETA-00005,1.12,11.39,22.0,1.77,0,0.038,2026-06-19,2026-06-19T20:45:22,39.0,2,7.8,2517193.0,0.32,3,2,5,2,3,809,0,238,0,3,2,0,IND,6.7,4.5,6.25,7.6,-0.2828,64.0,28.1,RETAIL_OTHER,0.0,0.0,0.0,0.0,0.0
10944,BANK002,ICICI Bank Limited,ICICI-LN-CORP-00001,1.61,13.47,9.8,1.33,0,0.0736,2026-06-19,2026-06-19T20:45:22,48.0,2,26.0,6747702.0,0.24,0,2,1,3,2,729,0,95,0,1,1,0,IND,6.7,4.5,6.25,7.6,0.4523,5.0,39.9,CORPORATE,0.0,0.0,0.0,0.0,0.0
10945,BANK002,ICICI Bank Limited,ICICI-LN-SME-00001,4.39,1.49,-3.2,0.9,1,0.5808,2026-06-19,2026-06-19T20:45:22,36.0,4,9.9,9132776.0,0.5,0,2,1,3,2,637,0,212,5,0,5,0,IND,6.7,4.5,6.25,7.6,3.8211,-119.0,46.7,SME,0.0,0.0,0.0,0.0,0.0
10946,BANK002,ICICI Bank Limited,ICICI-LN-RETA-00006,0.97,6.21,11.3,2.31,0,0.0343,2026-06-19,2026-06-19T20:45:22,29.0,2,4.0,520376.0,0.25,1,1,6,2,1,822,0,89,0,1,4,0,IND,6.7,4.5,6.25,7.6,0.5538,88.0,13.4,RETAIL_OTHER,0.0,0.0,0.0,0.0,0.0
10947,BANK002,ICICI Bank Limited,ICICI-LN-CORP-00002,1.59,13.48,19.1,1.63,0,0.0498,2026-06-19,2026-06-19T20:45:22,59.0,5,7.7,13435707.0,0.31,0,2,4,2,2,804,0,190,0,1,3,0,IND,6.7,4.5,6.25,7.6,0.0307,-3.0,17.0,CORPORATE,0.0,0.0,0.0,0.0,0.0
10948,BANK002,ICICI Bank Limited,ICICI-LN-RETA-00007,1.5,8.43,6.6,1.79,0,0.0519,2026-06-19,2026-06-19T20:45:22,30.0,2,4.9,1129026.0,0.36,3,1,4,1,1,746,0,46,0,0,4,0,IND,6.7,4.5,6.25,7.6,0.3735,-51.0,17.4,RETAIL_OTHER,0.0,0.0,0.0,0.0,0.0
10949,BANK002,ICICI Bank Limited,ICICI-LN-CORP-00003,1.37,3.77,10.3,2.45,0,0.0443,2026-06-19,2026-06-19T20:45:22,52.0,2,13.7,21569018.0,0.33,2,2,3,3,2,820,0,159,0,0,4,0,IND,6.7,4.5,6.25,7.6,-0.5513,13.0,10.2,CORPORATE,0.0,0.0,0.0,0.0,0.0
10950,BANK002,ICICI Bank Limited,ICICI-LN-CORP-00004,1.45,9.2,13.9,1.62,0,0.0462,2026-06-19,2026-06-19T20:45:22,45.0,2,6.6,15553444.0,0.34,0,1,1,2,2,756,0,35,0,3,5,0,IND,6.7,4.5,6.25,7.6,0.2524,-10.0,18.4,CORPORATE,0.0,0.0,0.0,0.0,0.0
10951,BANK002,ICICI Bank Limited,ICICI-LN-RETA-00008,5.98,1.93,2.5,0.83,1,0.815,2026-06-19,2026-06-19T20:45:22,54.0,2,17.6,1401623.0,0.67,2,1,6,2,1,588,1,65,2,3,1,0,IND,6.7,4.5,6.25,7.6,4.0354,-164.0,31.9,RETAIL_OTHER,0.0,0.0,0.0,0.0,0.0
10954,BANK002,ICICI Bank Limited,ICICI-LN-RETA-00009,1.86,6.67,13.8,1.54,0,0.0965,2026-06-19,2026-06-19T20:45:22,40.0,1,6.6,2754713.0,0.26,3,2,6,1,1,714,0,162,0,1,1,0,IND,6.7,4.5,6.25,7.6,0.6718,-8.0,43.5,RETAIL_OTHER,0.0,0.0,0.0,0.0,0.0
10955,BANK002,ICICI Bank Limited,ICICI-LN-RETA-00010,0.55,5.73,18.2,2.95,0,0.0615,2026-06-19,2026-06-19T20:45:22,47.0,2,2.5,1904387.0,0.38,3,1,5,3,4,716,0,76,0,1,1,0,IND,6.7,4.5,6.25,7.6,-0.2397,-10.0,12.7,RETAIL_OTHER,0.0,0.0,0.0,0.0,0.0
10956,BANK002,ICICI Bank Limited,ICICI-LN-CORP-00005,0.87,8.81,14.2,2.65,0,0.0606,2026-06-19,2026-06-19T20:45:22,52.0,5,16.9,24641579.0,0.4,4,2,2,2,2,724,0,89,0,3,5,0,IND,6.7,4.5,6.25,7.6,-0.5715,-84.0,38.9,CORPORATE,0.0,0.0,0.0,0.0,0.0
10957,BANK002,ICICI Bank Limited,ICICI-LN-SME-00002,1.36,7.19,17.0,1.66,0,0.044,2026-06-19,2026-06-19T20:45:22,30.0,4,5.7,9328349.0,0.31,2,2,1,2,2,794,0,198,0,3,1,0,IND,6.7,4.5,6.25,7.6,-0.3956,40.0,7.9,SME,0.0,0.0,0.0,0.0,0.0
10958,BANK002,ICICI Bank Limited,ICICI-LN-SME-00003,1.13,5.15,11.9,1.85,0,0.0382,2026-06-19,2026-06-19T20:45:22,43.0,5,20.4,7311431.0,0.33,3,2,1,1,2,830,0,29,0,1,4,0,IND,6.7,4.5,6.25,7.6,0.5941,114.0,12.2,SME,0.0,0.0,0.0,0.0,0.0
10960,BANK002,ICICI Bank Limited,ICICI-LN-CORP-00006,0.49,8.83,11.9,2.07,0,0.0589,2026-06-19,2026-06-19T20:45:22,60.0,5,14.6,7291306.0,0.28,4,2,3,1,2,717,0,167,0,2,3,0,IND,6.7,4.5,6.25,7.6,-0.3693,-75.0,23.9,CORPORATE,0.0,0.0,0.0,0.0,0.0
10961,BANK002,ICICI Bank Limited,ICICI-LN-RETA-00011,1.02,11.63,18.9,1.39,0,0.0355,2026-06-19,2026-06-19T20:45:22,45.0,1,12.5,2598102.0,0.35,2,1,6,2,4,790,0,46,0,2,3,0,IND,6.7,4.5,6.25,7.6,0.5145,68.0,7.9,RETAIL_OTHER,0.0,0.0,0.0,0.0,0.0
10962,BANK002,ICICI Bank Limited,ICICI-LN-RETA-00012,0.43,6.74,24.1,1.88,0,0.0208,2026-06-19,2026-06-19T20:45:22,62.0,4,3.7,2607853.0,0.31,2,2,4,3,1,808,0,177,0,3,5,0,IND,6.7,4.5,6.25,7.6,-0.3325,81.0,20.2,RETAIL_OTHER,0.0,0.0,0.0,0.0,0.0
10965,BANK002,ICICI Bank Limited,ICICI-LN-RETA-00013,0.72,11.81,22.8,1.84,0,0.0291,2026-06-19,2026-06-19T20:45:22,26.0,1,3.4,1164529.0,0.31,2,2,6,3,3,749,0,22,0,3,1,0,IND,6.7,4.5,6.25,7.6,-1.2626,-30.0,35.2,RETAIL_OTHER,0.0,0.0,0.0,0.0,0.0
10966,BANK002,ICICI Bank Limited,ICICI-LN-RETA-00014,1.49,13.46,13.1,2.6,0,0.0473,2026-06-19,2026-06-19T20:45:22,25.0,2,1.7,1936492.0,0.22,1,1,4,1,4,783,0,151,0,0,5,0,IND,6.7,4.5,6.25,7.6,0.5029,33.0,50.0,RETAIL_OTHER,0.0,0.0,0.0,0.0,0.0
10968,BANK002,ICICI Bank Limited,ICICI-LN-RETA-00015,1.83,12.38,10.8,2.38,0,0.0558,2026-06-19,2026-06-19T20:45:22,61.0,2,10.4,1079338.0,0.25,4,1,4,2,4,780,0,187,0,1,3,0,IND,6.7,4.5,6.25,7.6,0.43,-8.0,32.6,RETAIL_OTHER,0.0,0.0,0.0,0.0,0.0
10970,BANK002,ICICI Bank Limited,ICICI-LN-CORP-00007,1.29,7.34,8.7,2.32,0,0.0423,2026-06-19,2026-06-19T20:45:22,36.0,2,2.7,8986636.0,0.31,2,2,3,3,2,761,0,30,0,3,3,0,IND,6.7,4.5,6.25,7.6,0.8175,34.0,43.8,CORPORATE,0.0,0.0,0.0,0.0,0.0
10971,BANK002,ICICI Bank Limited,ICICI-LN-CORP-00008,0.82,10.38,24.5,2.28,0,0.0427,2026-06-19,2026-06-19T20:45:22,55.0,5,24.1,15323954.0,0.37,3,2,1,2,2,739,0,191,0,0,5,0,IND,6.7,4.5,6.25,7.6,-0.5136,8.0,22.9,CORPORATE,0.0,0.0,0.0,0.0,0.0
10972,BANK002,ICICI Bank Limited,ICICI-LN-RETA-00016,1.48,12.61,18.9,2.67,0,0.0548,2026-06-19,2026-06-19T20:45:22,32.0,2,5.1,1126379.0,0.34,2,1,6,2,3,743,0,142,0,2,5,0,IND,6.7,4.5,6.25,7.6,0.7724,2.0,37.5,RETAIL_OTHER,0.0,0.0,0.0,0.0,0.0
10973,BANK002,ICICI Bank Limited,ICICI-LN-RETA-00017,0.62,9.96,17.1,1.71,0,0.0375,2026-06-19,2026-06-19T20:45:22,33.0,4,3.1,2409404.0,0.42,2,2,6,3,1,795,0,217,0,2,5,0,IND,6.7,4.5,6.25,7.6,-0.1411,56.0,45.9,RETAIL_OTHER,0.0,0.0,0.0,0.0,0.0
10975,BANK002,ICICI Bank Limited,ICICI-LN-SME-00004,1.33,9.52,11.0,1.91,0,0.0544,2026-06-19,2026-06-19T20:45:22,29.0,5,3.3,4187625.0,0.2,2,1,3,1,2,740,0,120,0,2,3,0,IND,6.7,4.5,6.25,7.6,0.7408,-9.0,22.4,SME,0.0,0.0,0.0,0.0,0.0
10976,BANK002,ICICI Bank Limited,ICICI-LN-SME-00005,1.84,5.62,16.2,1.58,0,0.056,2026-06-19,2026-06-19T20:45:22,54.0,5,3.3,5034871.0,0.32,4,2,4,3,2,819,0,150,0,0,1,0,IND,6.7,4.5,6.25,7.6,1.254,83.0,42.7,SME,0.0,0.0,0.0,0.0,0.0
10977,BANK002,ICICI Bank Limited,ICICI-LN-SME-00006,1.63,13.77,18.3,2.01,0,0.0508,2026-06-19,2026-06-19T20:45:22,37.0,5,7.6,9833077.0,0.28,1,1,1,1,2,824,0,79,0,3,2,0,IND,6.7,4.5,6.25,7.6,-0.1614,-2.0,17.2,SME,0.0,0.0,0.0,0.0,0.0
10978,BANK002,ICICI Bank Limited,ICICI-LN-SME-00007,1.19,13.71,23.9,2.44,0,0.0398,2026-06-19,2026-06-19T20:45:22,60.0,4,17.1,2511349.0,0.32,4,2,4,2,2,810,0,157,0,1,4,0,IND,6.7,4.5,6.25,7.6,-0.3241,48.0,47.0,SME,0.0,0.0,0.0,0.0,0.0
10979,BANK002,ICICI Bank Limited,ICICI-LN-SME-00008,1.86,7.39,13.9,2.26,0,0.0698,2026-06-19,2026-06-19T20:45:22,39.0,4,15.1,6301816.0,0.37,2,2,3,2,2,738,0,125,0,0,4,0,IND,6.7,4.5,6.25,7.6,1.434,-42.0,33.8,SME,0.0,0.0,0.0,0.0,0.0
10980,BANK002,ICICI Bank Limited,ICICI-LN-CORP-00009,1.53,3.6,15.6,1.93,0,0.0483,2026-06-19,2026-06-19T20:45:22,34.0,5,9.4,6627872.0,0.35,0,2,1,1,2,789,0,111,0,1,2,0,IND,6.7,4.5,6.25,7.6,-0.3642,-37.0,41.0,CORPORATE,0.0,0.0,0.0,0.0,0.0
10982,BANK002,ICICI Bank Limited,ICICI-LN-CORP-00010,1.32,5.28,13.2,1.54,0,0.0452,2026-06-19,2026-06-19T20:45:22,50.0,5,12.2,14792772.0,0.25,1,1,3,2,2,748,0,205,0,0,5,0,IND,6.7,4.5,6.25,7.6,0.6865,17.0,22.5,CORPORATE,0.0,0.0,0.0,0.0,0.0
10984,BANK002,ICICI Bank Limited,ICICI-LN-CORP-00011,1.67,7.28,23.0,2.21,0,0.0637,2026-06-19,2026-06-19T20:45:22,40.0,5,10.9,21080448.0,0.42,0,1,4,3,2,791,0,142,0,3,5,0,IND,6.7,4.5,6.25,7.6,1.095,50.0,17.4,CORPORATE,0.0,0.0,0.0,0.0,0.0
10985,BANK002,ICICI Bank Limited,ICICI-LN-RETA-00018,1.58,12.77,14.5,2.03,0,0.0939,2026-06-19,2026-06-19T20:45:22,57.0,2,19.3,2098892.0,0.36,0,1,6,1,4,710,0,53,0,3,4,0,IND,6.7,4.5,6.25,7.6,0.8507,-96.0,32.2,RETAIL_OTHER,0.0,0.0,0.0,0.0,0.0
10989,BANK002,ICICI Bank Limited,ICICI-LN-RETA-00019,1.34,3.64,10.1,2.87,0,0.0435,2026-06-19,2026-06-19T20:45:22,62.0,1,16.8,1932650.0,0.28,0,2,6,3,4,811,0,50,0,3,1,0,IND,6.7,4.5,6.25,7.6,0.4816,10.0,21.2,RETAIL_OTHER,0.0,0.0,0.0,0.0,0.0
10991,BANK002,ICICI Bank Limited,ICICI-LN-RETA-00020,1.58,6.05,13.0,2.95,0,0.0495,2026-06-19,2026-06-19T20:45:22,26.0,4,1.0,2315732.0,0.38,2,2,5,1,1,808,0,57,0,2,5,0,IND,6.7,4.5,6.25,7.6,0.0081,29.0,41.8,RETAIL_OTHER,0.0,0.0,0.0,0.0,0.0
10993,BANK002,ICICI Bank Limited,ICICI-LN-RETA-00021,0.72,10.28,21.4,1.46,0,0.028,2026-06-19,2026-06-19T20:45:22,30.0,1,5.1,752486.0,0.4,0,2,4,2,3,818,0,72,0,0,1,0,IND,6.7,4.5,6.25,7.6,-0.2105,103.0,27.3,RETAIL_OTHER,0.0,0.0,0.0,0.0,0.0
10996,BANK002,ICICI Bank Limited,ICICI-LN-RETA-00022,1.96,11.19,14.3,2.39,0,0.059,2026-06-19,2026-06-19T20:45:22,61.0,2,18.0,2059248.0,0.35,1,2,5,3,4,772,0,92,0,2,3,0,IND,6.7,4.5,6.25,7.6,1.2813,-9.0,26.8,RETAIL_OTHER,0.0,0.0,0.0,0.0,0.0
10997,BANK002,ICICI Bank Limited,ICICI-LN-CORP-00012,1.42,13.61,21.6,2.44,0,0.0515,2026-06-19,2026-06-19T20:45:22,35.0,5,9.9,16112168.0,0.41,1,1,4,1,2,803,0,66,0,2,3,0,IND,6.7,4.5,6.25,7.6,0.3054,60.0,23.1,CORPORATE,0.0,0.0,0.0,0.0,0.0
10998,BANK002,ICICI Bank Limited,ICICI-LN-CORP-00013,1.28,12.93,7.8,2.31,0,0.048,2026-06-19,2026-06-19T20:45:22,60.0,5,3.2,8513989.0,0.41,0,2,1,2,2,788,0,49,0,3,2,0,IND,6.7,4.5,6.25,7.6,-0.2472,23.0,31.3,CORPORATE,0.0,0.0,0.0,0.0,0.0
11000,BANK002,ICICI Bank Limited,ICICI-LN-SME-00009,1.13,12.67,20.9,2.36,0,0.0382,2026-06-19,2026-06-19T20:45:22,29.0,4,3.3,2730039.0,0.38,4,1,3,3,2,776,0,107,0,2,3,0,IND,6.7,4.5,6.25,7.6,0.55,47.0,49.2,SME,0.0,0.0,0.0,0.0,0.0
11001,BANK002,ICICI Bank Limited,ICICI-LN-RETA-00023,0.43,12.08,11.8,1.78,0,0.0208,2026-06-19,2026-06-19T20:45:22,35.0,2,9.3,1790386.0,0.4,2,1,3,2,1,772,0,18,0,3,3,0,IND,6.7,4.5,6.25,7.6,-1.0658,-49.0,42.1,RETAIL_OTHER,0.0,0.0,0.0,0.0,0.0
11002,BANK002,ICICI Bank Limited,ICICI-LN-SME-00010,1.53,6.38,21.6,2.16,0,0.0602,2026-06-19,2026-06-19T20:45:22,28.0,5,1.3,9021069.0,0.42,2,1,2,1,2,791,0,14,0,3,1,0,IND,6.7,4.5,6.25,7.6,0.0401,51.0,13.6,SME,0.0,0.0,0.0,0.0,0.0
11003,BANK002,ICICI Bank Limited,ICICI-LN-CORP-00014,0.76,9.89,23.9,2.51,0,0.029,2026-06-19,2026-06-19T20:45:22,38.0,2,8.1,5298566.0,0.35,0,1,1,3,2,800,0,39,0,1,5,0,IND,6.7,4.5,6.25,7.6,-0.3181,42.0,32.9,CORPORATE,0.0,0.0,0.0,0.0,0.0
11004,BANK002,ICICI Bank Limited,ICICI-LN-RETA-00024,1.46,10.65,19.7,2.41,0,0.0498,2026-06-19,2026-06-19T20:45:22,28.0,4,4.8,2569686.0,0.25,3,1,5,1,4,747,0,236,0,0,5,0,IND,6.7,4.5,6.25,7.6,0.3903,-12.0,38.8,RETAIL_OTHER,0.0,0.0,0.0,0.0,0.0
11007,BANK002,ICICI Bank Limited,ICICI-LN-RETA-00025,1.34,5.27,13.0,2.41,0,0.0835,2026-06-19,2026-06-19T20:45:22,45.0,4,6.0,480214.0,0.28,0,2,4,1,4,714,0,192,0,1,2,0,IND,6.7,4.5,6.25,7.6,-0.0845,-94.0,33.9,RETAIL_OTHER,0.0,0.0,0.0,0.0,0.0
11008,BANK002,ICICI Bank Limited,ICICI-LN-SME-00011,0.56,5.33,6.7,1.79,0,0.024,2026-06-19,2026-06-19T20:45:22,33.0,5,10.9,5831507.0,0.36,0,1,3,3,2,812,0,81,0,2,4,0,IND,6.7,4.5,6.25,7.6,-0.5216,88.0,11.7,SME,0.0,0.0,0.0,0.0,0.0
11011,BANK002,ICICI Bank Limited,ICICI-LN-SME-00012,0.58,11.47,10.2,1.88,0,0.0245,2026-06-19,2026-06-19T20:45:22,59.0,4,17.2,4784788.0,0.34,3,2,1,1,2,816,0,164,0,3,3,0,IND,6.7,4.5,6.25,7.6,-1.0999,36.0,11.4,SME,0.0,0.0,0.0,0.0,0.0
11012,BANK002,ICICI Bank Limited,ICICI-LN-RETA-00026,1.49,5.04,7.2,2.63,0,0.0628,2026-06-19,2026-06-19T20:45:22,58.0,2,20.4,622570.0,0.38,2,1,3,2,3,736,0,57,0,2,2,0,IND,6.7,4.5,6.25,7.6,1.0383,-78.0,47.2,RETAIL_OTHER,0.0,0.0,0.0,0.0,0.0
11015,BANK002,ICICI Bank Limited,ICICI-LN-SME-00013,1.78,7.95,8.0,2.21,0,0.0605,2026-06-19,2026-06-19T20:45:22,52.0,4,16.6,8487065.0,0.41,1,1,1,1,2,799,0,7,0,0,2,0,IND,6.7,4.5,6.25,7.6,0.1938,34.0,25.2,SME,0.0,0.0,0.0,0.0,0.0
11016,BANK002,ICICI Bank Limited,ICICI-LN-RETA-00027,1.06,10.28,15.7,1.57,0,0.0498,2026-06-19,2026-06-19T20:45:22,59.0,2,28.5,2696488.0,0.34,1,1,6,3,1,738,0,84,0,1,3,0,IND,6.7,4.5,6.25,7.6,0.2556,14.0,13.8,RETAIL_OTHER,0.0,0.0,0.0,0.0,0.0
11017,BANK002,ICICI Bank Limited,ICICI-LN-SME-00014,0.98,6.82,14.1,1.31,0,0.0445,2026-06-19,2026-06-19T20:45:22,39.0,4,11.6,7170255.0,0.38,4,2,4,2,2,741,0,183,0,1,5,0,IND,6.7,4.5,6.25,7.6,-0.5595,-51.0,14.9,SME,0.0,0.0,0.0,0.0,0.0
11019,BANK002,ICICI Bank Limited,ICICI-LN-RETA-00028,1.36,9.42,6.4,2.52,0,0.044,2026-06-19,2026-06-19T20:45:22,39.0,1,1.9,1015996.0,0.39,3,1,3,3,3,794,0,72,0,1,5,0,IND,6.7,4.5,6.25,7.6,-0.5556,57.0,38.9,RETAIL_OTHER,0.0,0.0,0.0,0.0,0.0
11020,BANK002,ICICI Bank Limited,ICICI-LN-CORP-00015,1.6,4.48,18.5,2.83,0,0.05,2026-06-19,2026-06-19T20:45:22,48.0,2,5.4,8231244.0,0.4,4,1,2,3,2,779,0,236,0,0,5,0,IND,6.7,4.5,6.25,7.6,-0.2352,-30.0,31.8,CORPORATE,0.0,0.0,0.0,0.0,0.0
11021,BANK002,ICICI Bank Limited,ICICI-LN-RETA-00029,1.21,11.75,21.2,2.34,0,0.0403,2026-06-19,2026-06-19T20:45:22,47.0,2,11.7,1363730.0,0.36,1,1,4,3,1,797,0,185,0,1,1,0,IND,6.7,4.5,6.25,7.6,0.5528,6.0,47.0,RETAIL_OTHER,0.0,0.0,0.0,0.0,0.0
11022,BANK002,ICICI Bank Limited,ICICI-LN-RETA-00030,1.48,7.28,18.4,2.96,0,0.1032,2026-06-19,2026-06-19T20:45:22,55.0,2,15.8,2914547.0,0.44,1,1,5,1,4,721,0,184,0,1,5,0,IND,6.7,4.5,6.25,7.6,-0.1675,-34.0,35.7,RETAIL_OTHER,0.0,0.0,0.0,0.0,0.0
11023,BANK002,ICICI Bank Limited,ICICI-LN-SME-00015,0.97,12.89,11.1,2.91,0,0.0462,2026-06-19,2026-06-19T20:45:22,57.0,4,24.8,8281290.0,0.42,2,2,1,2,2,797,0,25,0,1,4,0,IND,6.7,4.5,6.25,7.6,0.2657,-7.0,16.5,SME,0.0,0.0,0.0,0.0,0.0
11024,BANK002,ICICI Bank Limited,ICICI-LN-CORP-00016,1.68,8.52,16.3,2.15,0,0.052,2026-06-19,2026-06-19T20:45:22,26.0,5,2.2,14404187.0,0.4,4,2,4,1,2,760,0,198,0,1,1,0,IND,6.7,4.5,6.25,7.6,0.0386,-8.0,39.1,CORPORATE,0.0,0.0,0.0,0.0,0.0
11025,BANK002,ICICI Bank Limited,ICICI-LN-SME-00016,1.69,9.33,22.3,1.63,0,0.0702,2026-06-19,2026-06-19T20:45:22,35.0,4,3.2,5780988.0,0.43,2,2,3,2,2,812,0,39,0,1,1,0,IND,6.7,4.5,6.25,7.6,1.0507,-1.0,37.1,SME,0.0,0.0,0.0,0.0,0.0
11026,BANK002,ICICI Bank Limited,ICICI-LN-CORP-00017,1.06,7.19,18.9,2.33,0,0.0365,2026-06-19,2026-06-19T20:45:22,27.0,5,2.4,13716405.0,0.33,0,2,4,3,2,783,0,149,0,2,3,0,IND,6.7,4.5,6.25,7.6,-0.3786,51.0,18.7,CORPORATE,0.0,0.0,0.0,0.0,0.0
11027,BANK002,ICICI Bank Limited,ICICI-LN-SME-00017,1.74,3.8,18.6,2.76,0,0.0535,2026-06-19,2026-06-19T20:45:22,29.0,5,2.7,8187380.0,0.4,4,1,3,1,2,751,0,166,0,1,2,0,IND,6.7,4.5,6.25,7.6,0.5925,-70.0,44.9,SME,0.0,0.0,0.0,0.0,0.0
11028,BANK002,ICICI Bank Limited,ICICI-LN-SME-00018,1.15,3.59,23.5,2.91,0,0.0387,2026-06-19,2026-06-19T20:45:22,58.0,5,1.0,2088548.0,0.26,2,2,3,1,2,771,0,214,0,1,3,0,IND,6.7,4.5,6.25,7.6,-0.4754,-41.0,47.4,SME,0.0,0.0,0.0,0.0,0.0
11030,BANK002,ICICI Bank Limited,ICICI-LN-RETA-00031,1.49,11.54,8.9,1.78,0,0.0473,2026-06-19,2026-06-19T20:45:22,48.0,2,17.5,665674.0,0.35,4,2,4,2,4,762,0,143,0,3,2,0,IND,6.7,4.5,6.25,7.6,0.9133,-14.0,43.1,RETAIL_OTHER,0.0,0.0,0.0,0.0,0.0
11032,BANK002,ICICI Bank Limited,ICICI-LN-RETA-00032,1.04,8.06,19.3,2.6,0,0.036,2026-06-19,2026-06-19T20:45:22,62.0,1,17.6,2395879.0,0.33,0,1,4,2,4,771,0,18,0,3,3,0,IND,6.7,4.5,6.25,7.6,-0.1406,-22.0,48.2,RETAIL_OTHER,0.0,0.0,0.0,0.0,0.0
11033,BANK002,ICICI Bank Limited,ICICI-LN-CORP-00018,0.79,10.02,8.8,2.72,0,0.0342,2026-06-19,2026-06-19T20:45:22,34.0,5,8.5,11700323.0,0.18,0,1,4,1,2,746,0,45,0,0,1,0,IND,6.7,4.5,6.25,7.6,-0.7201,22.0,43.8,CORPORATE,0.0,0.0,0.0,0.0,0.0
11034,BANK002,ICICI Bank Limited,ICICI-LN-RETA-00033,1.46,13.09,12.8,1.48,0,0.0558,2026-06-19,2026-06-19T20:45:22,40.0,2,12.1,2350187.0,0.41,2,1,5,1,3,747,0,8,0,0,4,0,IND,6.7,4.5,6.25,7.6,0.0209,8.0,17.3,RETAIL_OTHER,0.0,0.0,0.0,0.0,0.0
11035,BANK002,ICICI Bank Limited,ICICI-LN-RETA-00034,1.92,5.87,12.5,1.97,0,0.0836,2026-06-19,2026-06-19T20:45:22,34.0,4,7.9,660087.0,0.2,4,2,4,3,4,727,0,230,0,3,1,0,IND,6.7,4.5,6.25,7.6,0.9085,-69.0,25.9,RETAIL_OTHER,0.0,0.0,0.0,0.0,0.0
11036,BANK002,ICICI Bank Limited,ICICI-LN-SME-00019,1.56,11.54,22.7,2.0,0,0.049,2026-06-19,2026-06-19T20:45:22,43.0,4,20.0,6470805.0,0.26,1,2,3,1,2,762,0,36,0,1,3,0,IND,6.7,4.5,6.25,7.6,-0.033,-53.0,25.9,SME,0.0,0.0,0.0,0.0,0.0
11037,BANK002,ICICI Bank Limited,ICICI-LN-SME-00020,1.92,5.84,18.8,1.64,0,0.0736,2026-06-19,2026-06-19T20:45:22,56.0,5,6.6,3373939.0,0.2,2,1,4,2,2,736,0,14,0,3,1,0,IND,6.7,4.5,6.25,7.6,0.0366,-30.0,9.5,SME,0.0,0.0,0.0,0.0,0.0
11038,BANK002,ICICI Bank Limited,ICICI-LN-RETA-00035,1.08,9.94,7.0,2.18,0,0.0614,2026-06-19,2026-06-19T20:45:22,58.0,2,12.5,2243622.0,0.3,1,2,3,1,4,728,0,83,0,2,4,0,IND,6.7,4.5,6.25,7.6,-0.3538,7.0,43.9,RETAIL_OTHER,0.0,0.0,0.0,0.0,0.0
11039,BANK002,ICICI Bank Limited,ICICI-LN-SME-00021,1.01,11.57,23.3,2.26,0,0.0353,2026-06-19,2026-06-19T20:45:22,34.0,4,9.0,5221958.0,0.4,4,2,1,3,2,794,0,136,0,1,4,0,IND,6.7,4.5,6.25,7.6,0.3506,66.0,7.8,SME,0.0,0.0,0.0,0.0,0.0
11041,BANK002,ICICI Bank Limited,ICICI-LN-CORP-00019,1.14,12.05,23.6,1.4,0,0.0385,2026-06-19,2026-06-19T20:45:22,35.0,2,6.8,9555144.0,0.26,2,1,4,1,2,776,0,166,0,3,5,0,IND,6.7,4.5,6.25,7.6,-0.4199,26.0,35.0,CORPORATE,0.0,0.0,0.0,0.0,0.0
11042,BANK002,ICICI Bank Limited,ICICI-LN-RETA-00036,0.67,6.77,23.0,2.22,0,0.0645,2026-06-19,2026-06-19T20:45:22,41.0,2,6.7,2704206.0,0.21,1,2,4,3,1,716,0,42,0,2,5,0,IND,6.7,4.5,6.25,7.6,-0.4832,-80.0,37.3,RETAIL_OTHER,0.0,0.0,0.0,0.0,0.0
11043,BANK002,ICICI Bank Limited,ICICI-LN-RETA-00037,0.69,13.13,12.3,2.76,0,0.0272,2026-06-19,2026-06-19T20:45:22,29.0,2,6.2,1002812.0,0.3,3,1,6,1,1,751,0,163,0,2,3,0,IND,6.7,4.5,6.25,7.6,0.2416,-19.0,32.9,RETAIL_OTHER,0.0,0.0,0.0,0.0,0.0
11044,BANK002,ICICI Bank Limited,ICICI-LN-CORP-00020,0.87,9.96,14.5,1.65,0,0.0318,2026-06-19,2026-06-19T20:45:22,44.0,5,16.9,5006185.0,0.26,4,2,2,3,2,822,0,175,0,1,4,0,IND,6.7,4.5,6.25,7.6,-0.4424,-4.0,12.0,CORPORATE,0.0,0.0,0.0,0.0,0.0
11045,BANK002,ICICI Bank Limited,ICICI-LN-RETA-00038,0.7,7.54,23.6,2.73,0,0.0508,2026-06-19,2026-06-19T20:45:22,25.0,4,2.1,2225319.0,0.26,1,2,6,2,1,729,0,175,0,1,4,0,IND,6.7,4.5,6.25,7.6,-1.0964,3.0,42.0,RETAIL_OTHER,0.0,0.0,0.0,0.0,0.0
11047,BANK002,ICICI Bank Limited,ICICI-LN-SME-00022,1.33,9.52,18.5,1.8,0,0.0433,2026-06-19,2026-06-19T20:45:22,54.0,4,18.3,9741548.0,0.34,3,2,2,1,2,804,0,83,0,2,1,0,IND,6.7,4.5,6.25,7.6,0.4711,84.0,19.1,SME,0.0,0.0,0.0,0.0,0.0
11048,BANK002,ICICI Bank Limited,ICICI-LN-RETA-00039,1.57,7.12,18.2,2.58,0,0.0781,2026-06-19,2026-06-19T20:45:22,35.0,1,8.9,1398023.0,0.19,4,2,6,2,3,724,0,191,0,1,2,0,IND,6.7,4.5,6.25,7.6,0.4276,-46.0,12.8,RETAIL_OTHER,0.0,0.0,0.0,0.0,0.0
11050,BANK002,ICICI Bank Limited,ICICI-LN-CORP-00021,6.08,1.91,0.7,1.06,1,0.7225,2026-06-19,2026-06-19T20:45:22,62.0,5,8.3,11182840.0,0.56,2,1,1,3,2,615,1,125,2,0,4,0,IND,6.7,4.5,6.25,7.6,5.5802,-144.0,52.4,CORPORATE,0.0,0.0,0.0,0.0,0.0
11051,BANK002,ICICI Bank Limited,ICICI-LN-SME-00023,0.64,6.96,13.4,1.31,0,0.038,2026-06-19,2026-06-19T20:45:22,40.0,4,12.1,3248680.0,0.42,2,2,4,1,2,800,0,6,0,0,4,0,IND,6.7,4.5,6.25,7.6,-0.5451,35.0,35.6,SME,0.0,0.0,0.0,0.0,0.0
11052,BANK002,ICICI Bank Limited,ICICI-LN-RETA-00040,0.54,10.14,20.0,1.54,0,0.0413,2026-06-19,2026-06-19T20:45:22,29.0,2,2.8,1201125.0,0.19,3,2,3,2,3,734,0,105,0,0,3,0,IND,6.7,4.5,6.25,7.6,-1.4542,-6.0,52.3,RETAIL_OTHER,0.0,0.0,0.0,0.0,0.0
11055,BANK002,ICICI Bank Limited,ICICI-LN-CORP-00022,1.2,5.18,23.5,1.39,0,0.04,2026-06-19,2026-06-19T20:45:22,59.0,5,9.0,11982969.0,0.25,3,1,2,2,2,756,0,55,0,0,2,0,IND,6.7,4.5,6.25,7.6,0.1045,4.0,44.0,CORPORATE,0.0,0.0,0.0,0.0,0.0
11056,BANK002,ICICI Bank Limited,ICICI-LN-RETA-00041,0.63,13.24,14.6,1.96,0,0.0513,2026-06-19,2026-06-19T20:45:22,31.0,2,1.6,1325526.0,0.3,3,1,4,2,3,727,0,155,0,3,1,0,IND,6.7,4.5,6.25,7.6,-0.0806,-28.0,50.8,RETAIL_OTHER,0.0,0.0,0.0,0.0,0.0
11057,BANK002,ICICI Bank Limited,ICICI-LN-SME-00024,0.66,8.32,16.8,2.29,0,0.0265,2026-06-19,2026-06-19T20:45:22,59.0,4,19.8,4005400.0,0.3,2,1,3,2,2,768,0,29,0,0,4,0,IND,6.7,4.5,6.25,7.6,0.0382,-32.0,13.2,SME,0.0,0.0,0.0,0.0,0.0
11058,BANK002,ICICI Bank Limited,ICICI-LN-SME-00025,0.68,9.37,7.3,2.51,0,0.0426,2026-06-19,2026-06-19T20:45:22,29.0,4,3.2,5212459.0,0.22,2,1,1,1,2,736,0,164,0,0,3,0,IND,6.7,4.5,6.25,7.6,-0.2559,-43.0,16.2,SME,0.0,0.0,0.0,0.0,0.0
11059,BANK002,ICICI Bank Limited,ICICI-LN-CORP-00023,1.03,5.38,24.2,1.43,0,0.0569,2026-06-19,2026-06-19T20:45:22,31.0,5,2.5,7202096.0,0.25,0,2,4,3,2,731,0,232,0,3,1,0,IND,6.7,4.5,6.25,7.6,-0.4853,-42.0,41.9,CORPORATE,0.0,0.0,0.0,0.0,0.0
11060,BANK002,ICICI Bank Limited,ICICI-LN-SME-00026,1.31,12.93,11.8,2.64,0,0.055,2026-06-19,2026-06-19T20:45:22,57.0,4,21.2,7585599.0,0.31,2,1,4,3,2,739,0,221,0,3,4,0,IND,6.7,4.5,6.25,7.6,-0.6432,-69.0,17.8,SME,0.0,0.0,0.0,0.0,0.0
11061,BANK002,ICICI Bank Limited,ICICI-LN-SME-00027,0.54,11.14,14.4,2.99,0,0.0235,2026-06-19,2026-06-19T20:45:22,62.0,5,9.3,2102263.0,0.3,4,2,3,2,2,812,0,95,0,2,4,0,IND,6.7,4.5,6.25,7.6,-0.1221,9.0,17.1,SME,0.0,0.0,0.0,0.0,0.0
11062,BANK002,ICICI Bank Limited,ICICI-LN-RETA-00042,0.63,8.34,19.2,1.91,0,0.0635,2026-06-19,2026-06-19T20:45:22,60.0,2,1.5,2812830.0,0.25,0,2,5,3,3,716,0,72,0,1,5,0,IND,6.7,4.5,6.25,7.6,-0.4412,-110.0,21.2,RETAIL_OTHER,0.0,0.0,0.0,0.0,0.0
11063,BANK002,ICICI Bank Limited,ICICI-LN-SME-00028,0.6,4.87,7.5,2.47,0,0.025,2026-06-19,2026-06-19T20:45:22,32.0,4,2.1,8833142.0,0.21,2,2,3,1,2,810,0,38,0,1,2,0,IND,6.7,4.5,6.25,7.6,0.1699,39.0,31.6,SME,0.0,0.0,0.0,0.0,0.0
11064,BANK002,ICICI Bank Limited,ICICI-LN-RETA-00043,1.53,9.35,6.8,1.86,0,0.0771,2026-06-19,2026-06-19T20:45:22,35.0,1,2.5,1718187.0,0.28,2,1,6,1,3,724,0,34,0,1,4,0,IND,6.7,4.5,6.25,7.6,0.3989,-80.0,39.6,RETAIL_OTHER,0.0,0.0,0.0,0.0,0.0
11065,BANK002,ICICI Bank Limited,ICICI-LN-CORP-00024,1.74,11.11,11.3,2.51,0,0.0535,2026-06-19,2026-06-19T20:45:22,52.0,5,10.8,11680230.0,0.33,1,2,2,1,2,784,0,158,0,3,1,0,IND,6.7,4.5,6.25,7.6,0.1299,-28.0,15.8,CORPORATE,0.0,0.0,0.0,0.0,0.0
11066,BANK002,ICICI Bank Limited,ICICI-LN-RETA-00044,1.21,9.2,21.4,2.22,0,0.1005,2026-06-19,2026-06-19T20:45:22,48.0,2,20.8,2464384.0,0.43,3,2,3,3,1,712,0,57,0,2,4,0,IND,6.7,4.5,6.25,7.6,0.7594,-53.0,22.1,RETAIL_OTHER,0.0,0.0,0.0,0.0,0.0
11068,BANK002,ICICI Bank Limited,ICICI-LN-RETA-00045,1.16,5.7,21.1,2.41,0,0.0412,2026-06-19,2026-06-19T20:45:22,40.0,2,11.1,797341.0,0.31,4,2,3,3,4,748,0,75,0,0,5,0,IND,6.7,4.5,6.25,7.6,0.2801,-46.0,20.1,RETAIL_OTHER,0.0,0.0,0.0,0.0,0.0
11069,BANK002,ICICI Bank Limited,ICICI-LN-SME-00029,1.78,13.07,18.0,2.74,0,0.0612,2026-06-19,2026-06-19T20:45:22,60.0,4,23.2,7748768.0,0.39,2,2,2,1,2,744,0,222,0,3,4,0,IND,6.7,4.5,6.25,7.6,0.3463,2.0,46.9,SME,0.0,0.0,0.0,0.0,0.0
11070,BANK002,ICICI Bank Limited,ICICI-LN-RETA-00046,0.72,10.86,9.2,1.98,0,0.028,2026-06-19,2026-06-19T20:45:22,36.0,2,9.4,2742644.0,0.34,3,1,4,1,1,764,0,166,0,1,1,0,IND,6.7,4.5,6.25,7.6,0.0812,7.0,30.1,RETAIL_OTHER,0.0,0.0,0.0,0.0,0.0
11072,BANK002,ICICI Bank Limited,ICICI-LN-CORP-00025,0.59,3.96,8.4,2.78,0,0.0248,2026-06-19,2026-06-19T20:45:22,59.0,2,10.2,8008087.0,0.25,2,1,3,2,2,816,0,141,0,3,2,0,IND,6.7,4.5,6.25,7.6,-0.3869,51.0,53.4,CORPORATE,0.0,0.0,0.0,0.0,0.0
11074,BANK002,ICICI Bank Limited,ICICI-LN-RETA-00047,1.82,8.5,16.7,2.02,0,0.0555,2026-06-19,2026-06-19T20:45:22,42.0,4,16.8,803120.0,0.29,3,2,4,2,3,806,0,137,0,1,4,0,IND,6.7,4.5,6.25,7.6,0.8308,73.0,13.1,RETAIL_OTHER,0.0,0.0,0.0,0.0,0.0
11075,BANK002,ICICI Bank Limited,ICICI-LN-RETA-00048,1.14,11.06,21.4,1.9,0,0.0385,2026-06-19,2026-06-19T20:45:22,32.0,2,5.6,589141.0,0.2,0,1,3,3,4,784,0,136,0,3,4,0,IND,6.7,4.5,6.25,7.6,-0.0655,60.0,43.1,RETAIL_OTHER,0.0,0.0,0.0,0.0,0.0
11076,BANK002,ICICI Bank Limited,ICICI-LN-CORP-00026,1.14,7.75,18.5,2.57,0,0.0385,2026-06-19,2026-06-19T20:45:22,35.0,5,1.1,5601135.0,0.31,3,1,4,3,2,802,0,35,0,0,2,0,IND,6.7,4.5,6.25,7.6,-0.2496,14.0,29.4,CORPORATE,0.0,0.0,0.0,0.0,0.0
11077,BANK002,ICICI Bank Limited,ICICI-LN-CORP-00027,0.43,8.22,10.6,1.8,0,0.0208,2026-06-19,2026-06-19T20:45:22,58.0,5,5.8,8907709.0,0.4,3,1,4,2,2,816,0,45,0,3,4,0,IND,6.7,4.5,6.25,7.6,-0.0515,105.0,10.2,CORPORATE,0.0,0.0,0.0,0.0,0.0
11078,BANK002,ICICI Bank Limited,ICICI-LN-CORP-00028,1.12,8.08,9.1,2.53,0,0.038,2026-06-19,2026-06-19T20:45:22,27.0,5,4.6,18996810.0,0.27,2,1,3,3,2,770,0,35,0,3,5,0,IND,6.7,4.5,6.25,7.6,0.3486,32.0,51.0,CORPORATE,0.0,0.0,0.0,0.0,0.0
11079,BANK002,ICICI Bank Limited,ICICI-LN-SME-00030,1.48,5.33,22.3,2.16,0,0.047,2026-06-19,2026-06-19T20:45:22,35.0,5,7.7,3756850.0,0.2,2,1,4,2,2,813,0,10,0,2,3,0,IND,6.7,4.5,6.25,7.6,0.391,24.0,38.7,SME,0.0,0.0,0.0,0.0,0.0
11080,BANK002,ICICI Bank Limited,ICICI-LN-CORP-00029,1.84,13.49,15.8,2.46,0,0.056,2026-06-19,2026-06-19T20:45:22,34.0,5,9.7,19150649.0,0.19,3,2,2,1,2,830,0,41,0,3,4,0,IND,6.7,4.5,6.25,7.6,1.2071,119.0,6.8,CORPORATE,0.0,0.0,0.0,0.0,0.0
11082,BANK002,ICICI Bank Limited,ICICI-LN-CORP-00030,0.89,7.43,11.6,1.35,0,0.0567,2026-06-19,2026-06-19T20:45:22,54.0,5,17.6,17401247.0,0.22,2,1,4,1,2,728,0,16,0,1,1,0,IND,6.7,4.5,6.25,7.6,-0.4534,12.0,46.0,CORPORATE,0.0,0.0,0.0,0.0,0.0
11083,BANK002,ICICI Bank Limited,ICICI-LN-RETA-00049,1.37,7.72,6.9,2.77,0,0.0865,2026-06-19,2026-06-19T20:45:22,60.0,2,23.8,1553276.0,0.27,4,1,4,1,4,712,0,68,0,3,1,0,IND,6.7,4.5,6.25,7.6,0.6812,-1.0,25.2,RETAIL_OTHER,0.0,0.0,0.0,0.0,0.0
11084,BANK002,ICICI Bank Limited,ICICI-LN-RETA-00050,0.78,9.77,10.5,2.16,0,0.0295,2026-06-19,2026-06-19T20:45:22,25.0,1,2.9,1975016.0,0.28,1,2,6,2,3,774,0,236,0,0,1,0,IND,6.7,4.5,6.25,7.6,0.1959,57.0,13.8,RETAIL_OTHER,0.0,0.0,0.0,0.0,0.0
11085,BANK002,ICICI Bank Limited,ICICI-LN-RETA-00051,1.7,13.59,17.8,2.41,0,0.0736,2026-06-19,2026-06-19T20:45:22,52.0,4,28.9,2177346.0,0.18,0,2,4,1,3,731,0,148,0,3,1,0,IND,6.7,4.5,6.25,7.6,-0.1936,-40.0,13.5,RETAIL_OTHER,0.0,0.0,0.0,0.0,0.0
11086,BANK002,ICICI Bank Limited,ICICI-LN-RETA-00052,1.93,6.95,23.4,1.53,0,0.0583,2026-06-19,2026-06-19T20:45:22,51.0,4,7.9,1545100.0,0.18,3,2,5,3,1,828,0,88,0,2,2,0,IND,6.7,4.5,6.25,7.6,0.7676,3.0,7.1,RETAIL_OTHER,0.0,0.0,0.0,0.0,0.0
11087,BANK001,HDFC Bank Limited,HDFC-LN-RETA-00001,1.51,11.17,20.9,2.43,0,0.0478,2026-06-19,2026-06-19T20:48:53,55.0,1,27.9,2312342.0,0.22,3,2,6,1,5,772,0,206,0,3,3,0,IND,6.7,4.5,6.25,7.6,0.6353,55.0,6.7,RETAIL_MORTGAGES,0.0,0.0,0.0,0.0,0.0
11088,BANK001,HDFC Bank Limited,HDFC-LN-CORP-00001,1.89,13.33,6.2,2.36,0,0.0812,2026-06-19,2026-06-19T20:48:53,50.0,5,4.5,18280369.0,0.44,2,1,2,2,2,782,0,171,0,2,4,0,IND,6.7,4.5,6.25,7.6,1.3728,45.0,6.7,CORPORATE,0.0,0.0,0.0,0.0,0.0
11089,BANK001,HDFC Bank Limited,HDFC-LN-RETA-00002,1.88,5.99,9.1,2.66,0,0.083,2026-06-19,2026-06-19T20:48:53,33.0,2,7.7,2246603.0,0.41,1,2,5,1,5,732,0,96,0,3,5,0,IND,6.7,4.5,6.25,7.6,1.4403,-72.0,36.8,RETAIL_MORTGAGES,0.0,0.0,0.0,0.0,0.0
11090,BANK001,HDFC Bank Limited,HDFC-LN-RETA-00003,1.1,11.15,12.0,2.33,0,0.0375,2026-06-19,2026-06-19T20:48:53,28.0,2,3.9,1948967.0,0.21,4,2,3,1,5,775,0,73,0,0,1,0,IND,6.7,4.5,6.25,7.6,-0.7392,41.0,7.2,RETAIL_MORTGAGES,0.0,0.0,0.0,0.0,0.0
11093,BANK001,HDFC Bank Limited,HDFC-LN-CORP-00002,0.94,12.88,7.5,1.56,0,0.0335,2026-06-19,2026-06-19T20:48:53,34.0,5,5.8,14213961.0,0.36,2,1,4,3,2,759,0,188,0,2,2,0,IND,6.7,4.5,6.25,7.6,-0.5903,41.0,46.6,CORPORATE,0.0,0.0,0.0,0.0,0.0
11094,BANK001,HDFC Bank Limited,HDFC-LN-CORP-00003,1.25,13.02,17.2,2.43,0,0.0746,2026-06-19,2026-06-19T20:48:53,62.0,2,22.0,18566616.0,0.35,4,2,1,2,2,720,0,221,0,3,2,0,IND,6.7,4.5,6.25,7.6,0.6329,-49.0,40.0,CORPORATE,0.0,0.0,0.0,0.0,0.0
11095,BANK001,HDFC Bank Limited,HDFC-LN-RETA-00004,1.94,6.15,22.4,1.49,0,0.0941,2026-06-19,2026-06-19T20:48:53,41.0,1,6.1,3607799.0,0.28,1,1,6,1,5,718,0,128,0,3,3,0,IND,6.7,4.5,6.25,7.6,1.4215,-72.0,46.3,RETAIL_MORTGAGES,0.0,0.0,0.0,0.0,0.0
11096,BANK001,HDFC Bank Limited,HDFC-LN-SME-00001,0.87,5.93,19.4,2.5,0,0.0318,2026-06-19,2026-06-19T20:48:53,37.0,4,3.2,2629689.0,0.2,3,1,2,3,2,768,0,110,0,3,5,0,IND,6.7,4.5,6.25,7.6,0.0965,25.0,34.5,SME,0.0,0.0,0.0,0.0,0.0
11097,BANK001,HDFC Bank Limited,HDFC-LN-SME-00002,0.46,11.44,14.9,2.41,0,0.0215,2026-06-19,2026-06-19T20:48:53,56.0,5,3.6,2216970.0,0.25,4,2,3,3,2,827,0,178,0,0,3,0,IND,6.7,4.5,6.25,7.6,-1.5351,62.0,45.5,SME,0.0,0.0,0.0,0.0,0.0
11100,BANK001,HDFC Bank Limited,HDFC-LN-SME-00003,0.56,13.06,6.3,1.55,0,0.024,2026-06-19,2026-06-19T20:48:53,44.0,4,11.5,3059030.0,0.35,3,1,4,1,2,821,0,157,0,2,1,0,IND,6.7,4.5,6.25,7.6,-0.087,51.0,8.5,SME,0.0,0.0,0.0,0.0,0.0
11101,BANK001,HDFC Bank Limited,HDFC-LN-RETA-00005,1.06,10.66,9.4,1.6,0,0.0425,2026-06-19,2026-06-19T20:48:53,30.0,2,3.5,2430473.0,0.41,4,1,3,2,5,788,0,116,0,1,2,0,IND,6.7,4.5,6.25,7.6,-0.3315,48.0,10.2,RETAIL_MORTGAGES,0.0,0.0,0.0,0.0,0.0
11102,BANK001,HDFC Bank Limited,HDFC-LN-RETA-00006,1.8,7.34,15.5,1.76,0,0.0761,2026-06-19,2026-06-19T20:48:53,43.0,1,15.9,2570359.0,0.25,4,1,3,2,5,731,0,50,0,1,2,0,IND,6.7,4.5,6.25,7.6,0.0805,-40.0,11.6,RETAIL_MORTGAGES,0.0,0.0,0.0,0.0,0.0
11104,BANK001,HDFC Bank Limited,HDFC-LN-SME-00004,1.59,9.02,20.2,2.11,0,0.0498,2026-06-19,2026-06-19T20:48:53,32.0,4,3.9,6939656.0,0.27,1,1,1,2,2,809,0,50,0,2,1,0,IND,6.7,4.5,6.25,7.6,0.2401,42.0,42.1,SME,0.0,0.0,0.0,0.0,0.0
11105,BANK001,HDFC Bank Limited,HDFC-LN-RETA-00007,1.61,4.7,14.2,1.78,0,0.0503,2026-06-19,2026-06-19T20:48:53,33.0,2,5.9,2978446.0,0.33,1,1,6,3,5,796,0,119,0,3,3,0,IND,6.7,4.5,6.25,7.6,0.3669,47.0,27.2,RETAIL_MORTGAGES,0.0,0.0,0.0,0.0,0.0
11108,BANK001,HDFC Bank Limited,HDFC-LN-SME-00005,0.46,13.13,15.0,2.71,0,0.0215,2026-06-19,2026-06-19T20:48:53,27.0,5,4.7,4673322.0,0.36,1,1,3,1,2,807,0,220,0,2,2,0,IND,6.7,4.5,6.25,7.6,-0.6578,97.0,25.5,SME,0.0,0.0,0.0,0.0,0.0
11109,BANK001,HDFC Bank Limited,HDFC-LN-RETA-00008,1.7,4.16,20.7,2.08,0,0.0558,2026-06-19,2026-06-19T20:48:53,39.0,1,14.0,1819970.0,0.23,1,2,3,2,1,747,0,50,0,3,4,0,IND,6.7,4.5,6.25,7.6,0.0342,-76.0,35.7,RETAIL_OTHER,0.0,0.0,0.0,0.0,0.0
11110,BANK001,HDFC Bank Limited,HDFC-LN-CORP-00004,0.53,9.83,21.6,2.23,0,0.0232,2026-06-19,2026-06-19T20:48:53,51.0,5,26.9,17326117.0,0.21,3,2,4,3,2,751,0,138,0,2,1,0,IND,6.7,4.5,6.25,7.6,-0.3947,4.0,48.9,CORPORATE,0.0,0.0,0.0,0.0,0.0
11111,BANK001,HDFC Bank Limited,HDFC-LN-SME-00006,1.37,10.63,24.0,1.93,0,0.0443,2026-06-19,2026-06-19T20:48:53,25.0,5,2.3,8530660.0,0.2,0,1,2,1,2,807,0,98,0,3,5,0,IND,6.7,4.5,6.25,7.6,0.7497,51.0,36.9,SME,0.0,0.0,0.0,0.0,0.0
11112,BANK001,HDFC Bank Limited,HDFC-LN-CORP-00005,0.94,5.01,22.4,1.84,0,0.0335,2026-06-19,2026-06-19T20:48:53,43.0,2,4.2,7010347.0,0.27,1,1,3,2,2,820,0,112,0,3,4,0,IND,6.7,4.5,6.25,7.6,-0.0979,13.0,34.7,CORPORATE,0.0,0.0,0.0,0.0,0.0
11113,BANK001,HDFC Bank Limited,HDFC-LN-RETA-00009,1.29,7.34,8.7,2.32,0,0.0423,2026-06-19,2026-06-19T20:48:53,47.0,2,3.9,2962900.0,0.31,2,1,5,3,4,761,0,30,0,3,3,0,IND,6.7,4.5,6.25,7.6,0.8175,34.0,39.2,RETAIL_OTHER,0.0,0.0,0.0,0.0,0.0
11114,BANK001,HDFC Bank Limited,HDFC-LN-RETA-00010,0.47,13.53,7.5,2.87,0,0.0217,2026-06-19,2026-06-19T20:48:53,37.0,4,6.3,2678307.0,0.25,2,2,5,1,4,793,0,107,0,2,2,0,IND,6.7,4.5,6.25,7.6,-0.6965,58.0,29.5,RETAIL_OTHER,0.0,0.0,0.0,0.0,0.0
11115,BANK001,HDFC Bank Limited,HDFC-LN-CORP-00006,1.85,4.44,16.9,2.21,0,0.0563,2026-06-19,2026-06-19T20:48:53,32.0,2,7.8,11692631.0,0.4,0,1,4,3,2,802,0,79,0,2,3,0,IND,6.7,4.5,6.25,7.6,1.3903,-25.0,17.2,CORPORATE,0.0,0.0,0.0,0.0,0.0
11117,BANK001,HDFC Bank Limited,HDFC-LN-RETA-00011,0.75,13.55,15.1,2.07,0,0.0288,2026-06-19,2026-06-19T20:48:53,39.0,1,12.0,1704336.0,0.28,4,2,6,3,3,787,0,169,0,2,3,0,IND,6.7,4.5,6.25,7.6,-0.7731,-39.0,16.7,RETAIL_OTHER,0.0,0.0,0.0,0.0,0.0
11118,BANK001,HDFC Bank Limited,HDFC-LN-RETA-00012,0.61,7.86,16.7,2.25,0,0.0253,2026-06-19,2026-06-19T20:48:53,33.0,2,1.9,2450293.0,0.39,3,2,4,3,3,796,0,136,0,3,1,0,IND,6.7,4.5,6.25,7.6,-0.9472,36.0,53.3,RETAIL_OTHER,0.0,0.0,0.0,0.0,0.0
11120,BANK001,HDFC Bank Limited,HDFC-LN-RETA-00013,0.84,9.35,17.2,2.55,0,0.051,2026-06-19,2026-06-19T20:48:53,56.0,4,29.6,1000877.0,0.34,2,2,5,1,1,732,0,139,0,1,4,0,IND,6.7,4.5,6.25,7.6,-0.2435,-41.0,49.7,RETAIL_OTHER,0.0,0.0,0.0,0.0,0.0
11121,BANK001,HDFC Bank Limited,HDFC-LN-SME-00007,1.56,5.5,11.1,2.45,0,0.049,2026-06-19,2026-06-19T20:48:53,27.0,5,3.6,4770446.0,0.19,4,1,2,2,2,787,0,121,0,2,1,0,IND,6.7,4.5,6.25,7.6,1.0435,-25.0,49.9,SME,0.0,0.0,0.0,0.0,0.0
11124,BANK001,HDFC Bank Limited,HDFC-LN-CORP-00007,1.32,5.28,13.2,1.54,0,0.0452,2026-06-19,2026-06-19T20:48:53,50.0,5,12.2,14792772.0,0.25,1,1,3,2,2,748,0,205,0,0,5,0,IND,6.7,4.5,6.25,7.6,0.6865,17.0,22.5,CORPORATE,0.0,0.0,0.0,0.0,0.0
11125,BANK001,HDFC Bank Limited,HDFC-LN-SME-00008,1.95,6.56,19.2,2.13,0,0.0588,2026-06-19,2026-06-19T20:48:53,45.0,4,16.3,9946351.0,0.38,3,2,3,2,2,783,0,128,0,2,2,0,IND,6.7,4.5,6.25,7.6,1.0286,38.0,21.7,SME,0.0,0.0,0.0,0.0,0.0
11126,BANK001,HDFC Bank Limited,HDFC-LN-RETA-00014,1.93,5.93,13.7,1.61,0,0.0583,2026-06-19,2026-06-19T20:48:53,26.0,2,1.5,2564235.0,0.35,3,1,4,3,4,791,0,46,0,2,5,0,IND,6.7,4.5,6.25,7.6,0.8971,-13.0,9.4,RETAIL_OTHER,0.0,0.0,0.0,0.0,0.0
11128,BANK001,HDFC Bank Limited,HDFC-LN-SME-00009,1.3,11.86,10.2,1.36,0,0.0558,2026-06-19,2026-06-19T20:48:53,24.0,5,1.7,5486560.0,0.32,0,2,4,3,2,738,0,119,0,3,2,0,IND,6.7,4.5,6.25,7.6,0.6309,-30.0,23.5,SME,0.0,0.0,0.0,0.0,0.0
11129,BANK001,HDFC Bank Limited,HDFC-LN-RETA-00015,0.62,5.67,9.9,1.4,0,0.0255,2026-06-19,2026-06-19T20:48:53,40.0,1,15.6,1870652.0,0.32,4,2,4,3,3,754,0,162,0,3,2,0,IND,6.7,4.5,6.25,7.6,-0.735,23.0,31.4,RETAIL_OTHER,0.0,0.0,0.0,0.0,0.0
11130,BANK001,HDFC Bank Limited,HDFC-LN-SME-00010,0.43,13.26,9.0,2.08,0,0.0208,2026-06-19,2026-06-19T20:48:53,55.0,4,20.8,9500712.0,0.23,3,1,4,2,2,764,0,18,0,0,1,0,IND,6.7,4.5,6.25,7.6,-1.0717,38.0,29.9,SME,0.0,0.0,0.0,0.0,0.0
11131,BANK001,HDFC Bank Limited,HDFC-LN-SME-00011,1.16,5.9,7.7,2.67,0,0.069,2026-06-19,2026-06-19T20:48:53,24.0,4,1.7,2067633.0,0.26,1,1,4,1,2,723,0,215,0,0,4,0,IND,6.7,4.5,6.25,7.6,-0.6496,-4.0,43.9,SME,0.0,0.0,0.0,0.0,0.0
11132,BANK001,HDFC Bank Limited,HDFC-LN-CORP-00008,3.82,1.77,-5.5,0.84,1,0.8868,2026-06-19,2026-06-19T20:48:53,31.0,5,5.4,13327103.0,0.77,2,1,3,3,2,563,0,159,8,2,1,0,IND,6.7,4.5,6.25,7.6,2.6282,-161.0,48.0,CORPORATE,0.0,0.0,0.0,0.0,0.0
11134,BANK001,HDFC Bank Limited,HDFC-LN-SME-00012,0.94,8.01,16.0,1.75,0,0.0335,2026-06-19,2026-06-19T20:48:53,34.0,4,9.2,3064771.0,0.34,0,1,2,2,2,783,0,229,0,2,1,0,IND,6.7,4.5,6.25,7.6,-0.2538,8.0,18.0,SME,0.0,0.0,0.0,0.0,0.0
11135,BANK001,HDFC Bank Limited,HDFC-LN-CORP-00009,0.44,9.19,18.1,2.48,0,0.0823,2026-06-19,2026-06-19T20:48:53,60.0,5,23.1,23339484.0,0.43,3,2,4,1,2,711,0,68,0,1,1,0,IND,6.7,4.5,6.25,7.6,0.0377,-83.0,40.5,CORPORATE,0.0,0.0,0.0,0.0,0.0
11136,BANK001,HDFC Bank Limited,HDFC-LN-RETA-00016,0.91,6.36,7.4,1.64,0,0.0328,2026-06-19,2026-06-19T20:48:53,29.0,2,2.4,948230.0,0.38,2,2,3,2,1,809,0,72,0,2,4,0,IND,6.7,4.5,6.25,7.6,0.3356,86.0,19.3,RETAIL_OTHER,0.0,0.0,0.0,0.0,0.0
11137,BANK001,HDFC Bank Limited,HDFC-LN-RETA-00017,1.29,9.28,7.8,1.47,0,0.0423,2026-06-19,2026-06-19T20:48:53,33.0,2,9.2,1491218.0,0.22,3,2,3,3,1,811,0,50,0,0,4,0,IND,6.7,4.5,6.25,7.6,0.8709,-5.0,13.9,RETAIL_OTHER,0.0,0.0,0.0,0.0,0.0
11138,BANK001,HDFC Bank Limited,HDFC-LN-SME-00013,0.84,8.18,8.8,2.34,0,0.031,2026-06-19,2026-06-19T20:48:53,26.0,5,3.0,5210567.0,0.24,1,1,4,1,2,788,0,50,0,2,2,0,IND,6.7,4.5,6.25,7.6,-0.0322,26.0,10.8,SME,0.0,0.0,0.0,0.0,0.0
11140,BANK001,HDFC Bank Limited,HDFC-LN-SME-00014,0.72,4.87,19.6,2.86,0,0.034,2026-06-19,2026-06-19T20:48:53,55.0,5,1.6,3835502.0,0.41,4,1,2,3,2,818,0,128,0,0,3,0,IND,6.7,4.5,6.25,7.6,0.2247,90.0,39.5,SME,0.0,0.0,0.0,0.0,0.0
11142,BANK001,HDFC Bank Limited,HDFC-LN-RETA-00018,0.78,4.02,16.9,2.73,0,0.0528,2026-06-19,2026-06-19T20:48:53,51.0,2,12.5,1196851.0,0.19,2,1,5,1,3,729,0,147,0,2,3,0,IND,6.7,4.5,6.25,7.6,0.3739,8.0,12.8,RETAIL_OTHER,0.0,0.0,0.0,0.0,0.0
11143,BANK001,HDFC Bank Limited,HDFC-LN-CORP-00010,0.5,11.4,18.7,1.45,0,0.0225,2026-06-19,2026-06-19T20:48:53,58.0,5,13.8,13834746.0,0.39,4,1,4,1,2,754,0,73,0,1,3,0,IND,6.7,4.5,6.25,7.6,-0.5624,-52.0,22.3,CORPORATE,0.0,0.0,0.0,0.0,0.0
11144,BANK001,HDFC Bank Limited,HDFC-LN-RETA-00019,1.73,6.21,23.3,2.85,0,0.0888,2026-06-19,2026-06-19T20:48:53,60.0,1,13.3,578995.0,0.2,1,1,4,1,3,718,0,180,0,3,2,0,IND,6.7,4.5,6.25,7.6,0.4398,-62.0,15.9,RETAIL_OTHER,0.0,0.0,0.0,0.0,0.0
11145,BANK001,HDFC Bank Limited,HDFC-LN-RETA-00020,1.82,6.98,10.5,2.57,0,0.0555,2026-06-19,2026-06-19T20:48:53,40.0,2,3.4,2090195.0,0.25,3,2,3,1,3,827,0,161,0,3,1,0,IND,6.7,4.5,6.25,7.6,0.8241,74.0,36.9,RETAIL_OTHER,0.0,0.0,0.0,0.0,0.0
11146,BANK001,HDFC Bank Limited,HDFC-LN-CORP-00011,1.81,3.8,9.7,2.72,0,0.0553,2026-06-19,2026-06-19T20:48:53,52.0,5,2.9,10334230.0,0.19,4,1,1,3,2,817,0,187,0,3,2,0,IND,6.7,4.5,6.25,7.6,1.3571,101.0,34.0,CORPORATE,0.0,0.0,0.0,0.0,0.0
11147,BANK001,HDFC Bank Limited,HDFC-LN-CORP-00012,1.48,6.33,13.8,1.33,0,0.065,2026-06-19,2026-06-19T20:48:53,46.0,5,4.7,6666012.0,0.43,1,2,3,1,2,809,0,152,0,1,2,0,IND,6.7,4.5,6.25,7.6,-0.0115,39.0,46.7,CORPORATE,0.0,0.0,0.0,0.0,0.0
11149,BANK001,HDFC Bank Limited,HDFC-LN-RETA-00021,0.76,5.84,22.6,2.01,0,0.029,2026-06-19,2026-06-19T20:48:53,43.0,2,15.5,1484864.0,0.27,0,2,6,1,3,823,0,149,0,1,3,0,IND,6.7,4.5,6.25,7.6,-0.0569,76.0,35.6,RETAIL_OTHER,0.0,0.0,0.0,0.0,0.0
11151,BANK001,HDFC Bank Limited,HDFC-LN-SME-00015,0.95,12.96,12.8,1.62,0,0.0457,2026-06-19,2026-06-19T20:48:53,32.0,4,3.6,9956287.0,0.42,1,2,1,1,2,826,0,192,0,2,4,0,IND,6.7,4.5,6.25,7.6,-0.0954,87.0,33.0,SME,0.0,0.0,0.0,0.0,0.0
11154,BANK001,HDFC Bank Limited,HDFC-LN-RETA-00022,1.07,9.7,21.2,2.45,0,0.0556,2026-06-19,2026-06-19T20:48:53,49.0,2,4.4,874193.0,0.34,0,1,6,3,1,733,0,191,0,0,2,0,IND,6.7,4.5,6.25,7.6,-0.5767,-55.0,18.7,RETAIL_OTHER,0.0,0.0,0.0,0.0,0.0
11155,BANK001,HDFC Bank Limited,HDFC-LN-SME-00016,0.52,8.66,10.6,2.95,0,0.0608,2026-06-19,2026-06-19T20:48:53,39.0,5,1.2,2457733.0,0.31,1,2,2,3,2,716,0,46,0,3,4,0,IND,6.7,4.5,6.25,7.6,-0.7608,-42.0,41.9,SME,0.0,0.0,0.0,0.0,0.0
11157,BANK001,HDFC Bank Limited,HDFC-LN-SME-00017,1.45,13.54,8.6,2.15,0,0.0462,2026-06-19,2026-06-19T20:48:53,36.0,4,13.0,2390073.0,0.37,3,1,1,2,2,777,0,220,0,0,4,0,IND,6.7,4.5,6.25,7.6,0.1648,12.0,47.0,SME,0.0,0.0,0.0,0.0,0.0
11158,BANK001,HDFC Bank Limited,HDFC-LN-SME-00018,3.59,0.9,2.2,0.72,1,0.9061,2026-06-19,2026-06-19T20:48:53,51.0,4,8.5,3676903.0,0.63,2,1,1,3,2,558,1,207,5,1,3,0,IND,6.7,4.5,6.25,7.6,1.8011,-246.0,47.2,SME,0.0,0.0,0.0,0.0,0.0
11160,BANK001,HDFC Bank Limited,HDFC-LN-CORP-00013,0.53,4.51,24.5,2.61,0,0.0232,2026-06-19,2026-06-19T20:48:53,31.0,5,4.9,19950408.0,0.18,4,2,3,3,2,778,0,81,0,1,3,0,IND,6.7,4.5,6.25,7.6,0.0252,-17.0,29.1,CORPORATE,0.0,0.0,0.0,0.0,0.0
11161,BANK001,HDFC Bank Limited,HDFC-LN-RETA-00023,1.8,4.98,6.8,2.27,0,0.055,2026-06-19,2026-06-19T20:48:53,54.0,2,9.6,1004296.0,0.32,4,1,5,3,1,760,0,233,0,2,1,0,IND,6.7,4.5,6.25,7.6,-0.1152,11.0,18.7,RETAIL_OTHER,0.0,0.0,0.0,0.0,0.0
11162,BANK001,HDFC Bank Limited,HDFC-LN-RETA-00024,0.82,12.81,7.5,1.43,0,0.0727,2026-06-19,2026-06-19T20:48:53,45.0,2,2.8,2944380.0,0.4,1,2,3,1,4,712,0,77,0,1,5,0,IND,6.7,4.5,6.25,7.6,-0.5906,-102.0,35.4,RETAIL_OTHER,0.0,0.0,0.0,0.0,0.0
11163,BANK001,HDFC Bank Limited,HDFC-LN-SME-00019,0.46,11.5,10.4,1.75,0,0.0337,2026-06-19,2026-06-19T20:48:53,56.0,4,5.6,5743168.0,0.19,2,1,2,3,2,739,0,150,0,1,4,0,IND,6.7,4.5,6.25,7.6,-0.2708,-87.0,32.0,SME,0.0,0.0,0.0,0.0,0.0
11164,BANK001,HDFC Bank Limited,HDFC-LN-RETA-00025,1.1,5.91,15.8,1.78,0,0.0608,2026-06-19,2026-06-19T20:48:53,61.0,2,24.0,2442045.0,0.23,1,2,6,2,1,729,0,233,0,0,5,0,IND,6.7,4.5,6.25,7.6,0.1204,-72.0,14.6,RETAIL_OTHER,0.0,0.0,0.0,0.0,0.0
11167,BANK001,HDFC Bank Limited,HDFC-LN-CORP-00014,1.47,7.76,9.8,1.33,0,0.0467,2026-06-19,2026-06-19T20:48:53,62.0,5,29.3,5009639.0,0.2,2,1,2,3,2,800,0,28,0,2,4,0,IND,6.7,4.5,6.25,7.6,0.9257,54.0,23.1,CORPORATE,0.0,0.0,0.0,0.0,0.0
11168,BANK001,HDFC Bank Limited,HDFC-LN-SME-00020,1.83,12.55,15.2,1.74,0,0.0558,2026-06-19,2026-06-19T20:48:53,31.0,4,7.2,6056981.0,0.34,3,2,4,2,2,758,0,199,0,2,4,0,IND,6.7,4.5,6.25,7.6,-0.1607,-38.0,40.0,SME,0.0,0.0,0.0,0.0,0.0
11169,BANK001,HDFC Bank Limited,HDFC-LN-SME-00021,1.74,12.28,12.8,2.62,0,0.0933,2026-06-19,2026-06-19T20:48:53,60.0,5,8.0,8169226.0,0.42,1,1,2,1,2,725,0,73,0,1,2,0,IND,6.7,4.5,6.25,7.6,0.2587,-69.0,34.4,SME,0.0,0.0,0.0,0.0,0.0
11170,BANK001,HDFC Bank Limited,HDFC-LN-CORP-00015,0.42,5.71,17.0,1.85,0,0.0205,2026-06-19,2026-06-19T20:48:53,27.0,5,4.9,20340953.0,0.4,0,1,4,3,2,788,0,184,0,3,3,0,IND,6.7,4.5,6.25,7.6,-0.2794,45.0,49.1,CORPORATE,0.0,0.0,0.0,0.0,0.0
11171,BANK001,HDFC Bank Limited,HDFC-LN-SME-00022,0.62,12.88,18.0,2.21,0,0.0255,2026-06-19,2026-06-19T20:48:53,41.0,4,9.5,3254500.0,0.38,3,1,2,3,2,750,0,8,0,1,4,0,IND,6.7,4.5,6.25,7.6,-0.2601,-31.0,36.2,SME,0.0,0.0,0.0,0.0,0.0
11172,BANK001,HDFC Bank Limited,HDFC-LN-SME-00023,1.01,6.51,18.0,1.55,0,0.0564,2026-06-19,2026-06-19T20:48:53,50.0,4,9.8,4978870.0,0.35,0,1,2,2,2,731,0,136,0,3,4,0,IND,6.7,4.5,6.25,7.6,-0.8757,-32.0,47.8,SME,0.0,0.0,0.0,0.0,0.0
11173,BANK001,HDFC Bank Limited,HDFC-LN-CORP-00016,0.9,7.15,16.3,2.67,0,0.0325,2026-06-19,2026-06-19T20:48:53,44.0,2,13.4,10940363.0,0.26,4,2,2,3,2,766,0,122,0,3,5,0,IND,6.7,4.5,6.25,7.6,-0.1595,37.0,10.8,CORPORATE,0.0,0.0,0.0,0.0,0.0
11175,BANK001,HDFC Bank Limited,HDFC-LN-RETA-00026,0.77,13.81,21.0,2.59,0,0.0352,2026-06-19,2026-06-19T20:48:53,47.0,2,9.5,650715.0,0.41,3,1,5,3,4,813,0,45,0,0,2,0,IND,6.7,4.5,6.25,7.6,-0.8031,101.0,21.2,RETAIL_OTHER,0.0,0.0,0.0,0.0,0.0
11178,BANK001,HDFC Bank Limited,HDFC-LN-CORP-00017,1.29,13.22,8.9,1.36,0,0.0423,2026-06-19,2026-06-19T20:48:53,62.0,5,23.4,5728177.0,0.22,4,2,2,1,2,755,0,182,0,2,5,0,IND,6.7,4.5,6.25,7.6,0.466,-68.0,51.1,CORPORATE,0.0,0.0,0.0,0.0,0.0
11179,BANK001,HDFC Bank Limited,HDFC-LN-CORP-00018,0.89,3.93,16.3,1.55,0,0.0323,2026-06-19,2026-06-19T20:48:53,60.0,5,26.2,9044668.0,0.36,0,1,4,2,2,774,0,64,0,0,4,0,IND,6.7,4.5,6.25,7.6,0.2449,-22.0,49.5,CORPORATE,0.0,0.0,0.0,0.0,0.0
11180,BANK001,HDFC Bank Limited,HDFC-LN-RETA-00027,1.08,7.16,12.1,2.31,0,0.0781,2026-06-19,2026-06-19T20:48:53,54.0,1,23.5,1516763.0,0.38,3,1,4,1,4,713,0,88,0,0,1,0,IND,6.7,4.5,6.25,7.6,0.4092,-41.0,6.5,RETAIL_OTHER,0.0,0.0,0.0,0.0,0.0
11182,BANK001,HDFC Bank Limited,HDFC-LN-SME-00024,1.12,4.88,18.4,2.29,0,0.038,2026-06-19,2026-06-19T20:48:53,33.0,5,6.7,4016292.0,0.39,2,1,2,2,2,797,0,115,0,2,5,0,IND,6.7,4.5,6.25,7.6,-0.6601,48.0,38.9,SME,0.0,0.0,0.0,0.0,0.0
11183,BANK001,HDFC Bank Limited,HDFC-LN-RETA-00028,0.77,3.77,7.5,2.63,0,0.0548,2026-06-19,2026-06-19T20:48:53,52.0,1,8.7,3787661.0,0.31,1,2,4,1,5,727,0,151,0,1,5,0,IND,6.7,4.5,6.25,7.6,-0.5975,-74.0,17.9,RETAIL_MORTGAGES,0.0,0.0,0.0,0.0,0.0
11184,BANK001,HDFC Bank Limited,HDFC-LN-CORP-00019,0.49,7.16,8.8,1.36,0,0.0222,2026-06-19,2026-06-19T20:48:53,50.0,5,23.1,23708228.0,0.4,1,2,3,3,2,783,0,59,0,0,2,0,IND,6.7,4.5,6.25,7.6,-0.3875,-44.0,21.8,CORPORATE,0.0,0.0,0.0,0.0,0.0
11185,BANK001,HDFC Bank Limited,HDFC-LN-CORP-00020,1.24,10.81,17.6,1.49,0,0.059,2026-06-19,2026-06-19T20:48:53,47.0,5,17.7,9094420.0,0.43,3,1,3,2,2,803,0,76,0,2,5,0,IND,6.7,4.5,6.25,7.6,-0.0063,82.0,20.0,CORPORATE,0.0,0.0,0.0,0.0,0.0
11186,BANK001,HDFC Bank Limited,HDFC-LN-SME-00025,1.29,3.7,17.0,1.86,0,0.0482,2026-06-19,2026-06-19T20:48:53,54.0,5,22.5,9782866.0,0.41,2,2,3,2,2,827,0,219,0,2,5,0,IND,6.7,4.5,6.25,7.6,0.3242,98.0,29.7,SME,0.0,0.0,0.0,0.0,0.0
11187,BANK001,HDFC Bank Limited,HDFC-LN-SME-00026,1.21,11.89,23.2,1.56,0,0.0522,2026-06-19,2026-06-19T20:48:53,55.0,4,11.9,2941464.0,0.42,3,1,3,1,2,753,0,15,0,1,1,0,IND,6.7,4.5,6.25,7.6,-0.3619,-24.0,46.9,SME,0.0,0.0,0.0,0.0,0.0
11188,BANK001,HDFC Bank Limited,HDFC-LN-RETA-00029,0.71,6.4,12.1,2.05,0,0.0555,2026-06-19,2026-06-19T20:48:53,62.0,2,10.1,4381353.0,0.25,1,1,3,3,5,725,0,234,0,1,3,0,IND,6.7,4.5,6.25,7.6,0.058,1.0,13.0,RETAIL_MORTGAGES,0.0,0.0,0.0,0.0,0.0
11189,BANK001,HDFC Bank Limited,HDFC-LN-RETA-00030,0.9,12.08,19.5,2.44,0,0.0325,2026-06-19,2026-06-19T20:48:53,27.0,2,3.4,4938282.0,0.2,2,2,4,3,5,778,0,220,0,3,5,0,IND,6.7,4.5,6.25,7.6,-0.9765,-29.0,26.4,RETAIL_MORTGAGES,0.0,0.0,0.0,0.0,0.0
11190,BANK001,HDFC Bank Limited,HDFC-LN-RETA-00031,0.89,7.76,17.4,2.47,0,0.0323,2026-06-19,2026-06-19T20:48:53,60.0,2,14.4,3700121.0,0.38,1,2,6,1,5,786,0,148,0,0,4,0,IND,6.7,4.5,6.25,7.6,-0.1163,13.0,25.9,RETAIL_MORTGAGES,0.0,0.0,0.0,0.0,0.0
11191,BANK001,HDFC Bank Limited,HDFC-LN-RETA-00032,0.58,6.46,6.6,2.03,0,0.0245,2026-06-19,2026-06-19T20:48:53,61.0,2,16.9,4979385.0,0.28,2,1,3,2,5,785,0,19,0,0,5,0,IND,6.7,4.5,6.25,7.6,-0.329,27.0,27.6,RETAIL_MORTGAGES,0.0,0.0,0.0,0.0,0.0
11192,BANK001,HDFC Bank Limited,HDFC-LN-SME-00027,0.76,7.96,6.1,2.15,0,0.029,2026-06-19,2026-06-19T20:48:53,32.0,5,5.6,5811736.0,0.24,2,1,4,3,2,803,0,147,0,3,4,0,IND,6.7,4.5,6.25,7.6,-0.4428,41.0,34.1,SME,0.0,0.0,0.0,0.0,0.0
11193,BANK001,HDFC Bank Limited,HDFC-LN-RETA-00033,1.32,6.98,12.7,2.96,0,0.0463,2026-06-19,2026-06-19T20:48:53,54.0,2,23.6,3444092.0,0.26,3,1,3,2,5,747,0,126,0,3,5,0,IND,6.7,4.5,6.25,7.6,0.8635,-81.0,52.4,RETAIL_MORTGAGES,0.0,0.0,0.0,0.0,0.0
11194,BANK001,HDFC Bank Limited,HDFC-LN-RETA-00034,1.68,12.55,12.5,1.44,0,0.0764,2026-06-19,2026-06-19T20:48:53,41.0,1,15.5,2750914.0,0.33,1,2,4,3,5,728,0,72,0,1,4,0,IND,6.7,4.5,6.25,7.6,-0.0348,-89.0,17.4,RETAIL_MORTGAGES,0.0,0.0,0.0,0.0,0.0
11195,BANK001,HDFC Bank Limited,HDFC-LN-RETA-00035,1.56,6.14,6.6,2.35,0,0.0977,2026-06-19,2026-06-19T20:48:53,45.0,2,12.6,1609778.0,0.42,1,2,3,1,5,717,0,181,0,3,3,0,IND,6.7,4.5,6.25,7.6,0.1094,-99.0,6.4,RETAIL_MORTGAGES,0.0,0.0,0.0,0.0,0.0
11197,BANK001,HDFC Bank Limited,HDFC-LN-CORP-00021,1.31,13.32,12.8,2.46,0,0.0428,2026-06-19,2026-06-19T20:48:53,33.0,2,6.4,7352155.0,0.19,0,2,4,2,2,761,0,6,0,3,4,0,IND,6.7,4.5,6.25,7.6,-0.6852,-31.0,10.9,CORPORATE,0.0,0.0,0.0,0.0,0.0
11199,BANK001,HDFC Bank Limited,HDFC-LN-SME-00028,0.59,12.9,19.7,2.31,0,0.0248,2026-06-19,2026-06-19T20:48:53,40.0,5,10.1,9758299.0,0.29,4,1,1,3,2,751,0,46,0,0,4,0,IND,6.7,4.5,6.25,7.6,-1.0053,-73.0,10.0,SME,0.0,0.0,0.0,0.0,0.0
11200,BANK001,HDFC Bank Limited,HDFC-LN-RETA-00036,0.58,8.39,13.9,2.59,0,0.0438,2026-06-19,2026-06-19T20:48:53,53.0,1,10.7,2048133.0,0.41,1,1,5,2,5,738,0,14,0,0,3,0,IND,6.7,4.5,6.25,7.6,-0.7858,-73.0,26.2,RETAIL_MORTGAGES,0.0,0.0,0.0,0.0,0.0
11201,BANK001,HDFC Bank Limited,HDFC-LN-RETA-00037,1.27,11.84,21.0,1.44,0,0.0418,2026-06-19,2026-06-19T20:48:53,49.0,2,14.8,2596309.0,0.27,4,2,3,2,5,822,0,81,0,3,3,0,IND,6.7,4.5,6.25,7.6,-0.6216,47.0,24.3,RETAIL_MORTGAGES,0.0,0.0,0.0,0.0,0.0
11203,BANK001,HDFC Bank Limited,HDFC-LN-RETA-00038,0.59,13.93,16.9,2.05,0,0.0248,2026-06-19,2026-06-19T20:48:53,53.0,2,27.2,4106062.0,0.23,1,2,4,1,5,757,0,209,0,1,2,0,IND,6.7,4.5,6.25,7.6,-0.71,43.0,48.5,RETAIL_MORTGAGES,0.0,0.0,0.0,0.0,0.0
11204,BANK001,HDFC Bank Limited,HDFC-LN-SME-00029,0.89,7.72,22.0,2.06,0,0.0645,2026-06-19,2026-06-19T20:48:53,54.0,5,14.9,8137445.0,0.26,0,1,3,3,2,721,0,16,0,1,5,0,IND,6.7,4.5,6.25,7.6,-0.483,-13.0,48.0,SME,0.0,0.0,0.0,0.0,0.0
11206,BANK001,HDFC Bank Limited,HDFC-LN-CORP-00022,1.67,5.12,11.7,2.39,0,0.0518,2026-06-19,2026-06-19T20:48:53,53.0,5,9.8,24636330.0,0.3,0,2,4,1,2,791,0,149,0,3,2,0,IND,6.7,4.5,6.25,7.6,0.2239,-33.0,32.1,CORPORATE,0.0,0.0,0.0,0.0,0.0
11207,BANK001,HDFC Bank Limited,HDFC-LN-CORP-00023,0.65,5.82,9.6,2.82,0,0.0263,2026-06-19,2026-06-19T20:48:53,58.0,5,10.9,18824241.0,0.36,1,1,3,2,2,788,0,239,0,1,1,0,IND,6.7,4.5,6.25,7.6,-1.274,-30.0,21.9,CORPORATE,0.0,0.0,0.0,0.0,0.0
11209,BANK001,HDFC Bank Limited,HDFC-LN-RETA-00039,1.19,7.54,14.7,2.55,0,0.0577,2026-06-19,2026-06-19T20:48:53,50.0,1,8.8,4155855.0,0.43,2,1,6,2,5,797,0,190,0,0,1,0,IND,6.7,4.5,6.25,7.6,0.0797,17.0,46.1,RETAIL_MORTGAGES,0.0,0.0,0.0,0.0,0.0
11210,BANK001,HDFC Bank Limited,HDFC-LN-RETA-00040,0.85,10.99,17.1,1.76,0,0.0312,2026-06-19,2026-06-19T20:48:53,61.0,1,29.7,4740116.0,0.39,3,2,5,1,5,811,0,37,0,1,4,0,IND,6.7,4.5,6.25,7.6,-1.0592,56.0,15.8,RETAIL_MORTGAGES,0.0,0.0,0.0,0.0,0.0
11211,BANK001,HDFC Bank Limited,HDFC-LN-RETA-00041,1.18,6.25,12.5,2.76,0,0.0395,2026-06-19,2026-06-19T20:48:53,48.0,2,13.3,4419430.0,0.18,3,2,3,3,5,779,0,125,0,1,3,0,IND,6.7,4.5,6.25,7.6,-0.4423,14.0,47.5,RETAIL_MORTGAGES,0.0,0.0,0.0,0.0,0.0
11213,BANK001,HDFC Bank Limited,HDFC-LN-SME-00030,0.96,4.3,21.7,2.16,0,0.0362,2026-06-19,2026-06-19T20:48:53,27.0,5,1.3,4293151.0,0.29,1,2,1,3,2,748,0,211,0,3,4,0,IND,6.7,4.5,6.25,7.6,-0.3039,13.0,49.9,SME,0.0,0.0,0.0,0.0,0.0
11214,BANK001,HDFC Bank Limited,HDFC-LN-RETA-00042,1.78,13.07,18.0,2.74,0,0.0612,2026-06-19,2026-06-19T20:48:53,60.0,1,23.2,4074384.0,0.39,2,2,4,1,5,744,0,222,0,3,4,0,IND,6.7,4.5,6.25,7.6,0.3463,2.0,43.5,RETAIL_MORTGAGES,0.0,0.0,0.0,0.0,0.0
11216,BANK001,HDFC Bank Limited,HDFC-LN-RETA-00043,1.16,6.09,11.3,2.63,0,0.0634,2026-06-19,2026-06-19T20:48:53,35.0,2,9.4,2771626.0,0.27,3,1,6,3,5,728,0,34,0,2,5,0,IND,6.7,4.5,6.25,7.6,-0.3851,-87.0,30.8,RETAIL_MORTGAGES,0.0,0.0,0.0,0.0,0.0
11218,BANK001,HDFC Bank Limited,HDFC-LN-RETA-00044,1.67,6.85,15.1,2.55,0,0.0595,2026-06-19,2026-06-19T20:48:53,49.0,2,14.4,2246913.0,0.23,3,1,3,1,5,743,0,202,0,1,5,0,IND,6.7,4.5,6.25,7.6,0.3212,-8.0,17.0,RETAIL_MORTGAGES,0.0,0.0,0.0,0.0,0.0
11219,BANK001,HDFC Bank Limited,HDFC-LN-RETA-00045,1.1,13.16,14.6,2.45,0,0.0653,2026-06-19,2026-06-19T20:48:53,40.0,2,3.9,2743168.0,0.24,4,1,4,1,5,725,0,151,0,0,1,0,IND,6.7,4.5,6.25,7.6,0.375,-95.0,22.8,RETAIL_MORTGAGES,0.0,0.0,0.0,0.0,0.0
11220,BANK001,HDFC Bank Limited,HDFC-LN-CORP-00024,0.52,9.35,7.0,2.88,0,0.035,2026-06-19,2026-06-19T20:48:53,47.0,5,18.1,12120843.0,0.42,2,1,4,3,2,770,0,187,0,3,5,0,IND,6.7,4.5,6.25,7.6,-1.4748,-60.0,25.4,CORPORATE,0.0,0.0,0.0,0.0,0.0
11221,BANK001,HDFC Bank Limited,HDFC-LN-RETA-00046,1.84,6.26,21.8,2.88,0,0.056,2026-06-19,2026-06-19T20:48:53,44.0,2,21.4,4856089.0,0.26,2,1,4,2,5,776,0,77,0,2,4,0,IND,6.7,4.5,6.25,7.6,0.0117,26.0,53.1,RETAIL_MORTGAGES,0.0,0.0,0.0,0.0,0.0
11222,BANK001,HDFC Bank Limited,HDFC-LN-RETA-00047,1.24,9.49,13.9,1.43,0,0.041,2026-06-19,2026-06-19T20:48:53,31.0,2,7.6,3333800.0,0.31,0,2,4,1,5,808,0,150,0,1,5,0,IND,6.7,4.5,6.25,7.6,0.6891,56.0,43.3,RETAIL_MORTGAGES,0.0,0.0,0.0,0.0,0.0
11223,BANK001,HDFC Bank Limited,HDFC-LN-RETA-00048,0.81,6.02,20.6,1.98,0,0.0725,2026-06-19,2026-06-19T20:48:53,60.0,2,16.9,1496638.0,0.4,3,2,5,1,5,712,0,160,0,3,1,0,IND,6.7,4.5,6.25,7.6,0.1493,-97.0,33.4,RETAIL_MORTGAGES,0.0,0.0,0.0,0.0,0.0
11225,BANK001,HDFC Bank Limited,HDFC-LN-RETA-00049,1.07,10.9,12.0,2.53,0,0.0368,2026-06-19,2026-06-19T20:48:53,46.0,2,5.1,3141455.0,0.35,0,2,3,3,5,806,0,52,0,3,1,0,IND,6.7,4.5,6.25,7.6,-0.3281,63.0,19.1,RETAIL_MORTGAGES,0.0,0.0,0.0,0.0,0.0
11231,BANK001,HDFC Bank Limited,HDFC-LN-RETA-00050,1.64,12.75,7.6,2.21,0,0.051,2026-06-19,2026-06-19T20:48:53,24.0,2,1.5,4922779.0,0.37,3,1,6,3,5,759,0,207,0,3,3,0,IND,6.7,4.5,6.25,7.6,0.0559,33.0,45.5,RETAIL_MORTGAGES,0.0,0.0,0.0,0.0,0.0
11232,BANK001,HDFC Bank Limited,HDFC-LN-SME-00031,0.86,11.74,19.6,2.44,0,0.0315,2026-06-19,2026-06-19T20:48:53,31.0,5,7.0,8756080.0,0.28,2,1,4,2,2,801,0,154,0,1,3,0,IND,6.7,4.5,6.25,7.6,-0.72,78.0,16.5,SME,0.0,0.0,0.0,0.0,0.0
11233,BANK001,HDFC Bank Limited,HDFC-LN-CORP-00025,0.47,10.54,14.4,1.77,0,0.06,2026-06-19,2026-06-19T20:48:53,56.0,5,12.2,18744845.0,0.41,4,2,1,3,2,721,0,236,0,3,3,0,IND,6.7,4.5,6.25,7.6,-1.0615,-62.0,22.0,CORPORATE,0.0,0.0,0.0,0.0,0.0
11236,BANK001,HDFC Bank Limited,HDFC-LN-RETA-00051,1.48,7.84,23.0,2.5,0,0.047,2026-06-19,2026-06-19T20:48:53,41.0,2,12.6,1760886.0,0.28,0,2,5,1,5,807,0,6,0,3,1,0,IND,6.7,4.5,6.25,7.6,0.9502,-15.0,18.6,RETAIL_MORTGAGES,0.0,0.0,0.0,0.0,0.0
11238,BANK001,HDFC Bank Limited,HDFC-LN-RETA-00052,1.75,7.77,8.3,2.18,0,0.0538,2026-06-19,2026-06-19T20:48:53,41.0,2,13.1,3888407.0,0.27,3,2,6,1,5,773,0,172,0,0,3,0,IND,6.7,4.5,6.25,7.6,0.1356,-50.0,52.3,RETAIL_MORTGAGES,0.0,0.0,0.0,0.0,0.0
11239,BANK001,HDFC Bank Limited,HDFC-LN-CORP-00026,0.42,7.53,21.1,2.8,0,0.0205,2026-06-19,2026-06-19T20:48:53,51.0,5,18.3,8215529.0,0.21,4,2,3,2,2,789,0,111,0,1,5,0,IND,6.7,4.5,6.25,7.6,-1.0215,-7.0,19.0,CORPORATE,0.0,0.0,0.0,0.0,0.0
11240,BANK001,HDFC Bank Limited,HDFC-LN-RETA-00053,1.37,6.56,24.4,2.18,0,0.0443,2026-06-19,2026-06-19T20:48:53,39.0,2,9.7,4912889.0,0.36,2,2,5,2,5,794,0,43,0,1,4,0,IND,6.7,4.5,6.25,7.6,0.8783,20.0,32.0,RETAIL_MORTGAGES,0.0,0.0,0.0,0.0,0.0
11242,BANK001,HDFC Bank Limited,HDFC-LN-RETA-00054,1.96,13.98,22.8,2.79,0,0.0946,2026-06-19,2026-06-19T20:48:53,30.0,2,2.7,3113456.0,0.21,4,2,5,1,5,718,0,213,0,2,2,0,IND,6.7,4.5,6.25,7.6,0.1476,-8.0,24.3,RETAIL_MORTGAGES,0.0,0.0,0.0,0.0,0.0
11244,BANK001,HDFC Bank Limited,HDFC-LN-RETA-00055,1.69,6.83,13.3,1.61,0,0.0645,2026-06-19,2026-06-19T20:48:53,29.0,2,3.6,2610854.0,0.25,2,2,6,3,5,739,0,125,0,3,4,0,IND,6.7,4.5,6.25,7.6,1.1686,-86.0,36.9,RETAIL_MORTGAGES,0.0,0.0,0.0,0.0,0.0
11245,BANK001,HDFC Bank Limited,HDFC-LN-RETA-00056,0.76,11.37,15.0,2.18,0,0.029,2026-06-19,2026-06-19T20:48:53,40.0,2,9.0,1249873.0,0.32,1,2,6,3,5,810,0,137,0,1,4,0,IND,6.7,4.5,6.25,7.6,-0.39,-4.0,19.7,RETAIL_MORTGAGES,0.0,0.0,0.0,0.0,0.0
11247,BANK001,HDFC Bank Limited,HDFC-LN-RETA-00057,1.43,13.15,12.6,2.73,0,0.0457,2026-06-19,2026-06-19T20:48:53,33.0,1,5.9,4887797.0,0.26,2,1,5,3,5,811,0,124,0,0,1,0,IND,6.7,4.5,6.25,7.6,0.0492,-2.0,27.3,RETAIL_MORTGAGES,0.0,0.0,0.0,0.0,0.0
11248,BANK001,HDFC Bank Limited,HDFC-LN-CORP-00027,1.42,10.59,14.8,1.88,0,0.0455,2026-06-19,2026-06-19T20:48:53,50.0,5,6.6,13481440.0,0.4,0,1,4,2,2,761,0,17,0,3,1,0,IND,6.7,4.5,6.25,7.6,0.3853,50.0,51.1,CORPORATE,0.0,0.0,0.0,0.0,0.0
11249,BANK001,HDFC Bank Limited,HDFC-LN-SME-00032,0.75,10.82,21.9,2.68,0,0.0288,2026-06-19,2026-06-19T20:48:53,42.0,5,9.4,3287621.0,0.35,4,2,1,3,2,792,0,51,0,1,1,0,IND,6.7,4.5,6.25,7.6,-0.7061,69.0,28.5,SME,0.0,0.0,0.0,0.0,0.0
11250,BANK001,HDFC Bank Limited,HDFC-LN-CORP-00028,1.4,10.06,23.8,1.97,0,0.045,2026-06-19,2026-06-19T20:48:53,28.0,5,3.6,18947906.0,0.21,4,1,2,1,2,764,0,214,0,2,3,0,IND,6.7,4.5,6.25,7.6,0.658,9.0,41.5,CORPORATE,0.0,0.0,0.0,0.0,0.0
11251,BANK001,HDFC Bank Limited,HDFC-LN-RETA-00058,0.94,9.89,17.1,1.95,0,0.0335,2026-06-19,2026-06-19T20:48:53,58.0,2,19.4,1935391.0,0.37,0,1,4,2,5,791,0,232,0,2,4,0,IND,6.7,4.5,6.25,7.6,-0.2655,-9.0,23.4,RETAIL_MORTGAGES,0.0,0.0,0.0,0.0,0.0
11252,BANK001,HDFC Bank Limited,HDFC-LN-SME-00033,0.49,13.14,24.8,2.66,0,0.0222,2026-06-19,2026-06-19T20:48:53,41.0,5,14.2,9104604.0,0.37,4,1,3,1,2,799,0,93,0,1,2,0,IND,6.7,4.5,6.25,7.6,-0.8829,41.0,27.5,SME,0.0,0.0,0.0,0.0,0.0
11253,BANK001,HDFC Bank Limited,HDFC-LN-RETA-00059,1.12,10.17,11.2,2.63,0,0.0893,2026-06-19,2026-06-19T20:48:53,56.0,1,6.1,2978455.0,0.43,4,1,4,1,5,720,0,69,0,2,3,0,IND,6.7,4.5,6.25,7.6,0.1447,-38.0,20.8,RETAIL_MORTGAGES,0.0,0.0,0.0,0.0,0.0
11254,BANK001,HDFC Bank Limited,HDFC-LN-CORP-00029,1.88,13.37,24.4,1.93,0,0.057,2026-06-19,2026-06-19T20:48:53,48.0,2,1.3,5140276.0,0.26,3,1,2,1,2,772,0,134,0,2,4,0,IND,6.7,4.5,6.25,7.6,-0.1,53.0,42.8,CORPORATE,0.0,0.0,0.0,0.0,0.0
11256,BANK001,HDFC Bank Limited,HDFC-LN-RETA-00060,1.48,4.56,7.2,2.58,0,0.0914,2026-06-19,2026-06-19T20:48:53,52.0,2,10.9,1469536.0,0.35,3,2,6,1,5,710,0,155,0,1,4,0,IND,6.7,4.5,6.25,7.6,-0.1827,-5.0,35.7,RETAIL_MORTGAGES,0.0,0.0,0.0,0.0,0.0
11259,BANK001,HDFC Bank Limited,HDFC-LN-CORP-00030,1.2,8.29,17.4,1.55,0,0.04,2026-06-19,2026-06-19T20:48:53,47.0,5,21.5,23062113.0,0.4,1,1,1,2,2,795,0,86,0,1,3,0,IND,6.7,4.5,6.25,7.6,-0.5244,81.0,30.2,CORPORATE,0.0,0.0,0.0,0.0,0.0
11260,BANK001,HDFC Bank Limited,HDFC-LN-SME-00034,1.03,9.04,11.4,2.48,0,0.0535,2026-06-19,2026-06-19T20:48:53,27.0,4,2.3,5290729.0,0.36,3,1,1,3,2,734,0,179,0,3,3,0,IND,6.7,4.5,6.25,7.6,-0.2468,12.0,39.4,SME,0.0,0.0,0.0,0.0,0.0
11261,BANK001,HDFC Bank Limited,HDFC-LN-CORP-00031,1.97,10.33,17.3,2.95,0,0.0593,2026-06-19,2026-06-19T20:48:53,60.0,2,3.8,6890171.0,0.37,0,1,4,3,2,790,0,127,0,1,1,0,IND,6.7,4.5,6.25,7.6,1.178,65.0,43.2,CORPORATE,0.0,0.0,0.0,0.0,0.0
11262,BANK001,HDFC Bank Limited,HDFC-LN-CORP-00032,0.69,8.58,18.2,2.04,0,0.0272,2026-06-19,2026-06-19T20:48:53,31.0,5,8.9,24226082.0,0.21,4,1,1,3,2,783,0,128,0,2,1,0,IND,6.7,4.5,6.25,7.6,-0.2304,-18.0,13.9,CORPORATE,0.0,0.0,0.0,0.0,0.0
11264,BANK001,HDFC Bank Limited,HDFC-LN-RETA-00061,0.82,10.32,9.1,2.08,0,0.0305,2026-06-19,2026-06-19T20:48:53,33.0,1,8.3,1738934.0,0.25,2,1,5,2,5,830,0,114,0,0,5,0,IND,6.7,4.5,6.25,7.6,-0.2605,32.0,22.7,RETAIL_MORTGAGES,0.0,0.0,0.0,0.0,0.0
11268,BANK001,HDFC Bank Limited,HDFC-LN-SME-00035,1.03,6.64,14.1,1.61,0,0.0358,2026-06-19,2026-06-19T20:48:53,46.0,5,12.2,9659714.0,0.25,3,1,2,2,2,813,0,45,0,2,2,0,IND,6.7,4.5,6.25,7.6,-0.953,19.0,42.2,SME,0.0,0.0,0.0,0.0,0.0
11269,BANK001,HDFC Bank Limited,HDFC-LN-RETA-00062,1.93,11.82,8.4,1.89,0,0.1016,2026-06-19,2026-06-19T20:48:53,41.0,1,17.6,4245041.0,0.38,0,2,5,2,5,711,0,221,0,3,2,0,IND,6.7,4.5,6.25,7.6,1.1516,-85.0,39.7,RETAIL_MORTGAGES,0.0,0.0,0.0,0.0,0.0
11271,BANK001,HDFC Bank Limited,HDFC-LN-RETA-00063,0.47,5.51,16.5,1.73,0,0.0217,2026-06-19,2026-06-19T20:48:53,61.0,2,14.8,4242341.0,0.38,1,1,5,2,5,822,0,200,0,1,5,0,IND,6.7,4.5,6.25,7.6,-1.2837,41.0,20.3,RETAIL_MORTGAGES,0.0,0.0,0.0,0.0,0.0
11272,BANK001,HDFC Bank Limited,HDFC-LN-CORP-00033,0.83,5.43,9.0,1.67,0,0.0307,2026-06-19,2026-06-19T20:48:53,36.0,5,6.0,22088546.0,0.18,4,1,2,2,2,799,0,205,0,3,4,0,IND,6.7,4.5,6.25,7.6,-1.0558,24.0,25.6,CORPORATE,0.0,0.0,0.0,0.0,0.0
11273,BANK001,HDFC Bank Limited,HDFC-LN-RETA-00064,1.86,3.75,14.1,1.55,0,0.0565,2026-06-19,2026-06-19T20:48:53,54.0,2,16.8,1631238.0,0.25,0,1,3,1,5,793,0,32,0,3,2,0,IND,6.7,4.5,6.25,7.6,-0.0147,-4.0,8.4,RETAIL_MORTGAGES,0.0,0.0,0.0,0.0,0.0
11275,BANK001,HDFC Bank Limited,HDFC-LN-SME-00036,0.42,12.24,18.9,2.79,0,0.0205,2026-06-19,2026-06-19T20:48:53,54.0,5,26.6,2503323.0,0.36,1,1,3,1,2,780,0,14,0,1,5,0,IND,6.7,4.5,6.25,7.6,-0.3929,-3.0,14.2,SME,0.0,0.0,0.0,0.0,0.0
11276,BANK001,HDFC Bank Limited,HDFC-LN-CORP-00034,1.37,12.39,6.5,1.78,0,0.0443,2026-06-19,2026-06-19T20:48:53,54.0,5,6.6,19234524.0,0.21,2,2,1,2,2,779,0,33,0,0,1,0,IND,6.7,4.5,6.25,7.6,0.6309,68.0,53.5,CORPORATE,0.0,0.0,0.0,0.0,0.0
11277,BANK001,HDFC Bank Limited,HDFC-LN-SME-00037,1.4,8.72,21.3,1.54,0,0.045,2026-06-19,2026-06-19T20:48:53,52.0,5,7.9,5251711.0,0.26,4,2,1,3,2,821,0,162,0,0,2,0,IND,6.7,4.5,6.25,7.6,-0.3881,9.0,16.4,SME,0.0,0.0,0.0,0.0,0.0
11278,BANK001,HDFC Bank Limited,HDFC-LN-SME-00038,1.22,10.06,12.0,1.44,0,0.0405,2026-06-19,2026-06-19T20:48:53,52.0,4,19.0,9189045.0,0.31,2,2,3,2,2,762,0,180,0,1,4,0,IND,6.7,4.5,6.25,7.6,0.3995,-60.0,52.3,SME,0.0,0.0,0.0,0.0,0.0
11280,BANK001,HDFC Bank Limited,HDFC-LN-CORP-00035,1.73,4.47,23.1,1.88,0,0.0533,2026-06-19,2026-06-19T20:48:53,40.0,2,15.8,20147172.0,0.26,1,2,1,2,2,806,0,140,0,1,3,0,IND,6.7,4.5,6.25,7.6,1.0122,-24.0,27.8,CORPORATE,0.0,0.0,0.0,0.0,0.0
11281,BANK001,HDFC Bank Limited,HDFC-LN-CORP-00036,0.56,5.8,24.6,2.01,0,0.024,2026-06-19,2026-06-19T20:48:53,24.0,5,2.0,5123375.0,0.38,4,2,4,2,2,779,0,219,0,1,4,0,IND,6.7,4.5,6.25,7.6,-0.8015,42.0,6.1,CORPORATE,0.0,0.0,0.0,0.0,0.0
11285,BANK001,HDFC Bank Limited,HDFC-LN-SME-00039,0.42,5.38,16.8,2.33,0,0.0605,2026-06-19,2026-06-19T20:48:53,25.0,4,2.8,7314617.0,0.21,2,2,4,2,2,714,0,212,0,1,2,0,IND,6.7,4.5,6.25,7.6,-0.5285,-40.0,25.7,SME,0.0,0.0,0.0,0.0,0.0
11286,BANK001,HDFC Bank Limited,HDFC-LN-SME-00040,1.1,13.44,23.5,1.73,0,0.0542,2026-06-19,2026-06-19T20:48:53,32.0,4,1.8,9996267.0,0.36,3,1,3,2,2,735,0,187,0,2,4,0,IND,6.7,4.5,6.25,7.6,-0.7197,-10.0,36.0,SME,0.0,0.0,0.0,0.0,0.0
11287,BANK003,JPMorgan Chase Bank N.A.,JPM-LN-RETA-00001,1.69,5.5,7.8,2.03,0,0.0523,2026-06-19,2026-06-19T21:08:08,45.0,2,16.9,1754956.0,0.29,3,1,4,3,5,764,0,231,0,3,2,0,USA,2.2,2.6,4.25,4.2,-0.0921,48.0,25.1,RETAIL_MORTGAGES,0.0,0.0,0.0,0.0,0.0
11288,BANK003,JPMorgan Chase Bank N.A.,JPM-LN-CORP-00001,0.4,7.6,23.6,2.63,0,0.0244,2026-06-19,2026-06-19T21:08:08,27.0,5,1.9,21151708.0,0.29,3,1,4,2,2,746,0,108,0,0,2,0,USA,2.2,2.6,4.25,4.2,-1.5317,-64.0,8.1,CORPORATE,0.0,0.0,0.0,0.0,0.0
11289,BANK003,JPMorgan Chase Bank N.A.,JPM-LN-CORP-00002,0.41,12.08,11.7,2.43,0,0.0262,2026-06-19,2026-06-19T21:08:08,56.0,5,25.2,19703034.0,0.41,4,1,3,1,2,830,0,186,0,2,5,0,USA,2.2,2.6,4.25,4.2,-0.4131,7.0,41.5,CORPORATE,0.0,0.0,0.0,0.0,0.0
11290,BANK003,JPMorgan Chase Bank N.A.,JPM-LN-CORP-00003,0.64,4.84,11.9,2.83,0,0.044,2026-06-19,2026-06-19T21:08:08,32.0,2,5.9,10001431.0,0.43,4,1,1,1,2,811,0,219,0,2,5,0,USA,2.2,2.6,4.25,4.2,0.1762,56.0,26.8,CORPORATE,0.0,0.0,0.0,0.0,0.0
11291,BANK003,JPMorgan Chase Bank N.A.,JPM-LN-SME-00001,0.76,10.43,13.6,1.77,0,0.0826,2026-06-19,2026-06-19T21:08:08,39.0,5,14.1,3674138.0,0.43,1,1,1,2,2,718,0,123,0,2,3,0,USA,2.2,2.6,4.25,4.2,-0.0866,-74.0,47.8,SME,0.0,0.0,0.0,0.0,0.0
11292,BANK003,JPMorgan Chase Bank N.A.,JPM-LN-RETA-00002,1.22,10.15,12.4,2.69,0,0.0405,2026-06-19,2026-06-19T21:08:08,24.0,2,1.2,4033786.0,0.24,2,2,6,2,5,806,0,127,0,1,1,0,USA,2.2,2.6,4.25,4.2,0.3233,-7.0,47.4,RETAIL_MORTGAGES,0.0,0.0,0.0,0.0,0.0
11293,BANK003,JPMorgan Chase Bank N.A.,JPM-LN-CORP-00004,1.7,12.87,14.1,2.84,0,0.0585,2026-06-19,2026-06-19T21:08:08,35.0,2,12.9,22821828.0,0.41,4,1,2,2,2,767,0,158,0,2,4,0,USA,2.2,2.6,4.25,4.2,0.1102,-3.0,51.8,CORPORATE,0.0,0.0,0.0,0.0,0.0
11294,BANK003,JPMorgan Chase Bank N.A.,JPM-LN-RETA-00003,1.47,9.42,10.1,2.49,0,0.0467,2026-06-19,2026-06-19T21:08:08,27.0,2,1.1,4719980.0,0.28,3,1,3,1,5,808,0,45,0,1,2,0,USA,2.2,2.6,4.25,4.2,0.1006,3.0,7.9,RETAIL_MORTGAGES,0.0,0.0,0.0,0.0,0.0
11295,BANK003,JPMorgan Chase Bank N.A.,JPM-LN-SME-00002,1.1,11.2,24.3,1.76,0,0.0495,2026-06-19,2026-06-19T21:08:08,46.0,4,12.3,8898211.0,0.42,1,1,1,2,2,813,0,116,0,2,4,0,USA,2.2,2.6,4.25,4.2,-0.5394,44.0,48.6,SME,0.0,0.0,0.0,0.0,0.0
11296,BANK003,JPMorgan Chase Bank N.A.,JPM-LN-SME-00003,1.61,10.75,18.3,2.13,0,0.0503,2026-06-19,2026-06-19T21:08:08,46.0,4,5.4,9952925.0,0.18,4,1,1,3,2,811,0,67,0,3,4,0,USA,2.2,2.6,4.25,4.2,0.7392,50.0,37.4,SME,0.0,0.0,0.0,0.0,0.0
11297,BANK003,JPMorgan Chase Bank N.A.,JPM-LN-SME-00004,0.6,3.98,7.0,1.8,0,0.025,2026-06-19,2026-06-19T21:08:08,31.0,4,2.8,4485095.0,0.21,4,1,3,1,2,830,0,51,0,2,1,0,USA,2.2,2.6,4.25,4.2,-1.1895,58.0,16.1,SME,0.0,0.0,0.0,0.0,0.0
11299,BANK003,JPMorgan Chase Bank N.A.,JPM-LN-CORP-00005,0.91,4.6,9.1,2.0,0,0.0328,2026-06-19,2026-06-19T21:08:08,35.0,5,12.6,21499579.0,0.25,2,1,4,3,2,773,0,126,0,2,4,0,USA,2.2,2.6,4.25,4.2,-1.0023,-41.0,47.6,CORPORATE,0.0,0.0,0.0,0.0,0.0
11300,BANK003,JPMorgan Chase Bank N.A.,JPM-LN-CORP-00006,0.55,13.92,23.3,2.08,0,0.0515,2026-06-19,2026-06-19T21:08:08,27.0,2,3.8,13029490.0,0.35,3,1,4,1,2,725,0,85,0,0,5,0,USA,2.2,2.6,4.25,4.2,-0.0964,-104.0,28.3,CORPORATE,0.0,0.0,0.0,0.0,0.0
11301,BANK003,JPMorgan Chase Bank N.A.,JPM-LN-CORP-00007,1.01,12.49,13.8,1.84,0,0.0353,2026-06-19,2026-06-19T21:08:08,43.0,5,10.1,17657069.0,0.36,4,2,3,3,2,770,0,88,0,1,2,0,USA,2.2,2.6,4.25,4.2,-0.6883,11.0,9.1,CORPORATE,0.0,0.0,0.0,0.0,0.0
11302,BANK003,JPMorgan Chase Bank N.A.,JPM-LN-CORP-00008,1.39,5.97,19.0,1.79,0,0.057,2026-06-19,2026-06-19T21:08:08,54.0,5,12.0,22905393.0,0.37,0,1,3,3,2,739,0,87,0,3,5,0,USA,2.2,2.6,4.25,4.2,0.2956,17.0,21.1,CORPORATE,0.0,0.0,0.0,0.0,0.0
11304,BANK003,JPMorgan Chase Bank N.A.,JPM-LN-RETA-00004,1.33,11.19,7.7,1.8,0,0.0433,2026-06-19,2026-06-19T21:08:08,38.0,2,10.4,4989149.0,0.29,0,1,4,3,5,805,0,16,0,2,4,0,USA,2.2,2.6,4.25,4.2,0.6087,-5.0,25.7,RETAIL_MORTGAGES,0.0,0.0,0.0,0.0,0.0
11305,BANK003,JPMorgan Chase Bank N.A.,JPM-LN-CORP-00009,0.44,12.78,16.7,2.86,0,0.0343,2026-06-19,2026-06-19T21:08:08,49.0,5,22.4,17785094.0,0.35,3,1,3,3,2,738,0,101,0,0,2,0,USA,2.2,2.6,4.25,4.2,-0.9766,-31.0,23.1,CORPORATE,0.0,0.0,0.0,0.0,0.0
11306,BANK003,JPMorgan Chase Bank N.A.,JPM-LN-CORP-00010,0.61,7.26,21.0,2.3,0,0.0675,2026-06-19,2026-06-19T21:08:08,61.0,5,16.7,9361812.0,0.23,0,1,3,1,2,712,0,210,0,1,1,0,USA,2.2,2.6,4.25,4.2,0.1262,-92.0,5.7,CORPORATE,0.0,0.0,0.0,0.0,0.0
11307,BANK003,JPMorgan Chase Bank N.A.,JPM-LN-SME-00005,1.41,9.26,12.2,2.99,0,0.0452,2026-06-19,2026-06-19T21:08:08,54.0,5,18.6,4702069.0,0.26,4,1,1,1,2,777,0,22,0,1,3,0,USA,2.2,2.6,4.25,4.2,0.2011,12.0,12.2,SME,0.0,0.0,0.0,0.0,0.0
11308,BANK003,JPMorgan Chase Bank N.A.,JPM-LN-CORP-00011,0.69,5.0,18.5,1.42,0,0.0272,2026-06-19,2026-06-19T21:08:08,60.0,5,21.4,14169432.0,0.34,0,1,3,1,2,804,0,85,0,2,3,0,USA,2.2,2.6,4.25,4.2,0.2409,-1.0,17.4,CORPORATE,0.0,0.0,0.0,0.0,0.0
11310,BANK003,JPMorgan Chase Bank N.A.,JPM-LN-CORP-00012,0.92,13.7,12.0,2.05,0,0.033,2026-06-19,2026-06-19T21:08:08,30.0,5,4.2,21579816.0,0.29,4,1,1,1,2,770,0,150,0,3,5,0,USA,2.2,2.6,4.25,4.2,0.0355,25.0,46.0,CORPORATE,0.0,0.0,0.0,0.0,0.0
11311,BANK003,JPMorgan Chase Bank N.A.,JPM-LN-CORP-00013,1.99,9.0,17.6,1.92,0,0.0598,2026-06-19,2026-06-19T21:08:08,44.0,5,11.6,7829616.0,0.25,3,1,3,3,2,827,0,50,0,0,2,0,USA,2.2,2.6,4.25,4.2,0.936,74.0,24.5,CORPORATE,0.0,0.0,0.0,0.0,0.0
11312,BANK003,JPMorgan Chase Bank N.A.,JPM-LN-CORP-00014,0.43,6.74,24.1,1.88,0,0.0208,2026-06-19,2026-06-19T21:08:08,32.0,5,1.8,22662829.0,0.31,2,2,2,3,2,808,0,177,0,3,5,0,USA,2.2,2.6,4.25,4.2,-0.3325,81.0,20.2,CORPORATE,0.0,0.0,0.0,0.0,0.0
11313,BANK003,JPMorgan Chase Bank N.A.,JPM-LN-CORP-00015,5.71,1.71,-2.3,1.06,1,0.6997,2026-06-19,2026-06-19T21:08:08,26.0,2,2.6,12851835.0,0.68,2,2,3,3,2,647,0,85,5,3,2,0,USA,2.2,2.6,4.25,4.2,4.003,-165.0,34.1,CORPORATE,0.0,0.0,0.0,0.0,0.0
11315,BANK003,JPMorgan Chase Bank N.A.,JPM-LN-CORP-00016,1.24,7.29,24.1,2.22,0,0.065,2026-06-19,2026-06-19T21:08:08,55.0,5,18.8,5052490.0,0.44,0,1,3,2,2,810,0,67,0,3,2,0,USA,2.2,2.6,4.25,4.2,-0.0466,51.0,39.6,CORPORATE,0.0,0.0,0.0,0.0,0.0
11316,BANK003,JPMorgan Chase Bank N.A.,JPM-LN-CORP-00017,1.98,9.2,10.8,2.58,0,0.0773,2026-06-19,2026-06-19T21:08:08,54.0,5,26.7,11693096.0,0.25,3,1,3,1,2,734,0,86,0,2,5,0,USA,2.2,2.6,4.25,4.2,0.2006,18.0,42.1,CORPORATE,0.0,0.0,0.0,0.0,0.0
11317,BANK003,JPMorgan Chase Bank N.A.,JPM-LN-SME-00006,1.11,4.31,8.6,1.92,0,0.0378,2026-06-19,2026-06-19T21:08:08,32.0,4,6.4,2271667.0,0.35,2,1,4,3,2,750,0,179,0,3,3,0,USA,2.2,2.6,4.25,4.2,0.3106,26.0,28.4,SME,0.0,0.0,0.0,0.0,0.0
11318,BANK003,JPMorgan Chase Bank N.A.,JPM-LN-RETA-00005,1.86,4.08,8.4,1.56,0,0.0776,2026-06-19,2026-06-19T21:08:08,32.0,2,6.8,2712334.0,0.22,4,1,5,1,3,731,0,52,0,1,4,0,USA,2.2,2.6,4.25,4.2,-0.0356,-7.0,8.9,RETAIL_OTHER,0.0,0.0,0.0,0.0,0.0
11319,BANK003,JPMorgan Chase Bank N.A.,JPM-LN-RETA-00006,0.48,13.43,22.4,2.01,0,0.028,2026-06-19,2026-06-19T21:08:08,46.0,2,3.8,2356527.0,0.41,0,1,3,2,4,820,0,121,0,1,2,0,USA,2.2,2.6,4.25,4.2,-1.2216,-9.0,45.1,RETAIL_OTHER,0.0,0.0,0.0,0.0,0.0
11321,BANK003,JPMorgan Chase Bank N.A.,JPM-LN-CORP-00018,1.16,3.67,12.3,1.49,0,0.039,2026-06-19,2026-06-19T21:08:08,62.0,2,25.0,22022666.0,0.33,2,2,3,3,2,763,0,142,0,3,5,0,USA,2.2,2.6,4.25,4.2,-0.5148,-39.0,51.1,CORPORATE,0.0,0.0,0.0,0.0,0.0
11323,BANK003,JPMorgan Chase Bank N.A.,JPM-LN-RETA-00007,0.72,9.16,23.7,2.48,0,0.0536,2026-06-19,2026-06-19T21:08:08,31.0,4,3.8,731473.0,0.21,1,2,3,2,1,727,0,119,0,2,4,0,USA,2.2,2.6,4.25,4.2,-0.8654,-13.0,9.4,RETAIL_OTHER,0.0,0.0,0.0,0.0,0.0
11324,BANK003,JPMorgan Chase Bank N.A.,JPM-LN-CORP-00019,1.9,13.6,23.6,2.79,0,0.1008,2026-06-19,2026-06-19T21:08:08,44.0,5,20.6,10898490.0,0.26,1,2,1,1,2,711,0,15,0,3,4,0,USA,2.2,2.6,4.25,4.2,0.5355,-117.0,30.4,CORPORATE,0.0,0.0,0.0,0.0,0.0
11325,BANK003,JPMorgan Chase Bank N.A.,JPM-LN-SME-00007,0.78,11.41,24.1,1.81,0,0.0295,2026-06-19,2026-06-19T21:08:08,35.0,5,6.7,3179537.0,0.33,3,1,1,1,2,802,0,69,0,0,3,0,USA,2.2,2.6,4.25,4.2,-0.0385,46.0,7.3,SME,0.0,0.0,0.0,0.0,0.0
11326,BANK003,JPMorgan Chase Bank N.A.,JPM-LN-CORP-00020,1.33,3.98,12.5,1.41,0,0.0919,2026-06-19,2026-06-19T21:08:08,52.0,2,22.0,15340454.0,0.42,1,2,1,3,2,717,0,107,0,2,1,0,USA,2.2,2.6,4.25,4.2,0.8196,-112.0,47.2,CORPORATE,0.0,0.0,0.0,0.0,0.0
11327,BANK003,JPMorgan Chase Bank N.A.,JPM-LN-CORP-00021,1.72,6.1,12.6,1.77,0,0.059,2026-06-19,2026-06-19T21:08:08,35.0,5,9.1,20535832.0,0.41,3,1,1,2,2,829,0,145,0,3,5,0,USA,2.2,2.6,4.25,4.2,0.0952,115.0,18.5,CORPORATE,0.0,0.0,0.0,0.0,0.0
11328,BANK003,JPMorgan Chase Bank N.A.,JPM-LN-CORP-00022,0.84,9.35,17.2,2.55,0,0.051,2026-06-19,2026-06-19T21:08:08,32.0,5,8.9,15125534.0,0.34,2,1,3,1,2,732,0,175,0,1,4,0,USA,2.2,2.6,4.25,4.2,-0.2435,-41.0,49.7,CORPORATE,0.0,0.0,0.0,0.0,0.0
11329,BANK003,JPMorgan Chase Bank N.A.,JPM-LN-CORP-00023,1.68,11.09,20.5,1.84,0,0.0676,2026-06-19,2026-06-19T21:08:08,39.0,5,5.9,17054750.0,0.28,0,2,4,2,2,736,0,98,0,3,4,0,USA,2.2,2.6,4.25,4.2,0.6177,-46.0,23.0,CORPORATE,0.0,0.0,0.0,0.0,0.0
11331,BANK003,JPMorgan Chase Bank N.A.,JPM-LN-RETA-00008,1.67,4.33,24.2,2.08,0,0.0857,2026-06-19,2026-06-19T21:08:08,42.0,2,3.8,2599431.0,0.44,2,1,4,1,1,741,0,55,0,2,3,0,USA,2.2,2.6,4.25,4.2,0.9086,-56.0,46.9,RETAIL_OTHER,0.0,0.0,0.0,0.0,0.0
11333,BANK003,JPMorgan Chase Bank N.A.,JPM-LN-RETA-00009,1.32,5.28,13.2,1.54,0,0.0452,2026-06-19,2026-06-19T21:08:08,59.0,2,13.0,2424096.0,0.25,1,1,5,2,5,748,0,205,0,0,5,0,USA,2.2,2.6,4.25,4.2,0.6865,17.0,25.6,RETAIL_MORTGAGES,0.0,0.0,0.0,0.0,0.0
11335,BANK003,JPMorgan Chase Bank N.A.,JPM-LN-RETA-00010,1.45,7.23,18.3,1.38,0,0.0462,2026-06-19,2026-06-19T21:08:08,48.0,2,18.5,1907975.0,0.36,1,1,6,3,3,792,0,213,0,0,1,0,USA,2.2,2.6,4.25,4.2,0.4106,-14.0,35.2,RETAIL_OTHER,0.0,0.0,0.0,0.0,0.0
11336,BANK003,JPMorgan Chase Bank N.A.,JPM-LN-CORP-00024,1.09,3.55,10.1,1.77,0,0.0373,2026-06-19,2026-06-19T21:08:08,45.0,5,9.7,19500026.0,0.39,4,2,2,3,2,800,0,194,0,1,4,0,USA,2.2,2.6,4.25,4.2,0.5899,77.0,44.2,CORPORATE,0.0,0.0,0.0,0.0,0.0
11337,BANK003,JPMorgan Chase Bank N.A.,JPM-LN-RETA-00011,0.62,7.53,9.5,2.38,0,0.0375,2026-06-19,2026-06-19T21:08:08,43.0,1,14.9,1965759.0,0.42,4,1,5,1,4,798,0,136,0,3,4,0,USA,2.2,2.6,4.25,4.2,-1.2691,66.0,51.4,RETAIL_OTHER,0.0,0.0,0.0,0.0,0.0
11338,BANK003,JPMorgan Chase Bank N.A.,JPM-LN-CORP-00025,0.67,8.3,20.1,2.6,0,0.0268,2026-06-19,2026-06-19T21:08:08,55.0,5,9.5,12399742.0,0.31,2,1,1,3,2,780,0,76,0,1,5,0,USA,2.2,2.6,4.25,4.2,-0.6463,36.0,41.1,CORPORATE,0.0,0.0,0.0,0.0,0.0
11339,BANK003,JPMorgan Chase Bank N.A.,JPM-LN-SME-00008,1.35,5.27,24.6,1.8,0,0.0438,2026-06-19,2026-06-19T21:08:08,37.0,4,3.9,8824383.0,0.25,2,1,2,1,2,783,0,21,0,2,5,0,USA,2.2,2.6,4.25,4.2,-0.4228,-42.0,19.2,SME,0.0,0.0,0.0,0.0,0.0
11340,BANK003,JPMorgan Chase Bank N.A.,JPM-LN-CORP-00026,0.99,6.64,13.3,2.68,0,0.0348,2026-06-19,2026-06-19T21:08:08,24.0,2,1.4,12682182.0,0.21,2,1,2,2,2,821,0,193,0,0,1,0,USA,2.2,2.6,4.25,4.2,-0.9987,93.0,43.9,CORPORATE,0.0,0.0,0.0,0.0,0.0
11341,BANK003,JPMorgan Chase Bank N.A.,JPM-LN-SME-00009,1.53,10.87,9.1,2.92,0,0.0483,2026-06-19,2026-06-19T21:08:08,51.0,5,9.7,2461613.0,0.31,0,2,4,3,2,776,0,195,0,1,1,0,USA,2.2,2.6,4.25,4.2,-0.186,33.0,12.9,SME,0.0,0.0,0.0,0.0,0.0
11342,BANK003,JPMorgan Chase Bank N.A.,JPM-LN-SME-00010,0.4,12.52,6.2,1.38,0,0.02,2026-06-19,2026-06-19T21:08:08,47.0,4,14.8,9501667.0,0.28,4,1,2,2,2,756,0,191,0,0,2,0,USA,2.2,2.6,4.25,4.2,-0.2401,-73.0,15.4,SME,0.0,0.0,0.0,0.0,0.0
11343,BANK003,JPMorgan Chase Bank N.A.,JPM-LN-CORP-00027,0.42,12.22,24.7,1.52,0,0.0205,2026-06-19,2026-06-19T21:08:08,27.0,2,2.0,23458994.0,0.28,0,2,4,3,2,815,0,124,0,0,2,0,USA,2.2,2.6,4.25,4.2,-1.0781,-15.0,12.5,CORPORATE,0.0,0.0,0.0,0.0,0.0
11344,BANK003,JPMorgan Chase Bank N.A.,JPM-LN-RETA-00012,0.49,9.82,6.4,2.11,0,0.0342,2026-06-19,2026-06-19T21:08:08,61.0,2,16.7,2464548.0,0.42,0,1,4,3,3,752,0,50,0,3,1,0,USA,2.2,2.6,4.25,4.2,-0.2323,26.0,11.9,RETAIL_OTHER,0.0,0.0,0.0,0.0,0.0
11345,BANK003,JPMorgan Chase Bank N.A.,JPM-LN-CORP-00028,1.7,7.47,19.9,1.8,0,0.0725,2026-06-19,2026-06-19T21:08:08,43.0,2,14.9,23856829.0,0.37,4,2,3,1,2,732,0,163,0,2,2,0,USA,2.2,2.6,4.25,4.2,-0.2181,-51.0,51.3,CORPORATE,0.0,0.0,0.0,0.0,0.0
11347,BANK003,JPMorgan Chase Bank N.A.,JPM-LN-SME-00011,0.73,5.49,19.2,2.53,0,0.0282,2026-06-19,2026-06-19T21:08:08,29.0,5,6.3,7094549.0,0.32,2,1,4,3,2,803,0,46,0,0,1,0,USA,2.2,2.6,4.25,4.2,-0.727,55.0,30.9,SME,0.0,0.0,0.0,0.0,0.0
11348,BANK003,JPMorgan Chase Bank N.A.,JPM-LN-RETA-00013,1.02,7.4,13.2,1.62,0,0.0744,2026-06-19,2026-06-19T21:08:08,37.0,2,7.8,2375284.0,0.25,4,1,5,2,3,715,0,175,0,2,1,0,USA,2.2,2.6,4.25,4.2,-0.1241,-23.0,21.5,RETAIL_OTHER,0.0,0.0,0.0,0.0,0.0
11349,BANK003,JPMorgan Chase Bank N.A.,JPM-LN-RETA-00014,0.47,4.32,19.0,1.64,0,0.0217,2026-06-19,2026-06-19T21:08:08,60.0,2,28.5,1125106.0,0.34,1,2,4,1,3,815,0,48,0,1,2,0,USA,2.2,2.6,4.25,4.2,-1.2646,72.0,52.1,RETAIL_OTHER,0.0,0.0,0.0,0.0,0.0
11351,BANK003,JPMorgan Chase Bank N.A.,JPM-LN-SME-00012,0.62,12.44,22.7,1.35,0,0.0493,2026-06-19,2026-06-19T21:08:08,36.0,5,11.3,6322395.0,0.41,3,1,3,1,2,734,0,22,0,2,5,0,USA,2.2,2.6,4.25,4.2,-0.1012,17.0,14.2,SME,0.0,0.0,0.0,0.0,0.0
11352,BANK003,JPMorgan Chase Bank N.A.,JPM-LN-CORP-00029,1.48,6.33,13.8,1.33,0,0.065,2026-06-19,2026-06-19T21:08:08,61.0,5,5.7,6666012.0,0.43,1,2,3,1,2,809,0,152,0,1,2,0,USA,2.2,2.6,4.25,4.2,-0.0115,39.0,46.7,CORPORATE,0.0,0.0,0.0,0.0,0.0
11355,BANK003,JPMorgan Chase Bank N.A.,JPM-LN-CORP-00030,1.46,10.36,6.4,2.47,0,0.0465,2026-06-19,2026-06-19T21:08:08,25.0,5,2.5,13582860.0,0.3,0,1,4,3,2,763,0,165,0,0,5,0,USA,2.2,2.6,4.25,4.2,0.8622,21.0,52.0,CORPORATE,0.0,0.0,0.0,0.0,0.0
11356,BANK003,JPMorgan Chase Bank N.A.,JPM-LN-CORP-00031,1.83,13.53,11.1,2.55,0,0.0558,2026-06-19,2026-06-19T21:08:08,26.0,2,3.6,5324549.0,0.39,2,1,1,1,2,757,0,175,0,1,3,0,USA,2.2,2.6,4.25,4.2,1.1374,-4.0,17.8,CORPORATE,0.0,0.0,0.0,0.0,0.0
11357,BANK003,JPMorgan Chase Bank N.A.,JPM-LN-CORP-00032,1.53,10.62,20.6,2.28,0,0.0483,2026-06-19,2026-06-19T21:08:08,35.0,5,6.3,18800409.0,0.24,0,1,4,2,2,782,0,22,0,2,3,0,USA,2.2,2.6,4.25,4.2,-0.3992,-39.0,20.9,CORPORATE,0.0,0.0,0.0,0.0,0.0
11358,BANK003,JPMorgan Chase Bank N.A.,JPM-LN-SME-00013,1.11,9.52,7.7,2.15,0,0.0378,2026-06-19,2026-06-19T21:08:08,34.0,4,8.1,6617891.0,0.21,3,1,1,3,2,750,0,109,0,1,1,0,USA,2.2,2.6,4.25,4.2,-0.0858,-43.0,33.0,SME,0.0,0.0,0.0,0.0,0.0
11359,BANK003,JPMorgan Chase Bank N.A.,JPM-LN-RETA-00015,0.95,12.21,24.3,1.8,0,0.0338,2026-06-19,2026-06-19T21:08:08,38.0,2,11.7,1923767.0,0.28,0,1,6,3,1,776,0,35,0,0,2,0,USA,2.2,2.6,4.25,4.2,0.3799,-48.0,49.9,RETAIL_OTHER,0.0,0.0,0.0,0.0,0.0
11360,BANK003,JPMorgan Chase Bank N.A.,JPM-LN-CORP-00033,1.51,5.32,21.5,1.48,0,0.0478,2026-06-19,2026-06-19T21:08:08,52.0,2,17.0,6629792.0,0.34,1,1,1,3,2,794,0,116,0,3,5,0,USA,2.2,2.6,4.25,4.2,-0.3023,20.0,43.9,CORPORATE,0.0,0.0,0.0,0.0,0.0
11362,BANK003,JPMorgan Chase Bank N.A.,JPM-LN-SME-00014,0.49,11.31,9.9,2.78,0,0.0282,2026-06-19,2026-06-19T21:08:08,30.0,4,7.5,2394095.0,0.41,4,2,3,3,2,820,0,105,0,3,3,0,USA,2.2,2.6,4.25,4.2,-1.238,-6.0,11.6,SME,0.0,0.0,0.0,0.0,0.0
11363,BANK003,JPMorgan Chase Bank N.A.,JPM-LN-SME-00015,1.28,4.27,19.4,2.19,0,0.0609,2026-06-19,2026-06-19T21:08:08,34.0,4,1.6,7006995.0,0.32,4,2,1,1,2,733,0,166,0,2,4,0,USA,2.2,2.6,4.25,4.2,-0.378,3.0,44.7,SME,0.0,0.0,0.0,0.0,0.0
11365,BANK003,JPMorgan Chase Bank N.A.,JPM-LN-RETA-00016,0.41,9.76,16.2,2.91,0,0.0214,2026-06-19,2026-06-19T21:08:08,38.0,4,15.4,1965022.0,0.23,0,2,4,2,3,749,0,8,0,1,1,0,USA,2.2,2.6,4.25,4.2,-1.1763,-53.0,9.1,RETAIL_OTHER,0.0,0.0,0.0,0.0,0.0
11367,BANK003,JPMorgan Chase Bank N.A.,JPM-LN-CORP-00034,0.99,3.95,9.9,2.84,0,0.0348,2026-06-19,2026-06-19T21:08:08,34.0,5,3.4,6356264.0,0.28,2,1,4,2,2,756,0,130,0,1,1,0,USA,2.2,2.6,4.25,4.2,-0.8786,-66.0,22.9,CORPORATE,0.0,0.0,0.0,0.0,0.0
11368,BANK003,JPMorgan Chase Bank N.A.,JPM-LN-RETA-00017,0.52,10.26,10.0,1.62,0,0.023,2026-06-19,2026-06-19T21:08:08,40.0,2,9.5,1227672.0,0.34,1,2,6,2,5,756,0,41,0,3,2,0,USA,2.2,2.6,4.25,4.2,-1.1871,-38.0,15.0,RETAIL_MORTGAGES,0.0,0.0,0.0,0.0,0.0
11370,BANK003,JPMorgan Chase Bank N.A.,JPM-LN-CORP-00035,1.38,10.69,7.0,1.96,0,0.0445,2026-06-19,2026-06-19T21:08:08,43.0,5,3.0,10428943.0,0.18,4,2,2,2,2,791,0,136,0,3,3,0,USA,2.2,2.6,4.25,4.2,0.8343,63.0,30.0,CORPORATE,0.0,0.0,0.0,0.0,0.0
11371,BANK003,JPMorgan Chase Bank N.A.,JPM-LN-RETA-00018,1.99,11.69,12.7,1.97,0,0.0598,2026-06-19,2026-06-19T21:08:08,57.0,1,11.4,1351251.0,0.23,0,1,4,3,5,785,0,173,0,0,2,0,USA,2.2,2.6,4.25,4.2,1.5654,-15.0,47.0,RETAIL_MORTGAGES,0.0,0.0,0.0,0.0,0.0
11372,BANK003,JPMorgan Chase Bank N.A.,JPM-LN-SME-00016,1.49,12.91,22.4,2.12,0,0.055,2026-06-19,2026-06-19T21:08:08,28.0,4,3.8,5163178.0,0.2,3,2,3,3,2,743,0,203,0,1,3,0,USA,2.2,2.6,4.25,4.2,0.0761,5.0,40.0,SME,0.0,0.0,0.0,0.0,0.0
11373,BANK003,JPMorgan Chase Bank N.A.,JPM-LN-SME-00017,1.69,9.33,22.3,1.63,0,0.0702,2026-06-19,2026-06-19T21:08:08,50.0,5,27.4,3100075.0,0.43,2,1,2,3,2,812,0,181,0,1,1,0,USA,2.2,2.6,4.25,4.2,1.0507,-1.0,11.5,SME,0.0,0.0,0.0,0.0,0.0
11375,BANK003,JPMorgan Chase Bank N.A.,JPM-LN-SME-00018,0.69,3.74,19.8,2.43,0,0.0272,2026-06-19,2026-06-19T21:08:08,45.0,4,20.0,8551285.0,0.37,1,2,4,2,2,830,0,98,0,3,4,0,USA,2.2,2.6,4.25,4.2,-0.9096,94.0,16.3,SME,0.0,0.0,0.0,0.0,0.0
11376,BANK003,JPMorgan Chase Bank N.A.,JPM-LN-CORP-00036,0.88,11.54,21.2,2.31,0,0.032,2026-06-19,2026-06-19T21:08:08,43.0,5,6.7,16538863.0,0.18,3,1,1,3,2,811,0,142,0,0,4,0,USA,2.2,2.6,4.25,4.2,-0.1178,49.0,20.8,CORPORATE,0.0,0.0,0.0,0.0,0.0
11377,BANK003,JPMorgan Chase Bank N.A.,JPM-LN-RETA-00019,0.64,13.68,6.4,2.95,0,0.0304,2026-06-19,2026-06-19T21:08:08,50.0,2,19.9,2341413.0,0.25,0,2,6,3,5,746,0,131,0,1,3,0,USA,2.2,2.6,4.25,4.2,-0.9043,-57.0,15.6,RETAIL_MORTGAGES,0.0,0.0,0.0,0.0,0.0
11378,BANK003,JPMorgan Chase Bank N.A.,JPM-LN-CORP-00037,1.16,10.66,11.9,1.85,0,0.039,2026-06-19,2026-06-19T21:08:08,36.0,5,3.6,6124418.0,0.37,1,1,4,2,2,790,0,194,0,0,5,0,USA,2.2,2.6,4.25,4.2,-0.4316,10.0,48.6,CORPORATE,0.0,0.0,0.0,0.0,0.0
11379,BANK003,JPMorgan Chase Bank N.A.,JPM-LN-CORP-00038,0.97,5.12,16.2,1.48,0,0.0343,2026-06-19,2026-06-19T21:08:08,24.0,5,1.2,13345734.0,0.24,0,1,3,1,2,772,0,29,0,2,1,0,USA,2.2,2.6,4.25,4.2,-1.0007,-38.0,45.3,CORPORATE,0.0,0.0,0.0,0.0,0.0
11381,BANK003,JPMorgan Chase Bank N.A.,JPM-LN-CORP-00039,1.88,6.17,24.3,2.06,0,0.057,2026-06-19,2026-06-19T21:08:08,34.0,5,7.7,15853211.0,0.18,4,2,4,3,2,760,0,150,0,1,4,0,USA,2.2,2.6,4.25,4.2,1.4245,14.0,28.5,CORPORATE,0.0,0.0,0.0,0.0,0.0
11382,BANK003,JPMorgan Chase Bank N.A.,JPM-LN-RETA-00020,1.72,10.74,16.9,2.84,0,0.053,2026-06-19,2026-06-19T21:08:08,61.0,2,22.0,723806.0,0.35,3,1,6,3,4,786,0,208,0,3,2,0,USA,2.2,2.6,4.25,4.2,1.2602,-27.0,6.8,RETAIL_OTHER,0.0,0.0,0.0,0.0,0.0
11383,BANK003,JPMorgan Chase Bank N.A.,JPM-LN-CORP-00040,1.35,3.75,11.8,2.98,0,0.0438,2026-06-19,2026-06-19T21:08:08,59.0,5,13.3,18877510.0,0.39,2,1,1,1,2,788,0,95,0,1,3,0,USA,2.2,2.6,4.25,4.2,-0.3345,-1.0,20.4,CORPORATE,0.0,0.0,0.0,0.0,0.0
11385,BANK003,JPMorgan Chase Bank N.A.,JPM-LN-SME-00019,0.43,10.69,12.8,1.81,0,0.0208,2026-06-19,2026-06-19T21:08:08,35.0,5,7.4,9736562.0,0.25,1,1,1,1,2,774,0,91,0,3,4,0,USA,2.2,2.6,4.25,4.2,-0.0692,32.0,23.4,SME,0.0,0.0,0.0,0.0,0.0
11386,BANK003,JPMorgan Chase Bank N.A.,JPM-LN-RETA-00021,1.45,9.43,9.0,1.42,0,0.0642,2026-06-19,2026-06-19T21:08:08,52.0,1,27.1,4157556.0,0.43,1,2,4,2,5,778,0,238,0,1,4,0,USA,2.2,2.6,4.25,4.2,0.8606,28.0,27.6,RETAIL_MORTGAGES,0.0,0.0,0.0,0.0,0.0
11387,BANK003,JPMorgan Chase Bank N.A.,JPM-LN-RETA-00022,1.12,12.18,6.8,2.99,0,0.038,2026-06-19,2026-06-19T21:08:08,39.0,2,10.2,4314135.0,0.32,0,2,5,2,5,776,0,143,0,0,5,0,USA,2.2,2.6,4.25,4.2,-0.8541,61.0,21.7,RETAIL_MORTGAGES,0.0,0.0,0.0,0.0,0.0
11388,BANK003,JPMorgan Chase Bank N.A.,JPM-LN-CORP-00041,1.55,4.8,8.2,2.06,0,0.0488,2026-06-19,2026-06-19T21:08:08,32.0,5,8.9,11775713.0,0.2,1,2,4,3,2,756,0,29,0,2,3,0,USA,2.2,2.6,4.25,4.2,0.0184,-47.0,27.4,CORPORATE,0.0,0.0,0.0,0.0,0.0
11389,BANK003,JPMorgan Chase Bank N.A.,JPM-LN-CORP-00042,1.34,8.49,13.8,1.43,0,0.0435,2026-06-19,2026-06-19T21:08:08,42.0,5,11.3,21731657.0,0.18,1,2,1,2,2,786,0,7,0,3,2,0,USA,2.2,2.6,4.25,4.2,-0.4715,41.0,36.5,CORPORATE,0.0,0.0,0.0,0.0,0.0
11390,BANK003,JPMorgan Chase Bank N.A.,JPM-LN-CORP-00043,0.5,8.44,8.3,2.76,0,0.0225,2026-06-19,2026-06-19T21:08:08,62.0,5,27.0,17367137.0,0.32,4,2,1,2,2,752,0,215,0,0,4,0,USA,2.2,2.6,4.25,4.2,-0.7394,-47.0,35.0,CORPORATE,0.0,0.0,0.0,0.0,0.0
11391,BANK003,JPMorgan Chase Bank N.A.,JPM-LN-CORP-00044,1.4,4.74,22.1,2.66,0,0.045,2026-06-19,2026-06-19T21:08:08,60.0,2,29.4,14747161.0,0.29,3,1,2,3,2,763,0,6,0,0,1,0,USA,2.2,2.6,4.25,4.2,0.4659,-18.0,15.8,CORPORATE,0.0,0.0,0.0,0.0,0.0
11394,BANK003,JPMorgan Chase Bank N.A.,JPM-LN-CORP-00045,1.61,10.21,10.0,1.64,0,0.0547,2026-06-19,2026-06-19T21:08:08,24.0,5,1.1,6548193.0,0.25,4,1,3,2,2,746,0,202,0,2,1,0,USA,2.2,2.6,4.25,4.2,0.6994,-20.0,33.2,CORPORATE,0.0,0.0,0.0,0.0,0.0
11395,BANK003,JPMorgan Chase Bank N.A.,JPM-LN-RETA-00023,0.69,9.76,17.3,2.72,0,0.0272,2026-06-19,2026-06-19T21:08:08,28.0,2,1.5,611627.0,0.3,3,2,4,1,1,799,0,19,0,0,4,0,USA,2.2,2.6,4.25,4.2,-0.279,47.0,48.9,RETAIL_OTHER,0.0,0.0,0.0,0.0,0.0
11396,BANK003,JPMorgan Chase Bank N.A.,JPM-LN-SME-00020,1.14,5.29,20.6,2.33,0,0.0652,2026-06-19,2026-06-19T21:08:08,33.0,4,1.3,6089502.0,0.31,3,1,3,2,2,726,0,127,0,0,3,0,USA,2.2,2.6,4.25,4.2,0.0909,-75.0,22.2,SME,0.0,0.0,0.0,0.0,0.0
11397,BANK003,JPMorgan Chase Bank N.A.,JPM-LN-CORP-00046,2.0,10.54,8.6,1.42,0,0.1022,2026-06-19,2026-06-19T21:08:08,49.0,5,11.0,23636855.0,0.22,2,1,4,1,2,712,0,98,0,3,2,0,USA,2.2,2.6,4.25,4.2,0.1842,-82.0,22.0,CORPORATE,0.0,0.0,0.0,0.0,0.0
11398,BANK003,JPMorgan Chase Bank N.A.,JPM-LN-RETA-00024,0.82,10.86,15.2,2.66,0,0.0305,2026-06-19,2026-06-19T21:08:08,40.0,2,13.6,2882063.0,0.19,1,1,3,3,4,820,0,174,0,3,3,0,USA,2.2,2.6,4.25,4.2,-1.1545,92.0,40.9,RETAIL_OTHER,0.0,0.0,0.0,0.0,0.0
11399,BANK003,JPMorgan Chase Bank N.A.,JPM-LN-CORP-00047,1.88,8.21,18.9,2.93,0,0.075,2026-06-19,2026-06-19T21:08:08,49.0,5,13.3,18088593.0,0.43,2,2,4,3,2,797,0,43,0,3,1,0,USA,2.2,2.6,4.25,4.2,1.3242,19.0,17.9,CORPORATE,0.0,0.0,0.0,0.0,0.0
11400,BANK003,JPMorgan Chase Bank N.A.,JPM-LN-CORP-00048,1.01,6.99,7.1,2.92,0,0.043,2026-06-19,2026-06-19T21:08:08,40.0,2,5.4,15851641.0,0.23,0,2,3,2,2,743,0,205,0,0,3,0,USA,2.2,2.6,4.25,4.2,0.499,-85.0,42.3,CORPORATE,0.0,0.0,0.0,0.0,0.0
11401,BANK003,JPMorgan Chase Bank N.A.,JPM-LN-CORP-00049,1.22,13.37,15.3,2.04,0,0.0405,2026-06-19,2026-06-19T21:08:08,52.0,5,5.4,13940124.0,0.37,0,2,1,3,2,818,0,90,0,3,5,0,USA,2.2,2.6,4.25,4.2,-0.4796,100.0,6.9,CORPORATE,0.0,0.0,0.0,0.0,0.0
11403,BANK003,JPMorgan Chase Bank N.A.,JPM-LN-RETA-00025,1.41,13.0,21.6,1.47,0,0.0452,2026-06-19,2026-06-19T21:08:08,61.0,2,8.0,592106.0,0.22,1,2,3,2,1,788,0,172,0,1,1,0,USA,2.2,2.6,4.25,4.2,0.0643,-26.0,7.0,RETAIL_OTHER,0.0,0.0,0.0,0.0,0.0
11405,BANK003,JPMorgan Chase Bank N.A.,JPM-LN-RETA-00026,0.59,12.9,19.7,2.31,0,0.0248,2026-06-19,2026-06-19T21:08:08,40.0,2,4.0,2653853.0,0.29,4,1,3,3,3,751,0,207,0,0,4,0,USA,2.2,2.6,4.25,4.2,-1.0053,-73.0,44.1,RETAIL_OTHER,0.0,0.0,0.0,0.0,0.0
11407,BANK003,JPMorgan Chase Bank N.A.,JPM-LN-CORP-00050,0.78,9.36,6.2,2.54,0,0.0439,2026-06-19,2026-06-19T21:08:08,50.0,5,13.9,18231188.0,0.21,3,1,4,3,2,737,0,210,0,0,4,0,USA,2.2,2.6,4.25,4.2,-0.0933,-55.0,50.7,CORPORATE,0.0,0.0,0.0,0.0,0.0
11408,BANK003,JPMorgan Chase Bank N.A.,JPM-LN-RETA-00027,1.81,11.23,7.0,2.91,0,0.0553,2026-06-19,2026-06-19T21:08:08,28.0,4,3.7,2969016.0,0.27,4,1,6,2,3,796,0,209,0,1,1,0,USA,2.2,2.6,4.25,4.2,1.3275,37.0,24.3,RETAIL_OTHER,0.0,0.0,0.0,0.0,0.0
11409,BANK003,JPMorgan Chase Bank N.A.,JPM-LN-CORP-00051,1.73,8.44,16.1,2.7,0,0.0533,2026-06-19,2026-06-19T21:08:08,38.0,2,6.6,7126316.0,0.26,4,1,3,1,2,825,0,121,0,3,5,0,USA,2.2,2.6,4.25,4.2,0.3365,13.0,25.5,CORPORATE,0.0,0.0,0.0,0.0,0.0
11411,BANK003,JPMorgan Chase Bank N.A.,JPM-LN-SME-00021,0.99,5.65,19.4,2.43,0,0.0348,2026-06-19,2026-06-19T21:08:08,42.0,4,19.9,2345203.0,0.22,2,1,2,1,2,754,0,153,0,1,4,0,USA,2.2,2.6,4.25,4.2,-0.1275,24.0,6.0,SME,0.0,0.0,0.0,0.0,0.0
11412,BANK003,JPMorgan Chase Bank N.A.,JPM-LN-CORP-00052,1.11,4.47,7.0,2.39,0,0.0378,2026-06-19,2026-06-19T21:08:08,42.0,5,3.2,23487149.0,0.32,1,1,4,1,2,784,0,12,0,3,5,0,USA,2.2,2.6,4.25,4.2,-0.5401,-24.0,32.0,CORPORATE,0.0,0.0,0.0,0.0,0.0
11413,BANK003,JPMorgan Chase Bank N.A.,JPM-LN-CORP-00053,0.86,11.96,24.4,2.02,0,0.0315,2026-06-19,2026-06-19T21:08:08,47.0,5,6.2,7939322.0,0.29,3,2,3,2,2,824,0,233,0,3,4,0,USA,2.2,2.6,4.25,4.2,-0.8768,38.0,52.5,CORPORATE,0.0,0.0,0.0,0.0,0.0
11414,BANK003,JPMorgan Chase Bank N.A.,JPM-LN-RETA-00028,0.63,8.34,19.2,1.91,0,0.0635,2026-06-19,2026-06-19T21:08:08,60.0,2,1.5,2812830.0,0.25,0,2,5,3,3,716,0,72,0,1,5,0,USA,2.2,2.6,4.25,4.2,-0.4412,-110.0,21.2,RETAIL_OTHER,0.0,0.0,0.0,0.0,0.0
11415,BANK003,JPMorgan Chase Bank N.A.,JPM-LN-RETA-00029,0.65,5.82,9.6,2.82,0,0.0263,2026-06-19,2026-06-19T21:08:08,58.0,4,10.9,2128030.0,0.36,1,1,5,2,4,788,0,239,0,1,1,0,USA,2.2,2.6,4.25,4.2,-1.274,-30.0,38.8,RETAIL_OTHER,0.0,0.0,0.0,0.0,0.0
11416,BANK003,JPMorgan Chase Bank N.A.,JPM-LN-CORP-00054,0.52,11.63,20.4,1.37,0,0.053,2026-06-19,2026-06-19T21:08:08,43.0,5,3.5,15315582.0,0.19,0,1,2,3,2,723,0,39,0,0,4,0,USA,2.2,2.6,4.25,4.2,-0.9357,-62.0,20.4,CORPORATE,0.0,0.0,0.0,0.0,0.0
11417,BANK003,JPMorgan Chase Bank N.A.,JPM-LN-RETA-00030,1.55,13.62,9.3,2.58,0,0.1112,2026-06-19,2026-06-19T21:08:08,41.0,2,2.8,686626.0,0.43,1,2,4,3,4,710,0,154,0,0,5,0,USA,2.2,2.6,4.25,4.2,0.9921,-27.0,21.3,RETAIL_OTHER,0.0,0.0,0.0,0.0,0.0
11418,BANK003,JPMorgan Chase Bank N.A.,JPM-LN-RETA-00031,1.37,6.93,11.8,2.36,0,0.0443,2026-06-19,2026-06-19T21:08:08,31.0,1,7.6,621679.0,0.2,3,1,3,1,3,807,0,133,0,0,2,0,USA,2.2,2.6,4.25,4.2,-0.2326,-1.0,11.5,RETAIL_OTHER,0.0,0.0,0.0,0.0,0.0
11419,BANK003,JPMorgan Chase Bank N.A.,JPM-LN-CORP-00055,0.8,10.3,17.3,2.85,0,0.0716,2026-06-19,2026-06-19T21:08:08,47.0,5,24.8,16581078.0,0.41,1,2,4,1,2,718,0,111,0,2,1,0,USA,2.2,2.6,4.25,4.2,0.2168,-13.0,44.6,CORPORATE,0.0,0.0,0.0,0.0,0.0
11420,BANK003,JPMorgan Chase Bank N.A.,JPM-LN-RETA-00032,1.78,9.56,10.0,2.94,0,0.0665,2026-06-19,2026-06-19T21:08:08,56.0,1,14.1,2561615.0,0.42,4,2,6,2,4,805,0,201,0,1,1,0,USA,2.2,2.6,4.25,4.2,0.9513,14.0,47.3,RETAIL_OTHER,0.0,0.0,0.0,0.0,0.0
11421,BANK003,JPMorgan Chase Bank N.A.,JPM-LN-CORP-00056,1.71,3.72,24.4,2.33,0,0.0528,2026-06-19,2026-06-19T21:08:08,58.0,2,26.5,14319198.0,0.37,2,1,4,3,2,817,0,43,0,2,4,0,USA,2.2,2.6,4.25,4.2,0.0317,101.0,22.2,CORPORATE,0.0,0.0,0.0,0.0,0.0
11422,BANK003,JPMorgan Chase Bank N.A.,JPM-LN-CORP-00057,1.55,12.71,21.6,2.7,0,0.0488,2026-06-19,2026-06-19T21:08:08,43.0,2,17.5,7687527.0,0.25,2,1,1,2,2,799,0,131,0,3,4,0,USA,2.2,2.6,4.25,4.2,1.0438,36.0,19.3,CORPORATE,0.0,0.0,0.0,0.0,0.0
11423,BANK003,JPMorgan Chase Bank N.A.,JPM-LN-CORP-00058,0.54,7.36,13.5,1.94,0,0.0295,2026-06-19,2026-06-19T21:08:08,57.0,2,8.6,9479845.0,0.41,1,1,4,3,2,816,0,181,0,2,3,0,USA,2.2,2.6,4.25,4.2,-0.2192,104.0,39.6,CORPORATE,0.0,0.0,0.0,0.0,0.0
11425,BANK003,JPMorgan Chase Bank N.A.,JPM-LN-SME-00022,0.61,12.87,6.8,1.6,0,0.0464,2026-06-19,2026-06-19T21:08:08,59.0,4,15.6,4127828.0,0.31,2,1,1,1,2,731,0,103,0,2,4,0,USA,2.2,2.6,4.25,4.2,-1.2785,-91.0,35.3,SME,0.0,0.0,0.0,0.0,0.0
11426,BANK003,JPMorgan Chase Bank N.A.,JPM-LN-CORP-00059,1.53,8.08,24.9,2.88,0,0.0871,2026-06-19,2026-06-19T21:08:08,51.0,2,7.4,6830970.0,0.29,1,1,1,1,2,715,0,15,0,3,3,0,USA,2.2,2.6,4.25,4.2,-0.4521,-66.0,26.8,CORPORATE,0.0,0.0,0.0,0.0,0.0
11427,BANK003,JPMorgan Chase Bank N.A.,JPM-LN-SME-00023,1.34,13.49,21.9,1.56,0,0.0768,2026-06-19,2026-06-19T21:08:08,57.0,5,20.8,4384723.0,0.3,2,1,3,1,2,720,0,180,0,0,4,0,USA,2.2,2.6,4.25,4.2,-0.1923,-51.0,25.7,SME,0.0,0.0,0.0,0.0,0.0
11428,BANK003,JPMorgan Chase Bank N.A.,JPM-LN-CORP-00060,1.15,12.53,17.1,1.64,0,0.0387,2026-06-19,2026-06-19T21:08:08,51.0,5,4.3,5732051.0,0.4,3,1,4,2,2,782,0,237,0,1,4,0,USA,2.2,2.6,4.25,4.2,0.1232,30.0,10.2,CORPORATE,0.0,0.0,0.0,0.0,0.0
11432,BANK003,JPMorgan Chase Bank N.A.,JPM-LN-CORP-00061,1.64,12.75,7.6,2.21,0,0.051,2026-06-19,2026-06-19T21:08:08,24.0,2,1.6,23267881.0,0.37,3,1,4,3,2,759,0,164,0,3,3,0,USA,2.2,2.6,4.25,4.2,0.0559,33.0,37.7,CORPORATE,0.0,0.0,0.0,0.0,0.0
11433,BANK003,JPMorgan Chase Bank N.A.,JPM-LN-CORP-00062,1.69,13.88,16.7,2.82,0,0.0523,2026-06-19,2026-06-19T21:08:08,47.0,5,14.7,14997915.0,0.35,1,1,1,2,2,790,0,7,0,3,3,0,USA,2.2,2.6,4.25,4.2,-0.0612,51.0,34.5,CORPORATE,0.0,0.0,0.0,0.0,0.0
11434,BANK003,JPMorgan Chase Bank N.A.,JPM-LN-CORP-00063,1.2,7.95,14.4,2.88,0,0.04,2026-06-19,2026-06-19T21:08:08,27.0,5,2.6,22658207.0,0.37,4,1,3,3,2,772,0,149,0,3,3,0,USA,2.2,2.6,4.25,4.2,0.1329,42.0,46.6,CORPORATE,0.0,0.0,0.0,0.0,0.0
11435,BANK003,JPMorgan Chase Bank N.A.,JPM-LN-CORP-00064,1.65,7.93,23.8,1.82,0,0.0557,2026-06-19,2026-06-19T21:08:08,31.0,5,3.4,17564784.0,0.24,1,2,1,2,2,746,0,130,0,0,2,0,USA,2.2,2.6,4.25,4.2,-0.0606,-26.0,41.7,CORPORATE,0.0,0.0,0.0,0.0,0.0
11436,BANK003,JPMorgan Chase Bank N.A.,JPM-LN-CORP-00065,1.79,10.93,16.9,2.65,0,0.0548,2026-06-19,2026-06-19T21:08:08,52.0,2,16.7,16374881.0,0.26,0,2,4,1,2,800,0,177,0,3,3,0,USA,2.2,2.6,4.25,4.2,0.3577,8.0,12.8,CORPORATE,0.0,0.0,0.0,0.0,0.0
11437,BANK003,JPMorgan Chase Bank N.A.,JPM-LN-SME-00024,0.55,13.79,16.3,1.79,0,0.0426,2026-06-19,2026-06-19T21:08:08,62.0,5,1.7,5480739.0,0.25,2,1,3,2,2,733,0,141,0,2,4,0,USA,2.2,2.6,4.25,4.2,0.0066,-16.0,48.3,SME,0.0,0.0,0.0,0.0,0.0
11439,BANK003,JPMorgan Chase Bank N.A.,JPM-LN-CORP-00066,1.58,9.41,11.7,1.97,0,0.0773,2026-06-19,2026-06-19T21:08:08,27.0,2,3.3,12138844.0,0.4,1,1,3,3,2,725,0,136,0,2,1,0,USA,2.2,2.6,4.25,4.2,0.0199,-20.0,19.2,CORPORATE,0.0,0.0,0.0,0.0,0.0
11441,BANK003,JPMorgan Chase Bank N.A.,JPM-LN-CORP-00067,0.57,6.0,12.5,1.39,0,0.0243,2026-06-19,2026-06-19T21:08:08,34.0,5,9.9,19493801.0,0.32,1,1,1,2,2,752,0,157,0,2,3,0,USA,2.2,2.6,4.25,4.2,-0.2088,33.0,28.7,CORPORATE,0.0,0.0,0.0,0.0,0.0
11442,BANK003,JPMorgan Chase Bank N.A.,JPM-LN-CORP-00068,0.9,12.79,20.7,1.55,0,0.0336,2026-06-19,2026-06-19T21:08:08,40.0,2,2.0,6478770.0,0.34,2,1,2,1,2,749,0,85,0,3,5,0,USA,2.2,2.6,4.25,4.2,0.0343,38.0,37.9,CORPORATE,0.0,0.0,0.0,0.0,0.0
11443,BANK003,JPMorgan Chase Bank N.A.,JPM-LN-CORP-00069,1.58,13.5,12.3,2.56,0,0.0651,2026-06-19,2026-06-19T21:08:08,43.0,5,14.9,12483480.0,0.28,3,1,4,1,2,736,0,125,0,1,2,0,USA,2.2,2.6,4.25,4.2,-0.1417,26.0,17.3,CORPORATE,0.0,0.0,0.0,0.0,0.0
11444,BANK003,JPMorgan Chase Bank N.A.,JPM-LN-CORP-00070,0.89,6.02,21.4,2.42,0,0.0323,2026-06-19,2026-06-19T21:08:08,45.0,5,9.3,9605128.0,0.32,1,2,1,1,2,830,0,207,0,0,3,0,USA,2.2,2.6,4.25,4.2,-0.7884,41.0,43.3,CORPORATE,0.0,0.0,0.0,0.0,0.0
11445,BANK003,JPMorgan Chase Bank N.A.,JPM-LN-CORP-00071,1.02,12.77,20.3,1.94,0,0.0355,2026-06-19,2026-06-19T21:08:08,33.0,5,8.8,7731589.0,0.3,4,2,4,1,2,776,0,208,0,0,2,0,USA,2.2,2.6,4.25,4.2,0.1051,19.0,21.7,CORPORATE,0.0,0.0,0.0,0.0,0.0
11446,BANK003,JPMorgan Chase Bank N.A.,JPM-LN-CORP-00072,2.0,13.98,20.3,2.56,0,0.06,2026-06-19,2026-06-19T21:08:08,38.0,5,4.8,16047504.0,0.25,4,2,3,1,2,826,0,196,0,2,2,0,USA,2.2,2.6,4.25,4.2,0.3679,80.0,50.4,CORPORATE,0.0,0.0,0.0,0.0,0.0
11447,BANK004,Barclays Bank PLC,BARC-LN-CORP-00001,0.74,4.89,23.8,2.27,0,0.0285,2026-06-19,2026-06-19T21:08:14,61.0,5,25.9,6054043.0,0.24,3,1,2,1,2,770,0,24,0,1,3,0,GBR,1.4,2.3,4.25,4.4,-0.4168,8.0,10.8,CORPORATE,0.0,0.0,0.0,0.0,0.0
11448,BANK004,Barclays Bank PLC,BARC-LN-RETA-00001,0.67,8.6,10.1,1.98,0,0.0634,2026-06-19,2026-06-19T21:08:14,52.0,1,2.5,810658.0,0.22,1,2,3,2,3,717,0,144,0,0,1,0,GBR,1.4,2.3,4.25,4.4,0.2666,-42.0,6.2,RETAIL_OTHER,0.0,0.0,0.0,0.0,0.0
11449,BANK004,Barclays Bank PLC,BARC-LN-SME-00001,0.46,4.36,18.5,2.26,0,0.0335,2026-06-19,2026-06-19T21:08:14,57.0,5,4.5,5387114.0,0.42,4,1,1,3,2,750,0,233,0,1,5,0,GBR,1.4,2.3,4.25,4.4,-0.2668,-51.0,10.0,SME,0.0,0.0,0.0,0.0,0.0
11450,BANK004,Barclays Bank PLC,BARC-LN-SME-00002,0.41,12.08,11.7,2.43,0,0.0262,2026-06-19,2026-06-19T21:08:14,56.0,4,25.2,5675758.0,0.41,4,1,3,1,2,830,0,186,0,2,5,0,GBR,1.4,2.3,4.25,4.4,-0.4131,7.0,41.5,SME,0.0,0.0,0.0,0.0,0.0
11451,BANK004,Barclays Bank PLC,BARC-LN-RETA-00002,3.76,0.87,-2.3,0.91,1,0.6252,2026-06-19,2026-06-19T21:08:14,40.0,2,8.4,1715658.0,0.63,4,1,6,2,3,600,0,136,2,0,4,0,GBR,1.4,2.3,4.25,4.4,1.8868,-189.0,26.1,RETAIL_OTHER,0.0,0.0,0.0,0.0,0.0
11452,BANK004,Barclays Bank PLC,BARC-LN-RETA-00003,0.77,10.79,19.4,1.41,0,0.0293,2026-06-19,2026-06-19T21:08:14,41.0,2,7.0,1539655.0,0.27,1,1,5,1,1,762,0,234,0,0,2,0,GBR,1.4,2.3,4.25,4.4,-0.3755,45.0,47.0,RETAIL_OTHER,0.0,0.0,0.0,0.0,0.0
11453,BANK004,Barclays Bank PLC,BARC-LN-CORP-00002,1.3,3.78,18.2,1.53,0,0.0425,2026-06-19,2026-06-19T21:08:14,38.0,5,14.8,20683010.0,0.23,4,1,4,3,2,769,0,165,0,0,4,0,GBR,1.4,2.3,4.25,4.4,0.4837,18.0,12.4,CORPORATE,0.0,0.0,0.0,0.0,0.0
11454,BANK004,Barclays Bank PLC,BARC-LN-SME-00003,1.94,11.04,20.8,1.58,0,0.0596,2026-06-19,2026-06-19T21:08:14,25.0,5,1.5,7867537.0,0.21,4,1,2,2,2,749,0,100,0,1,5,0,GBR,1.4,2.3,4.25,4.4,1.4989,0.0,7.8,SME,0.0,0.0,0.0,0.0,0.0
11455,BANK004,Barclays Bank PLC,BARC-LN-CORP-00003,1.39,13.16,20.7,2.09,0,0.0447,2026-06-19,2026-06-19T21:08:14,28.0,5,4.5,20426292.0,0.37,2,2,4,2,2,815,0,117,0,1,5,0,GBR,1.4,2.3,4.25,4.4,0.5606,-4.0,39.1,CORPORATE,0.0,0.0,0.0,0.0,0.0
11456,BANK004,Barclays Bank PLC,BARC-LN-CORP-00004,0.87,7.75,10.6,2.43,0,0.0318,2026-06-19,2026-06-19T21:08:14,59.0,2,19.7,20975033.0,0.3,0,1,4,3,2,757,0,131,0,3,1,0,GBR,1.4,2.3,4.25,4.4,-0.3795,-7.0,26.4,CORPORATE,0.0,0.0,0.0,0.0,0.0
11457,BANK004,Barclays Bank PLC,BARC-LN-RETA-00004,0.56,3.63,11.4,2.11,0,0.024,2026-06-19,2026-06-19T21:08:14,30.0,4,2.9,930927.0,0.23,3,2,3,3,3,753,0,19,0,2,2,0,GBR,1.4,2.3,4.25,4.4,0.0778,-77.0,14.5,RETAIL_OTHER,0.0,0.0,0.0,0.0,0.0
11458,BANK004,Barclays Bank PLC,BARC-LN-RETA-00005,0.82,4.35,10.6,2.24,0,0.0527,2026-06-19,2026-06-19T21:08:14,48.0,2,16.2,652624.0,0.18,1,2,5,3,3,730,0,195,0,0,2,0,GBR,1.4,2.3,4.25,4.4,-0.3008,-56.0,23.5,RETAIL_OTHER,0.0,0.0,0.0,0.0,0.0
11459,BANK004,Barclays Bank PLC,BARC-LN-CORP-00005,1.36,12.84,20.0,2.33,0,0.0851,2026-06-19,2026-06-19T21:08:14,33.0,5,8.0,15203607.0,0.2,0,2,4,1,2,713,0,75,0,3,4,0,GBR,1.4,2.3,4.25,4.4,-0.5791,-104.0,42.7,CORPORATE,0.0,0.0,0.0,0.0,0.0
11460,BANK004,Barclays Bank PLC,BARC-LN-CORP-00006,0.59,11.61,22.4,2.7,0,0.0692,2026-06-19,2026-06-19T21:08:14,44.0,2,1.8,23458179.0,0.35,2,2,3,3,2,710,0,28,0,2,3,0,GBR,1.4,2.3,4.25,4.4,-0.6781,-52.0,25.1,CORPORATE,0.0,0.0,0.0,0.0,0.0
11461,BANK004,Barclays Bank PLC,BARC-LN-CORP-00007,1.01,12.49,13.8,1.84,0,0.0353,2026-06-19,2026-06-19T21:08:14,61.0,5,14.2,17657069.0,0.36,4,2,3,3,2,770,0,88,0,1,2,0,GBR,1.4,2.3,4.25,4.4,-0.6883,11.0,9.1,CORPORATE,0.0,0.0,0.0,0.0,0.0
11464,BANK004,Barclays Bank PLC,BARC-LN-CORP-00008,5.34,2.12,4.2,0.67,1,0.6862,2026-06-19,2026-06-19T21:08:14,33.0,5,3.6,5467032.0,0.67,2,1,1,2,2,609,0,37,6,3,3,0,GBR,1.4,2.3,4.25,4.4,4.0417,-218.0,52.4,CORPORATE,0.0,0.0,0.0,0.0,0.0
11465,BANK004,Barclays Bank PLC,BARC-LN-RETA-00006,1.11,13.48,22.3,1.47,0,0.0378,2026-06-19,2026-06-19T21:08:14,58.0,2,28.2,2111762.0,0.28,1,2,3,2,3,797,0,77,0,0,3,0,GBR,1.4,2.3,4.25,4.4,-0.7327,5.0,12.4,RETAIL_OTHER,0.0,0.0,0.0,0.0,0.0
11466,BANK004,Barclays Bank PLC,BARC-LN-CORP-00009,0.92,5.06,8.4,2.36,0,0.033,2026-06-19,2026-06-19T21:08:14,57.0,2,15.2,8622597.0,0.32,0,1,4,2,2,784,0,238,0,3,1,0,GBR,1.4,2.3,4.25,4.4,-0.0003,-2.0,46.4,CORPORATE,0.0,0.0,0.0,0.0,0.0
11467,BANK004,Barclays Bank PLC,BARC-LN-CORP-00010,0.84,11.51,23.5,1.9,0,0.0559,2026-06-19,2026-06-19T21:08:14,30.0,5,1.2,23681086.0,0.41,1,1,4,3,2,733,0,174,0,2,1,0,GBR,1.4,2.3,4.25,4.4,-0.4661,-28.0,30.3,CORPORATE,0.0,0.0,0.0,0.0,0.0
11468,BANK004,Barclays Bank PLC,BARC-LN-CORP-00011,1.09,7.75,18.2,1.79,0,0.0373,2026-06-19,2026-06-19T21:08:14,32.0,5,4.9,6419428.0,0.19,4,2,1,2,2,761,0,123,0,0,3,0,GBR,1.4,2.3,4.25,4.4,0.1704,-51.0,48.9,CORPORATE,0.0,0.0,0.0,0.0,0.0
11469,BANK004,Barclays Bank PLC,BARC-LN-RETA-00007,1.92,10.09,14.8,2.26,0,0.058,2026-06-19,2026-06-19T21:08:14,31.0,1,2.6,1473608.0,0.3,1,1,4,1,4,784,0,160,0,1,1,0,GBR,1.4,2.3,4.25,4.4,0.0414,2.0,12.1,RETAIL_OTHER,0.0,0.0,0.0,0.0,0.0
11471,BANK004,Barclays Bank PLC,BARC-LN-RETA-00008,0.65,5.4,19.2,2.36,0,0.0263,2026-06-19,2026-06-19T21:08:14,55.0,4,2.1,2608433.0,0.22,3,2,3,3,3,825,0,92,0,1,5,0,GBR,1.4,2.3,4.25,4.4,-0.4503,63.0,23.9,RETAIL_OTHER,0.0,0.0,0.0,0.0,0.0
11472,BANK004,Barclays Bank PLC,BARC-LN-SME-00004,0.87,3.96,9.8,1.37,0,0.0318,2026-06-19,2026-06-19T21:08:14,32.0,4,2.6,7299384.0,0.26,0,2,4,3,2,829,0,40,0,0,4,0,GBR,1.4,2.3,4.25,4.4,-0.1672,15.0,47.3,SME,0.0,0.0,0.0,0.0,0.0
11474,BANK004,Barclays Bank PLC,BARC-LN-RETA-00009,1.94,3.77,9.5,2.18,0,0.0585,2026-06-19,2026-06-19T21:08:14,62.0,2,16.4,977535.0,0.33,1,1,3,3,4,826,0,107,0,2,3,0,GBR,1.4,2.3,4.25,4.4,1.1212,83.0,6.7,RETAIL_OTHER,0.0,0.0,0.0,0.0,0.0
11475,BANK004,Barclays Bank PLC,BARC-LN-CORP-00012,0.66,13.31,10.3,2.91,0,0.0325,2026-06-19,2026-06-19T21:08:14,53.0,5,25.1,6859346.0,0.41,1,2,2,2,2,776,0,138,0,1,3,0,GBR,1.4,2.3,4.25,4.4,-1.0935,34.0,26.9,CORPORATE,0.0,0.0,0.0,0.0,0.0
11476,BANK004,Barclays Bank PLC,BARC-LN-CORP-00013,1.43,6.67,10.7,2.67,0,0.0457,2026-06-19,2026-06-19T21:08:14,25.0,5,2.2,18978332.0,0.26,2,1,2,3,2,761,0,13,0,3,5,0,GBR,1.4,2.3,4.25,4.4,0.9132,44.0,50.8,CORPORATE,0.0,0.0,0.0,0.0,0.0
11477,BANK004,Barclays Bank PLC,BARC-LN-CORP-00014,1.89,11.07,9.6,1.57,0,0.0573,2026-06-19,2026-06-19T21:08:14,53.0,5,26.1,17889929.0,0.3,2,1,1,2,2,775,0,113,0,1,2,0,GBR,1.4,2.3,4.25,4.4,0.0835,2.0,43.7,CORPORATE,0.0,0.0,0.0,0.0,0.0
11479,BANK004,Barclays Bank PLC,BARC-LN-RETA-00010,1.16,3.67,12.3,1.49,0,0.039,2026-06-19,2026-06-19T21:08:14,32.0,2,8.5,2527833.0,0.33,2,2,5,3,4,763,0,142,0,3,5,0,GBR,1.4,2.3,4.25,4.4,-0.5148,-39.0,50.8,RETAIL_OTHER,0.0,0.0,0.0,0.0,0.0
11480,BANK004,Barclays Bank PLC,BARC-LN-RETA-00011,0.73,6.91,18.6,2.19,0,0.0462,2026-06-19,2026-06-19T21:08:14,36.0,2,11.1,2504783.0,0.43,4,1,4,2,3,750,0,126,0,0,2,0,GBR,1.4,2.3,4.25,4.4,-0.4055,-28.0,30.4,RETAIL_OTHER,0.0,0.0,0.0,0.0,0.0
11481,BANK004,Barclays Bank PLC,BARC-LN-SME-00005,1.45,11.35,10.1,2.71,0,0.0649,2026-06-19,2026-06-19T21:08:14,59.0,5,2.2,4436493.0,0.42,3,1,4,2,2,744,0,188,0,0,3,0,GBR,1.4,2.3,4.25,4.4,-0.0639,17.0,47.9,SME,0.0,0.0,0.0,0.0,0.0
11482,BANK004,Barclays Bank PLC,BARC-LN-RETA-00012,1.26,11.09,23.8,2.85,0,0.0615,2026-06-19,2026-06-19T21:08:14,59.0,1,19.7,1597118.0,0.29,1,1,5,2,1,732,0,238,0,0,5,0,GBR,1.4,2.3,4.25,4.4,-0.4802,-97.0,32.0,RETAIL_OTHER,0.0,0.0,0.0,0.0,0.0
11484,BANK004,Barclays Bank PLC,BARC-LN-RETA-00013,0.75,13.55,15.1,2.07,0,0.0288,2026-06-19,2026-06-19T21:08:14,39.0,1,12.0,1704336.0,0.28,4,2,6,3,3,787,0,169,0,2,3,0,GBR,1.4,2.3,4.25,4.4,-0.7731,-39.0,39.9,RETAIL_OTHER,0.0,0.0,0.0,0.0,0.0
11487,BANK004,Barclays Bank PLC,BARC-LN-CORP-00015,0.84,9.35,17.2,2.55,0,0.051,2026-06-19,2026-06-19T21:08:14,56.0,5,29.6,9807022.0,0.34,2,2,3,1,2,732,0,139,0,1,4,0,GBR,1.4,2.3,4.25,4.4,-0.2435,-41.0,49.7,CORPORATE,0.0,0.0,0.0,0.0,0.0
11488,BANK004,Barclays Bank PLC,BARC-LN-SME-00006,1.57,7.2,8.7,2.23,0,0.0801,2026-06-19,2026-06-19T21:08:14,45.0,5,19.1,8403533.0,0.42,1,1,3,2,2,733,0,191,0,3,4,0,GBR,1.4,2.3,4.25,4.4,0.3026,-59.0,14.1,SME,0.0,0.0,0.0,0.0,0.0
11489,BANK004,Barclays Bank PLC,BARC-LN-CORP-00016,1.87,9.01,10.6,2.35,0,0.0656,2026-06-19,2026-06-19T21:08:14,25.0,5,2.0,5575210.0,0.39,0,2,3,3,2,742,0,184,0,3,2,0,GBR,1.4,2.3,4.25,4.4,1.0423,-18.0,11.2,CORPORATE,0.0,0.0,0.0,0.0,0.0
11491,BANK004,Barclays Bank PLC,BARC-LN-CORP-00017,1.28,7.44,9.5,2.3,0,0.042,2026-06-19,2026-06-19T21:08:14,30.0,2,6.5,14171333.0,0.2,2,1,3,1,2,758,0,121,0,3,2,0,GBR,1.4,2.3,4.25,4.4,-0.1098,-54.0,16.5,CORPORATE,0.0,0.0,0.0,0.0,0.0
11492,BANK004,Barclays Bank PLC,BARC-LN-SME-00007,0.87,7.57,7.6,2.83,0,0.0557,2026-06-19,2026-06-19T21:08:14,29.0,5,4.3,4968848.0,0.44,0,1,1,1,2,825,0,158,0,2,4,0,GBR,1.4,2.3,4.25,4.4,0.0816,49.0,49.1,SME,0.0,0.0,0.0,0.0,0.0
11493,BANK004,Barclays Bank PLC,BARC-LN-SME-00008,1.7,12.52,24.5,1.53,0,0.0525,2026-06-19,2026-06-19T21:08:14,62.0,5,24.3,5186747.0,0.34,3,2,4,2,2,751,0,90,0,3,3,0,GBR,1.4,2.3,4.25,4.4,0.1875,-20.0,35.3,SME,0.0,0.0,0.0,0.0,0.0
11494,BANK004,Barclays Bank PLC,BARC-LN-RETA-00014,1.41,6.04,18.5,2.52,0,0.0452,2026-06-19,2026-06-19T21:08:14,61.0,2,25.1,1621931.0,0.28,1,1,4,2,3,811,0,23,0,3,4,0,GBR,1.4,2.3,4.25,4.4,0.2915,25.0,13.9,RETAIL_OTHER,0.0,0.0,0.0,0.0,0.0
11496,BANK004,Barclays Bank PLC,BARC-LN-RETA-00015,0.59,6.71,9.5,2.48,0,0.0248,2026-06-19,2026-06-19T21:08:14,49.0,2,24.9,1647574.0,0.28,2,2,4,3,3,775,0,157,0,0,2,0,GBR,1.4,2.3,4.25,4.4,-0.7643,-8.0,49.5,RETAIL_OTHER,0.0,0.0,0.0,0.0,0.0
11497,BANK004,Barclays Bank PLC,BARC-LN-CORP-00018,1.64,5.99,21.4,2.3,0,0.051,2026-06-19,2026-06-19T21:08:14,37.0,5,5.9,13818615.0,0.4,0,2,3,1,2,754,0,215,0,0,4,0,GBR,1.4,2.3,4.25,4.4,0.2636,-10.0,23.9,CORPORATE,0.0,0.0,0.0,0.0,0.0
11503,BANK004,Barclays Bank PLC,BARC-LN-CORP-00019,1.14,9.71,15.4,2.61,0,0.0552,2026-06-19,2026-06-19T21:08:14,28.0,5,2.8,5267401.0,0.37,1,2,1,3,2,735,0,80,0,2,5,0,GBR,1.4,2.3,4.25,4.4,-0.1345,-76.0,7.2,CORPORATE,0.0,0.0,0.0,0.0,0.0
11504,BANK004,Barclays Bank PLC,BARC-LN-CORP-00020,1.33,8.81,18.1,1.97,0,0.0433,2026-06-19,2026-06-19T21:08:14,39.0,5,7.6,22440225.0,0.33,0,1,1,1,2,785,0,235,0,2,4,0,GBR,1.4,2.3,4.25,4.4,0.234,59.0,14.5,CORPORATE,0.0,0.0,0.0,0.0,0.0
11505,BANK004,Barclays Bank PLC,BARC-LN-RETA-00016,0.81,12.03,6.4,1.41,0,0.0303,2026-06-19,2026-06-19T21:08:14,30.0,1,5.4,4078489.0,0.35,4,2,4,2,5,825,0,171,0,0,5,0,GBR,1.4,2.3,4.25,4.4,-0.8849,104.0,43.1,RETAIL_MORTGAGES,0.0,0.0,0.0,0.0,0.0
11506,BANK004,Barclays Bank PLC,BARC-LN-RETA-00017,0.72,12.79,16.0,2.37,0,0.028,2026-06-19,2026-06-19T21:08:14,33.0,2,1.6,3209201.0,0.32,3,2,6,2,5,812,0,77,0,3,2,0,GBR,1.4,2.3,4.25,4.4,0.2888,54.0,10.1,RETAIL_MORTGAGES,0.0,0.0,0.0,0.0,0.0
11508,BANK004,Barclays Bank PLC,BARC-LN-RETA-00018,0.78,13.81,9.2,2.81,0,0.0617,2026-06-19,2026-06-19T21:08:14,60.0,2,4.0,3572089.0,0.39,0,1,4,3,5,721,0,133,0,1,3,0,GBR,1.4,2.3,4.25,4.4,-0.692,-82.0,23.1,RETAIL_MORTGAGES,0.0,0.0,0.0,0.0,0.0
11510,BANK004,Barclays Bank PLC,BARC-LN-RETA-00019,1.75,12.09,14.0,2.21,0,0.0657,2026-06-19,2026-06-19T21:08:14,40.0,2,10.2,4589753.0,0.42,0,2,3,3,5,820,0,199,0,1,5,0,GBR,1.4,2.3,4.25,4.4,0.4337,80.0,27.4,RETAIL_MORTGAGES,0.0,0.0,0.0,0.0,0.0
11512,BANK004,Barclays Bank PLC,BARC-LN-RETA-00020,0.43,12.08,11.8,1.78,0,0.0208,2026-06-19,2026-06-19T21:08:14,41.0,2,5.3,4096224.0,0.4,2,2,3,2,5,772,0,196,0,3,3,0,GBR,1.4,2.3,4.25,4.4,-1.0658,-49.0,44.7,RETAIL_MORTGAGES,0.0,0.0,0.0,0.0,0.0
11513,BANK004,Barclays Bank PLC,BARC-LN-RETA-00021,1.53,6.38,21.6,2.16,0,0.0602,2026-06-19,2026-06-19T21:08:14,56.0,2,2.7,4710534.0,0.42,2,1,4,1,5,791,0,14,0,3,1,0,GBR,1.4,2.3,4.25,4.4,0.0401,51.0,41.2,RETAIL_MORTGAGES,0.0,0.0,0.0,0.0,0.0
11514,BANK004,Barclays Bank PLC,BARC-LN-RETA-00022,1.37,13.4,19.5,2.51,0,0.0498,2026-06-19,2026-06-19T21:08:14,37.0,2,3.4,3915273.0,0.29,2,1,6,1,5,745,0,211,0,0,2,0,GBR,1.4,2.3,4.25,4.4,0.3676,-9.0,36.9,RETAIL_MORTGAGES,0.0,0.0,0.0,0.0,0.0
11515,BANK004,Barclays Bank PLC,BARC-LN-RETA-00023,1.85,7.75,20.0,2.29,0,0.0563,2026-06-19,2026-06-19T21:08:14,40.0,2,3.4,4055296.0,0.39,2,2,6,3,5,783,0,12,0,3,3,0,GBR,1.4,2.3,4.25,4.4,0.9009,-18.0,29.8,RETAIL_MORTGAGES,0.0,0.0,0.0,0.0,0.0
11516,BANK004,Barclays Bank PLC,BARC-LN-RETA-00024,1.18,11.52,7.7,2.34,0,0.0395,2026-06-19,2026-06-19T21:08:14,44.0,1,10.5,1219769.0,0.29,1,1,5,3,5,791,0,59,0,1,5,0,GBR,1.4,2.3,4.25,4.4,0.0936,20.0,7.6,RETAIL_MORTGAGES,0.0,0.0,0.0,0.0,0.0
11517,BANK004,Barclays Bank PLC,BARC-LN-CORP-00021,0.95,12.96,12.8,1.62,0,0.0457,2026-06-19,2026-06-19T21:08:14,32.0,5,5.1,14758561.0,0.42,1,2,1,1,2,826,0,139,0,2,4,0,GBR,1.4,2.3,4.25,4.4,-0.0954,87.0,33.0,CORPORATE,0.0,0.0,0.0,0.0,0.0
11518,BANK004,Barclays Bank PLC,BARC-LN-RETA-00025,1.46,10.46,11.1,2.33,0,0.0721,2026-06-19,2026-06-19T21:08:14,27.0,2,1.8,1842261.0,0.29,3,1,6,3,5,727,0,181,0,0,3,0,GBR,1.4,2.3,4.25,4.4,-0.3778,-48.0,9.1,RETAIL_MORTGAGES,0.0,0.0,0.0,0.0,0.0
11519,BANK004,Barclays Bank PLC,BARC-LN-RETA-00026,1.13,13.76,11.0,1.39,0,0.0382,2026-06-19,2026-06-19T21:08:14,24.0,2,1.5,4469569.0,0.23,1,1,4,1,5,814,0,191,0,0,3,0,GBR,1.4,2.3,4.25,4.4,0.6669,67.0,24.2,RETAIL_MORTGAGES,0.0,0.0,0.0,0.0,0.0
11522,BANK004,Barclays Bank PLC,BARC-LN-SME-00009,6.29,1.99,-2.7,0.75,1,0.95,2026-06-19,2026-06-19T21:08:14,31.0,4,6.6,5136419.0,0.57,1,2,3,3,2,600,1,17,8,1,4,0,GBR,1.4,2.3,4.25,4.4,5.1587,-210.0,22.6,SME,0.0,0.0,0.0,0.0,0.0
11523,BANK004,Barclays Bank PLC,BARC-LN-RETA-00027,1.87,11.5,11.2,2.94,0,0.0601,2026-06-19,2026-06-19T21:08:14,56.0,1,18.6,3718872.0,0.3,4,2,3,2,5,747,0,88,0,3,4,0,GBR,1.4,2.3,4.25,4.4,1.2566,-15.0,21.0,RETAIL_MORTGAGES,0.0,0.0,0.0,0.0,0.0
11524,BANK004,Barclays Bank PLC,BARC-LN-RETA-00028,0.83,11.75,24.7,2.46,0,0.0552,2026-06-19,2026-06-19T21:08:14,61.0,2,1.7,1646569.0,0.4,1,2,6,1,5,728,0,43,0,0,1,0,GBR,1.4,2.3,4.25,4.4,-0.675,-19.0,20.7,RETAIL_MORTGAGES,0.0,0.0,0.0,0.0,0.0
11526,BANK004,Barclays Bank PLC,BARC-LN-CORP-00022,0.87,10.34,12.1,1.44,0,0.0629,2026-06-19,2026-06-19T21:08:14,44.0,5,11.8,17581504.0,0.22,0,1,1,3,2,722,0,136,0,3,4,0,GBR,1.4,2.3,4.25,4.4,-1.06,-56.0,42.7,CORPORATE,0.0,0.0,0.0,0.0,0.0
11527,BANK004,Barclays Bank PLC,BARC-LN-RETA-00029,1.8,4.98,6.8,2.27,0,0.055,2026-06-19,2026-06-19T21:08:14,54.0,2,9.6,1804296.0,0.32,4,1,5,3,5,760,0,233,0,2,1,0,GBR,1.4,2.3,4.25,4.4,-0.1152,11.0,43.0,RETAIL_MORTGAGES,0.0,0.0,0.0,0.0,0.0
11529,BANK004,Barclays Bank PLC,BARC-LN-SME-00010,0.46,11.5,10.4,1.75,0,0.0337,2026-06-19,2026-06-19T21:08:14,56.0,4,5.6,5743168.0,0.19,2,1,2,3,2,739,0,150,0,1,4,0,GBR,1.4,2.3,4.25,4.4,-0.2708,-87.0,32.0,SME,0.0,0.0,0.0,0.0,0.0
11530,BANK004,Barclays Bank PLC,BARC-LN-CORP-00023,0.77,8.9,11.3,1.56,0,0.0515,2026-06-19,2026-06-19T21:08:14,61.0,2,26.7,21176930.0,0.27,1,2,3,2,2,730,0,7,0,1,4,0,GBR,1.4,2.3,4.25,4.4,-0.7777,5.0,14.6,CORPORATE,0.0,0.0,0.0,0.0,0.0
11531,BANK004,Barclays Bank PLC,BARC-LN-RETA-00030,1.99,12.61,9.2,2.71,0,0.0598,2026-06-19,2026-06-19T21:08:14,26.0,2,3.5,3975559.0,0.22,4,2,3,3,5,786,0,27,0,1,4,0,GBR,1.4,2.3,4.25,4.4,0.6578,-22.0,14.1,RETAIL_MORTGAGES,0.0,0.0,0.0,0.0,0.0
11532,BANK004,Barclays Bank PLC,BARC-LN-CORP-00024,0.99,3.96,16.1,1.69,0,0.0348,2026-06-19,2026-06-19T21:08:14,54.0,5,25.0,23095434.0,0.31,3,1,4,3,2,812,0,235,0,3,5,0,GBR,1.4,2.3,4.25,4.4,-0.6399,58.0,49.4,CORPORATE,0.0,0.0,0.0,0.0,0.0
11533,BANK004,Barclays Bank PLC,BARC-LN-SME-00011,1.88,8.07,7.2,1.68,0,0.0903,2026-06-19,2026-06-19T21:08:14,52.0,4,29.0,5264038.0,0.34,3,1,1,1,2,720,0,7,0,0,2,0,GBR,1.4,2.3,4.25,4.4,0.3208,-109.0,53.4,SME,0.0,0.0,0.0,0.0,0.0
11534,BANK004,Barclays Bank PLC,BARC-LN-SME-00012,1.47,7.76,9.8,1.33,0,0.0467,2026-06-19,2026-06-19T21:08:14,62.0,4,29.3,2002409.0,0.2,2,1,2,3,2,800,0,28,0,2,4,0,GBR,1.4,2.3,4.25,4.4,0.9257,54.0,23.1,SME,0.0,0.0,0.0,0.0,0.0
11535,BANK004,Barclays Bank PLC,BARC-LN-RETA-00031,0.78,6.04,11.0,1.69,0,0.0295,2026-06-19,2026-06-19T21:08:14,49.0,2,15.9,4951034.0,0.24,1,1,5,1,5,816,0,52,0,1,4,0,GBR,1.4,2.3,4.25,4.4,-0.6098,87.0,43.7,RETAIL_MORTGAGES,0.0,0.0,0.0,0.0,0.0
11536,BANK004,Barclays Bank PLC,BARC-LN-CORP-00025,1.69,9.33,22.3,1.63,0,0.0702,2026-06-19,2026-06-19T21:08:14,50.0,2,27.4,9400300.0,0.43,2,1,2,3,2,812,0,181,0,1,1,0,GBR,1.4,2.3,4.25,4.4,1.0507,-1.0,37.1,CORPORATE,0.0,0.0,0.0,0.0,0.0
11538,BANK004,Barclays Bank PLC,BARC-LN-RETA-00032,0.95,8.43,6.2,2.87,0,0.0338,2026-06-19,2026-06-19T21:08:14,43.0,2,4.1,2289709.0,0.3,1,2,5,2,5,806,0,8,0,0,5,0,GBR,1.4,2.3,4.25,4.4,0.5354,41.0,50.3,RETAIL_MORTGAGES,0.0,0.0,0.0,0.0,0.0
11539,BANK004,Barclays Bank PLC,BARC-LN-CORP-00026,0.43,4.02,16.2,1.62,0,0.0508,2026-06-19,2026-06-19T21:08:14,58.0,5,18.9,20278776.0,0.25,2,1,2,2,2,723,0,75,0,3,2,0,GBR,1.4,2.3,4.25,4.4,-0.1701,-43.0,41.8,CORPORATE,0.0,0.0,0.0,0.0,0.0
11541,BANK004,Barclays Bank PLC,BARC-LN-RETA-00033,0.55,10.0,23.7,2.99,0,0.0238,2026-06-19,2026-06-19T21:08:14,41.0,2,7.7,1850083.0,0.2,3,2,6,3,5,790,0,28,0,1,2,0,GBR,1.4,2.3,4.25,4.4,-0.4188,61.0,41.1,RETAIL_MORTGAGES,0.0,0.0,0.0,0.0,0.0
11542,BANK004,Barclays Bank PLC,BARC-LN-RETA-00034,1.71,9.19,14.6,2.62,0,0.0528,2026-06-19,2026-06-19T21:08:14,60.0,2,17.1,4809453.0,0.28,2,1,5,3,5,774,0,23,0,1,4,0,GBR,1.4,2.3,4.25,4.4,1.0131,62.0,35.0,RETAIL_MORTGAGES,0.0,0.0,0.0,0.0,0.0
11543,BANK004,Barclays Bank PLC,BARC-LN-CORP-00027,1.29,9.36,20.2,2.6,0,0.0423,2026-06-19,2026-06-19T21:08:14,26.0,5,2.2,22839584.0,0.27,1,1,1,3,2,783,0,55,0,1,5,0,GBR,1.4,2.3,4.25,4.4,0.156,-12.0,36.0,CORPORATE,0.0,0.0,0.0,0.0,0.0
11544,BANK004,Barclays Bank PLC,BARC-LN-CORP-00028,1.23,13.93,11.7,1.81,0,0.0541,2026-06-19,2026-06-19T21:08:14,62.0,5,1.0,18324148.0,0.24,0,2,3,2,2,738,0,14,0,2,5,0,GBR,1.4,2.3,4.25,4.4,0.3262,-70.0,26.3,CORPORATE,0.0,0.0,0.0,0.0,0.0
11547,BANK004,Barclays Bank PLC,BARC-LN-SME-00013,0.79,10.02,8.8,2.72,0,0.0342,2026-06-19,2026-06-19T21:08:14,34.0,4,8.5,3675080.0,0.18,0,1,4,1,2,746,0,45,0,0,1,0,GBR,1.4,2.3,4.25,4.4,-0.7201,22.0,17.8,SME,0.0,0.0,0.0,0.0,0.0
11548,BANK004,Barclays Bank PLC,BARC-LN-SME-00014,1.78,3.7,22.5,2.4,0,0.0847,2026-06-19,2026-06-19T21:08:14,40.0,4,17.1,7492507.0,0.43,2,1,1,2,2,739,0,23,0,3,3,0,GBR,1.4,2.3,4.25,4.4,0.5663,-61.0,21.3,SME,0.0,0.0,0.0,0.0,0.0
11549,BANK004,Barclays Bank PLC,BARC-LN-CORP-00029,0.76,7.09,13.5,1.53,0,0.029,2026-06-19,2026-06-19T21:08:14,46.0,5,21.2,13646284.0,0.28,2,1,1,3,2,803,0,233,0,0,5,0,GBR,1.4,2.3,4.25,4.4,-1.177,15.0,20.0,CORPORATE,0.0,0.0,0.0,0.0,0.0
11550,BANK004,Barclays Bank PLC,BARC-LN-SME-00015,1.94,6.69,20.2,2.7,0,0.0705,2026-06-19,2026-06-19T21:08:14,51.0,5,25.6,9042425.0,0.42,3,2,1,1,2,791,0,192,0,0,3,0,GBR,1.4,2.3,4.25,4.4,1.1019,-18.0,19.5,SME,0.0,0.0,0.0,0.0,0.0
11551,BANK004,Barclays Bank PLC,BARC-LN-RETA-00035,1.92,5.84,18.8,1.64,0,0.0736,2026-06-19,2026-06-19T21:08:14,56.0,2,6.6,1886969.0,0.2,2,1,6,2,5,736,0,14,0,3,1,0,GBR,1.4,2.3,4.25,4.4,0.0366,-30.0,10.1,RETAIL_MORTGAGES,0.0,0.0,0.0,0.0,0.0
11552,BANK004,Barclays Bank PLC,BARC-LN-CORP-00030,1.34,8.49,13.8,1.43,0,0.0435,2026-06-19,2026-06-19T21:08:14,42.0,5,11.3,21731657.0,0.18,1,2,1,2,2,786,0,7,0,3,2,0,GBR,1.4,2.3,4.25,4.4,-0.4715,41.0,36.5,CORPORATE,0.0,0.0,0.0,0.0,0.0
11555,BANK004,Barclays Bank PLC,BARC-LN-CORP-00031,0.67,6.77,23.0,2.22,0,0.0645,2026-06-19,2026-06-19T21:08:14,41.0,5,6.7,23433652.0,0.21,1,2,2,3,2,716,0,42,0,2,5,0,GBR,1.4,2.3,4.25,4.4,-0.4832,-80.0,37.3,CORPORATE,0.0,0.0,0.0,0.0,0.0
11557,BANK004,Barclays Bank PLC,BARC-LN-RETA-00036,1.66,9.22,10.5,2.43,0,0.0859,2026-06-19,2026-06-19T21:08:14,61.0,1,7.0,2629058.0,0.37,4,1,6,2,5,719,0,183,0,3,4,0,GBR,1.4,2.3,4.25,4.4,0.1209,-98.0,6.7,RETAIL_MORTGAGES,0.0,0.0,0.0,0.0,0.0
11558,BANK004,Barclays Bank PLC,BARC-LN-SME-00016,1.12,5.66,22.7,1.81,0,0.05,2026-06-19,2026-06-19T21:08:14,29.0,5,3.7,3251718.0,0.42,4,1,2,3,2,811,0,80,0,3,5,0,GBR,1.4,2.3,4.25,4.4,0.2327,-19.0,6.0,SME,0.0,0.0,0.0,0.0,0.0
11560,BANK004,Barclays Bank PLC,BARC-LN-RETA-00037,1.06,9.23,13.0,2.96,0,0.0365,2026-06-19,2026-06-19T21:08:14,53.0,2,1.2,3735764.0,0.31,2,2,4,1,5,782,0,133,0,1,5,0,GBR,1.4,2.3,4.25,4.4,0.0703,-2.0,42.8,RETAIL_MORTGAGES,0.0,0.0,0.0,0.0,0.0
11561,BANK004,Barclays Bank PLC,BARC-LN-CORP-00032,0.46,13.19,20.2,2.54,0,0.0215,2026-06-19,2026-06-19T21:08:14,27.0,2,2.7,16123763.0,0.25,1,2,4,3,2,782,0,210,0,2,3,0,GBR,1.4,2.3,4.25,4.4,-0.9469,-2.0,37.5,CORPORATE,0.0,0.0,0.0,0.0,0.0
11562,BANK004,Barclays Bank PLC,BARC-LN-SME-00017,1.78,7.1,7.6,1.55,0,0.0545,2026-06-19,2026-06-19T21:08:14,62.0,5,23.7,4191545.0,0.39,4,1,3,1,2,829,0,66,0,3,2,0,GBR,1.4,2.3,4.25,4.4,0.0398,23.0,17.4,SME,0.0,0.0,0.0,0.0,0.0
11563,BANK004,Barclays Bank PLC,BARC-LN-CORP-00033,1.94,10.67,6.8,2.86,0,0.0585,2026-06-19,2026-06-19T21:08:14,58.0,2,1.3,19587263.0,0.27,2,2,3,1,2,791,0,210,0,3,4,0,GBR,1.4,2.3,4.25,4.4,0.1892,3.0,21.2,CORPORATE,0.0,0.0,0.0,0.0,0.0
11564,BANK004,Barclays Bank PLC,BARC-LN-RETA-00038,1.39,4.1,17.3,2.82,0,0.0772,2026-06-19,2026-06-19T21:08:14,24.0,2,1.7,2120298.0,0.43,0,1,6,2,5,737,0,70,0,1,1,0,GBR,1.4,2.3,4.25,4.4,-0.0309,-63.0,7.1,RETAIL_MORTGAGES,0.0,0.0,0.0,0.0,0.0
11565,BANK004,Barclays Bank PLC,BARC-LN-RETA-00039,0.57,9.18,14.2,2.34,0,0.0662,2026-06-19,2026-06-19T21:08:14,41.0,2,2.2,3047904.0,0.42,3,1,5,1,5,723,0,57,0,3,2,0,GBR,1.4,2.3,4.25,4.4,-0.9746,0.0,18.2,RETAIL_MORTGAGES,0.0,0.0,0.0,0.0,0.0
11566,BANK004,Barclays Bank PLC,BARC-LN-CORP-00034,1.04,10.14,24.2,1.45,0,0.036,2026-06-19,2026-06-19T21:08:14,51.0,5,4.4,21175462.0,0.4,2,2,1,2,2,778,0,143,0,2,3,0,GBR,1.4,2.3,4.25,4.4,0.0959,-39.0,6.8,CORPORATE,0.0,0.0,0.0,0.0,0.0
11568,BANK004,Barclays Bank PLC,BARC-LN-SME-00018,0.41,13.22,19.4,2.31,0,0.0247,2026-06-19,2026-06-19T21:08:14,47.0,4,19.7,5155215.0,0.29,0,2,1,3,2,746,0,10,0,3,1,0,GBR,1.4,2.3,4.25,4.4,-1.2819,-62.0,18.1,SME,0.0,0.0,0.0,0.0,0.0
11569,BANK004,Barclays Bank PLC,BARC-LN-SME-00019,0.71,11.86,19.0,2.95,0,0.0277,2026-06-19,2026-06-19T21:08:14,50.0,5,13.5,3839421.0,0.31,0,2,3,3,2,770,0,166,0,1,3,0,GBR,1.4,2.3,4.25,4.4,0.0544,-58.0,9.4,SME,0.0,0.0,0.0,0.0,0.0
11570,BANK004,Barclays Bank PLC,BARC-LN-CORP-00035,0.78,7.83,9.8,2.82,0,0.0639,2026-06-19,2026-06-19T21:08:14,28.0,5,2.2,15928173.0,0.3,0,1,4,1,2,719,0,34,0,2,2,0,GBR,1.4,2.3,4.25,4.4,-0.3951,-104.0,24.4,CORPORATE,0.0,0.0,0.0,0.0,0.0
11571,BANK004,Barclays Bank PLC,BARC-LN-SME-00020,1.77,4.41,22.3,2.13,0,0.0687,2026-06-19,2026-06-19T21:08:14,31.0,4,7.4,8623199.0,0.33,4,1,3,3,2,737,0,162,0,1,5,0,GBR,1.4,2.3,4.25,4.4,0.0308,-8.0,11.6,SME,0.0,0.0,0.0,0.0,0.0
11572,BANK004,Barclays Bank PLC,BARC-LN-SME-00021,0.5,7.12,15.2,2.2,0,0.0503,2026-06-19,2026-06-19T21:08:14,45.0,4,6.9,9532408.0,0.3,0,2,2,2,2,725,0,180,0,3,3,0,GBR,1.4,2.3,4.25,4.4,-0.751,-90.0,25.5,SME,0.0,0.0,0.0,0.0,0.0
11573,BANK004,Barclays Bank PLC,BARC-LN-CORP-00036,0.69,5.34,19.5,2.84,0,0.0272,2026-06-19,2026-06-19T21:08:14,43.0,5,10.1,14542277.0,0.22,2,2,1,1,2,811,0,48,0,1,5,0,GBR,1.4,2.3,4.25,4.4,-0.0906,96.0,24.1,CORPORATE,0.0,0.0,0.0,0.0,0.0
11574,BANK004,Barclays Bank PLC,BARC-LN-SME-00022,0.64,12.46,13.0,1.93,0,0.0304,2026-06-19,2026-06-19T21:08:14,61.0,5,6.6,5308665.0,0.27,3,1,1,3,2,746,0,87,0,0,3,0,GBR,1.4,2.3,4.25,4.4,-0.2529,-21.0,19.9,SME,0.0,0.0,0.0,0.0,0.0
11575,BANK004,Barclays Bank PLC,BARC-LN-CORP-00037,1.96,12.09,13.1,2.55,0,0.1012,2026-06-19,2026-06-19T21:08:14,35.0,5,8.0,17138634.0,0.4,3,1,3,2,2,712,0,150,0,3,3,0,GBR,1.4,2.3,4.25,4.4,1.2994,-5.0,13.3,CORPORATE,0.0,0.0,0.0,0.0,0.0
11576,BANK004,Barclays Bank PLC,BARC-LN-CORP-00038,0.62,6.45,20.8,2.0,0,0.0375,2026-06-19,2026-06-19T21:08:14,30.0,5,1.7,17164242.0,0.42,0,2,3,3,2,827,0,154,0,2,2,0,GBR,1.4,2.3,4.25,4.4,0.0561,98.0,38.8,CORPORATE,0.0,0.0,0.0,0.0,0.0
11578,BANK004,Barclays Bank PLC,BARC-LN-RETA-00040,1.19,7.54,14.7,2.55,0,0.0577,2026-06-19,2026-06-19T21:08:14,50.0,1,8.8,4155855.0,0.43,2,1,6,2,5,797,0,190,0,0,1,0,GBR,1.4,2.3,4.25,4.4,0.0797,17.0,46.1,RETAIL_MORTGAGES,0.0,0.0,0.0,0.0,0.0
11580,BANK004,Barclays Bank PLC,BARC-LN-RETA-00041,1.18,6.25,12.5,2.76,0,0.0395,2026-06-19,2026-06-19T21:08:14,48.0,2,13.3,4419430.0,0.18,3,2,3,3,5,779,0,125,0,1,3,0,GBR,1.4,2.3,4.25,4.4,-0.4423,14.0,47.5,RETAIL_MORTGAGES,0.0,0.0,0.0,0.0,0.0
11582,BANK004,Barclays Bank PLC,BARC-LN-RETA-00042,1.58,11.96,20.1,2.89,0,0.0639,2026-06-19,2026-06-19T21:08:14,31.0,2,5.8,2198566.0,0.22,4,1,6,1,5,737,0,203,0,2,3,0,GBR,1.4,2.3,4.25,4.4,0.8998,-8.0,24.1,RETAIL_MORTGAGES,0.0,0.0,0.0,0.0,0.0
11583,BANK004,Barclays Bank PLC,BARC-LN-CORP-00039,0.88,13.33,20.4,1.81,0,0.038,2026-06-19,2026-06-19T21:08:14,39.0,5,14.7,12931660.0,0.41,2,1,1,3,2,820,0,105,0,0,4,0,GBR,1.4,2.3,4.25,4.4,-0.9854,30.0,14.9,CORPORATE,0.0,0.0,0.0,0.0,0.0
11584,BANK004,Barclays Bank PLC,BARC-LN-RETA-00043,0.72,10.86,9.2,1.98,0,0.028,2026-06-19,2026-06-19T21:08:14,29.0,1,4.9,3542644.0,0.34,3,1,3,1,5,764,0,166,0,1,1,0,GBR,1.4,2.3,4.25,4.4,0.0812,7.0,30.1,RETAIL_MORTGAGES,0.0,0.0,0.0,0.0,0.0
11587,BANK004,Barclays Bank PLC,BARC-LN-CORP-00040,0.58,11.06,8.8,1.89,0,0.0461,2026-06-19,2026-06-19T21:08:14,27.0,5,1.2,21606450.0,0.41,3,1,4,2,2,736,0,97,0,3,4,0,GBR,1.4,2.3,4.25,4.4,-0.109,5.0,21.9,CORPORATE,0.0,0.0,0.0,0.0,0.0
11588,BANK004,Barclays Bank PLC,BARC-LN-CORP-00041,6.8,1.32,1.5,1.04,1,0.6116,2026-06-19,2026-06-19T21:08:14,47.0,2,15.3,14036827.0,0.57,4,2,4,2,2,583,0,7,2,2,1,0,GBR,1.4,2.3,4.25,4.4,5.9473,-229.0,22.8,CORPORATE,0.0,0.0,0.0,0.0,0.0
11589,BANK004,Barclays Bank PLC,BARC-LN-CORP-00042,1.36,4.45,14.0,1.93,0,0.0629,2026-06-19,2026-06-19T21:08:14,51.0,5,13.5,21429022.0,0.29,4,1,3,3,2,733,0,105,0,3,3,0,GBR,1.4,2.3,4.25,4.4,0.2784,18.0,51.7,CORPORATE,0.0,0.0,0.0,0.0,0.0
11590,BANK004,Barclays Bank PLC,BARC-LN-RETA-00044,1.7,7.23,17.1,2.61,0,0.0947,2026-06-19,2026-06-19T21:08:14,57.0,2,15.8,1651442.0,0.21,4,1,3,3,5,712,0,111,0,0,4,0,GBR,1.4,2.3,4.25,4.4,0.2415,-20.0,39.4,RETAIL_MORTGAGES,0.0,0.0,0.0,0.0,0.0
11591,BANK004,Barclays Bank PLC,BARC-LN-CORP-00043,1.15,12.53,17.1,1.64,0,0.0387,2026-06-19,2026-06-19T21:08:14,51.0,5,4.3,5732051.0,0.4,3,1,4,2,2,782,0,237,0,1,4,0,GBR,1.4,2.3,4.25,4.4,0.1232,30.0,10.2,CORPORATE,0.0,0.0,0.0,0.0,0.0
11592,BANK004,Barclays Bank PLC,BARC-LN-RETA-00045,1.12,8.08,9.1,2.53,0,0.038,2026-06-19,2026-06-19T21:08:14,27.0,2,4.6,2949601.0,0.27,2,1,5,3,5,770,0,35,0,3,5,0,GBR,1.4,2.3,4.25,4.4,0.3486,32.0,20.4,RETAIL_MORTGAGES,0.0,0.0,0.0,0.0,0.0
11593,BANK004,Barclays Bank PLC,BARC-LN-CORP-00044,1.68,7.84,13.8,2.08,0,0.052,2026-06-19,2026-06-19T21:08:14,45.0,5,4.3,13235978.0,0.31,1,2,4,2,2,819,0,198,0,3,2,0,GBR,1.4,2.3,4.25,4.4,0.1885,-11.0,53.2,CORPORATE,0.0,0.0,0.0,0.0,0.0
11594,BANK004,Barclays Bank PLC,BARC-LN-CORP-00045,0.58,4.13,13.1,2.37,0,0.0245,2026-06-19,2026-06-19T21:08:14,37.0,5,9.3,23117133.0,0.21,4,1,2,1,2,755,0,67,0,2,4,0,GBR,1.4,2.3,4.25,4.4,-1.0305,-75.0,24.3,CORPORATE,0.0,0.0,0.0,0.0,0.0
11597,BANK005,DBS Bank Ltd,DBS-LN-CORP-00001,0.74,4.89,23.8,2.27,0,0.0285,2026-06-19,2026-06-19T21:08:20,61.0,5,25.9,6054043.0,0.24,3,1,2,1,2,770,0,24,0,1,3,0,SGP,2.8,1.8,3.0,2.1,-0.4168,8.0,10.8,CORPORATE,0.0,0.0,0.0,0.0,0.0
11598,BANK005,DBS Bank Ltd,DBS-LN-CORP-00002,0.67,8.6,10.1,1.98,0,0.0634,2026-06-19,2026-06-19T21:08:20,52.0,5,2.5,8285271.0,0.22,1,2,1,2,2,717,0,144,0,0,1,0,SGP,2.8,1.8,3.0,2.1,0.2666,-42.0,25.4,CORPORATE,0.0,0.0,0.0,0.0,0.0
11599,BANK005,DBS Bank Ltd,DBS-LN-RETA-00001,1.91,9.48,17.0,1.37,0,0.0911,2026-06-19,2026-06-19T21:08:20,27.0,2,3.4,687399.0,0.29,0,1,3,1,3,720,0,178,0,1,4,0,SGP,2.8,1.8,3.0,2.1,0.5761,-56.0,10.0,RETAIL_OTHER,0.0,0.0,0.0,0.0,0.0
11600,BANK005,DBS Bank Ltd,DBS-LN-CORP-00003,0.41,12.08,11.7,2.43,0,0.0262,2026-06-19,2026-06-19T21:08:20,56.0,5,25.2,19703034.0,0.41,4,1,3,1,2,830,0,186,0,2,5,0,SGP,2.8,1.8,3.0,2.1,-0.4131,7.0,48.7,CORPORATE,0.0,0.0,0.0,0.0,0.0
11601,BANK005,DBS Bank Ltd,DBS-LN-CORP-00004,0.7,3.97,14.3,2.18,0,0.0275,2026-06-19,2026-06-19T21:08:20,40.0,2,8.4,15525264.0,0.32,4,1,3,3,2,813,0,136,0,0,4,0,SGP,2.8,1.8,3.0,2.1,-0.8511,9.0,31.1,CORPORATE,0.0,0.0,0.0,0.0,0.0
11603,BANK005,DBS Bank Ltd,DBS-LN-RETA-00002,0.77,10.79,19.4,1.41,0,0.0293,2026-06-19,2026-06-19T21:08:20,41.0,2,7.0,1539655.0,0.27,1,1,5,1,1,762,0,234,0,0,2,0,SGP,2.8,1.8,3.0,2.1,-0.3755,45.0,44.8,RETAIL_OTHER,0.0,0.0,0.0,0.0,0.0
11604,BANK005,DBS Bank Ltd,DBS-LN-CORP-00005,1.3,3.78,18.2,1.53,0,0.0425,2026-06-19,2026-06-19T21:08:20,38.0,5,14.8,20683010.0,0.23,4,1,4,3,2,769,0,165,0,0,4,0,SGP,2.8,1.8,3.0,2.1,0.4837,18.0,12.4,CORPORATE,0.0,0.0,0.0,0.0,0.0
11605,BANK005,DBS Bank Ltd,DBS-LN-CORP-00006,1.81,10.86,11.2,1.32,0,0.073,2026-06-19,2026-06-19T21:08:20,39.0,5,8.8,11101533.0,0.2,2,2,1,2,2,734,0,96,0,2,3,0,SGP,2.8,1.8,3.0,2.1,0.2579,-38.0,34.0,CORPORATE,0.0,0.0,0.0,0.0,0.0
11607,BANK005,DBS Bank Ltd,DBS-LN-RETA-00003,1.92,4.39,10.7,2.25,0,0.058,2026-06-19,2026-06-19T21:08:20,35.0,2,8.6,3620202.0,0.34,4,1,6,2,5,763,0,19,0,1,2,0,SGP,2.8,1.8,3.0,2.1,0.2548,25.0,24.9,RETAIL_MORTGAGES,0.0,0.0,0.0,0.0,0.0
11608,BANK005,DBS Bank Ltd,DBS-LN-CORP-00007,1.66,10.06,18.6,2.89,0,0.0515,2026-06-19,2026-06-19T21:08:20,24.0,5,1.7,14486454.0,0.21,2,2,1,1,2,764,0,122,0,0,2,0,SGP,2.8,1.8,3.0,2.1,0.9003,35.0,30.2,CORPORATE,0.0,0.0,0.0,0.0,0.0
11609,BANK005,DBS Bank Ltd,DBS-LN-CORP-00008,0.46,11.44,14.9,2.41,0,0.0215,2026-06-19,2026-06-19T21:08:20,62.0,5,28.9,12681428.0,0.25,4,1,1,1,2,827,0,220,0,0,3,0,SGP,2.8,1.8,3.0,2.1,-1.5351,62.0,31.2,CORPORATE,0.0,0.0,0.0,0.0,0.0
11610,BANK005,DBS Bank Ltd,DBS-LN-RETA-00004,1.64,12.47,12.5,2.64,0,0.0577,2026-06-19,2026-06-19T21:08:20,55.0,2,5.2,3512173.0,0.39,2,2,6,1,5,744,0,54,0,1,1,0,SGP,2.8,1.8,3.0,2.1,0.7875,-4.0,49.7,RETAIL_MORTGAGES,0.0,0.0,0.0,0.0,0.0
11611,BANK005,DBS Bank Ltd,DBS-LN-RETA-00005,0.52,11.71,11.0,2.36,0,0.023,2026-06-19,2026-06-19T21:08:20,33.0,2,10.1,3405998.0,0.35,1,1,3,2,5,760,0,9,0,1,4,0,SGP,2.8,1.8,3.0,2.1,-1.2428,-59.0,6.8,RETAIL_MORTGAGES,0.0,0.0,0.0,0.0,0.0
11612,BANK005,DBS Bank Ltd,DBS-LN-SME-00001,1.39,6.03,23.3,1.54,0,0.0447,2026-06-19,2026-06-19T21:08:20,27.0,4,1.7,8648135.0,0.35,3,2,4,3,2,769,0,50,0,0,5,0,SGP,2.8,1.8,3.0,2.1,0.2547,-26.0,42.3,SME,0.0,0.0,0.0,0.0,0.0
11613,BANK005,DBS Bank Ltd,DBS-LN-RETA-00006,1.73,12.98,20.7,1.69,0,0.0533,2026-06-19,2026-06-19T21:08:20,30.0,2,2.9,2860129.0,0.27,3,2,5,1,5,812,0,150,0,0,5,0,SGP,2.8,1.8,3.0,2.1,0.3114,23.0,13.3,RETAIL_MORTGAGES,0.0,0.0,0.0,0.0,0.0
11614,BANK005,DBS Bank Ltd,DBS-LN-CORP-00009,0.54,7.64,11.0,1.51,0,0.0235,2026-06-19,2026-06-19T21:08:20,57.0,5,5.1,7526627.0,0.35,2,2,3,1,2,757,0,63,0,3,5,0,SGP,2.8,1.8,3.0,2.1,-0.9357,-27.0,19.5,CORPORATE,0.0,0.0,0.0,0.0,0.0
11615,BANK005,DBS Bank Ltd,DBS-LN-CORP-00010,0.75,9.96,19.8,2.84,0,0.0288,2026-06-19,2026-06-19T21:08:20,25.0,2,1.9,20980162.0,0.32,4,1,1,3,2,794,0,98,0,0,4,0,SGP,2.8,1.8,3.0,2.1,-0.3829,81.0,28.4,CORPORATE,0.0,0.0,0.0,0.0,0.0
11617,BANK005,DBS Bank Ltd,DBS-LN-CORP-00011,1.13,5.15,11.9,1.85,0,0.0382,2026-06-19,2026-06-19T21:08:20,43.0,2,2.8,6028681.0,0.33,3,2,1,1,2,830,0,141,0,1,4,0,SGP,2.8,1.8,3.0,2.1,0.5941,114.0,37.8,CORPORATE,0.0,0.0,0.0,0.0,0.0
11618,BANK005,DBS Bank Ltd,DBS-LN-CORP-00012,1.04,4.33,22.5,2.57,0,0.0493,2026-06-19,2026-06-19T21:08:20,50.0,5,12.8,7957148.0,0.27,4,2,4,3,2,738,0,33,0,1,4,0,SGP,2.8,1.8,3.0,2.1,0.371,-37.0,15.3,CORPORATE,0.0,0.0,0.0,0.0,0.0
11619,BANK005,DBS Bank Ltd,DBS-LN-RETA-00007,0.49,8.83,11.9,2.07,0,0.0589,2026-06-19,2026-06-19T21:08:20,55.0,2,14.6,1486413.0,0.28,4,2,5,1,5,717,0,167,0,2,3,0,SGP,2.8,1.8,3.0,2.1,-0.3693,-75.0,45.4,RETAIL_MORTGAGES,0.0,0.0,0.0,0.0,0.0
11620,BANK005,DBS Bank Ltd,DBS-LN-CORP-00013,0.93,9.36,13.3,1.73,0,0.0333,2026-06-19,2026-06-19T21:08:20,35.0,5,5.9,17999542.0,0.35,0,2,3,2,2,819,0,92,0,0,3,0,SGP,2.8,1.8,3.0,2.1,-0.9201,-2.0,33.2,CORPORATE,0.0,0.0,0.0,0.0,0.0
11621,BANK005,DBS Bank Ltd,DBS-LN-RETA-00008,1.75,4.56,20.6,2.72,0,0.0538,2026-06-19,2026-06-19T21:08:20,51.0,1,7.3,2005328.0,0.32,2,1,5,2,5,823,0,41,0,1,1,0,SGP,2.8,1.8,3.0,2.1,0.2909,1.0,44.3,RETAIL_MORTGAGES,0.0,0.0,0.0,0.0,0.0
11622,BANK005,DBS Bank Ltd,DBS-LN-SME-00002,1.8,4.05,15.1,1.93,0,0.055,2026-06-19,2026-06-19T21:08:20,54.0,5,13.1,6424653.0,0.21,1,2,3,2,2,829,0,47,0,1,5,0,SGP,2.8,1.8,3.0,2.1,0.0466,11.0,48.6,SME,0.0,0.0,0.0,0.0,0.0
11623,BANK005,DBS Bank Ltd,DBS-LN-RETA-00009,1.51,4.96,19.4,2.06,0,0.1042,2026-06-19,2026-06-19T21:08:20,39.0,2,13.7,2606309.0,0.42,3,2,3,3,5,710,0,41,0,0,3,0,SGP,2.8,1.8,3.0,2.1,1.0796,-27.0,10.0,RETAIL_MORTGAGES,0.0,0.0,0.0,0.0,0.0
11625,BANK005,DBS Bank Ltd,DBS-LN-RETA-00010,0.53,10.44,11.8,2.32,0,0.0232,2026-06-19,2026-06-19T21:08:20,55.0,2,29.9,3726872.0,0.22,0,2,6,1,5,764,0,52,0,2,3,0,SGP,2.8,1.8,3.0,2.1,-0.5803,-3.0,14.7,RETAIL_MORTGAGES,0.0,0.0,0.0,0.0,0.0
11628,BANK005,DBS Bank Ltd,DBS-LN-CORP-00014,0.79,11.98,13.7,2.07,0,0.0298,2026-06-19,2026-06-19T21:08:20,60.0,5,15.4,6016226.0,0.2,3,2,2,3,2,798,0,166,0,2,3,0,SGP,2.8,1.8,3.0,2.1,-0.3134,27.0,12.4,CORPORATE,0.0,0.0,0.0,0.0,0.0
11629,BANK005,DBS Bank Ltd,DBS-LN-CORP-00015,1.15,12.73,15.5,1.45,0,0.0387,2026-06-19,2026-06-19T21:08:20,30.0,2,6.0,24383960.0,0.31,4,2,2,1,2,760,0,54,0,1,4,0,SGP,2.8,1.8,3.0,2.1,-0.7967,23.0,11.5,CORPORATE,0.0,0.0,0.0,0.0,0.0
11630,BANK005,DBS Bank Ltd,DBS-LN-CORP-00016,0.59,13.74,13.5,2.65,0,0.0248,2026-06-19,2026-06-19T21:08:20,49.0,5,12.7,21920007.0,0.33,4,1,1,2,2,753,0,146,0,2,5,0,SGP,2.8,1.8,3.0,2.1,-0.395,25.0,51.0,CORPORATE,0.0,0.0,0.0,0.0,0.0
11633,BANK005,DBS Bank Ltd,DBS-LN-SME-00003,1.85,4.44,16.9,2.21,0,0.0563,2026-06-19,2026-06-19T21:08:20,32.0,5,7.8,3673157.0,0.4,0,1,4,3,2,802,0,79,0,2,3,0,SGP,2.8,1.8,3.0,2.1,1.3903,-25.0,17.2,SME,0.0,0.0,0.0,0.0,0.0
11636,BANK005,DBS Bank Ltd,DBS-LN-RETA-00011,1.49,10.45,16.2,2.41,0,0.0473,2026-06-19,2026-06-19T21:08:20,54.0,2,26.2,3081301.0,0.21,0,1,5,2,5,754,0,238,0,3,4,0,SGP,2.8,1.8,3.0,2.1,-0.4986,-6.0,48.5,RETAIL_MORTGAGES,0.0,0.0,0.0,0.0,0.0
11638,BANK005,DBS Bank Ltd,DBS-LN-CORP-00017,1.06,7.87,16.1,1.96,0,0.0454,2026-06-19,2026-06-19T21:08:20,44.0,5,19.0,15091039.0,0.23,4,1,4,1,2,742,0,42,0,3,1,0,SGP,2.8,1.8,3.0,2.1,-0.3747,-86.0,22.4,CORPORATE,0.0,0.0,0.0,0.0,0.0
11639,BANK005,DBS Bank Ltd,DBS-LN-RETA-00012,0.89,7.28,22.8,2.09,0,0.0562,2026-06-19,2026-06-19T21:08:20,54.0,2,23.5,2548951.0,0.44,2,1,4,3,5,812,0,103,0,3,5,0,SGP,2.8,1.8,3.0,2.1,-0.2612,-5.0,39.4,RETAIL_MORTGAGES,0.0,0.0,0.0,0.0,0.0
11641,BANK005,DBS Bank Ltd,DBS-LN-CORP-00018,1.88,10.69,11.3,2.22,0,0.057,2026-06-19,2026-06-19T21:08:20,24.0,5,1.2,6427800.0,0.19,0,1,1,3,2,794,0,236,0,3,3,0,SGP,2.8,1.8,3.0,2.1,-0.006,44.0,34.8,CORPORATE,0.0,0.0,0.0,0.0,0.0
11642,BANK005,DBS Bank Ltd,DBS-LN-CORP-00019,0.54,9.32,17.3,2.63,0,0.0235,2026-06-19,2026-06-19T21:08:20,29.0,5,3.6,11287824.0,0.28,0,1,2,1,2,820,0,148,0,3,1,0,SGP,2.8,1.8,3.0,2.1,-0.327,61.0,15.2,CORPORATE,0.0,0.0,0.0,0.0,0.0
11643,BANK005,DBS Bank Ltd,DBS-LN-SME-00004,1.69,6.96,12.4,2.69,0,0.0523,2026-06-19,2026-06-19T21:08:20,40.0,4,1.1,4555656.0,0.35,3,1,4,1,2,820,0,107,0,2,5,0,SGP,2.8,1.8,3.0,2.1,0.339,72.0,24.2,SME,0.0,0.0,0.0,0.0,0.0
11644,BANK005,DBS Bank Ltd,DBS-LN-CORP-00020,1.41,6.04,18.5,2.52,0,0.0452,2026-06-19,2026-06-19T21:08:20,61.0,2,25.1,14775453.0,0.28,1,1,2,2,2,811,0,23,0,3,4,0,SGP,2.8,1.8,3.0,2.1,0.2915,25.0,15.7,CORPORATE,0.0,0.0,0.0,0.0,0.0
11645,BANK005,DBS Bank Ltd,DBS-LN-RETA-00013,1.93,5.93,13.7,1.61,0,0.0583,2026-06-19,2026-06-19T21:08:20,26.0,2,1.5,3364235.0,0.35,3,1,4,3,5,791,0,46,0,2,5,0,SGP,2.8,1.8,3.0,2.1,0.8971,-13.0,36.4,RETAIL_MORTGAGES,0.0,0.0,0.0,0.0,0.0
11647,BANK005,DBS Bank Ltd,DBS-LN-CORP-00021,1.12,10.15,22.7,1.46,0,0.038,2026-06-19,2026-06-19T21:08:20,41.0,5,9.8,18176850.0,0.37,3,1,3,1,2,775,0,153,0,2,4,0,SGP,2.8,1.8,3.0,2.1,-0.3915,-47.0,39.7,CORPORATE,0.0,0.0,0.0,0.0,0.0
11648,BANK005,DBS Bank Ltd,DBS-LN-CORP-00022,1.34,7.53,24.3,1.83,0,0.0691,2026-06-19,2026-06-19T21:08:20,34.0,5,10.5,19843939.0,0.24,0,1,4,3,2,727,0,28,0,0,2,0,SGP,2.8,1.8,3.0,2.1,-0.0914,-14.0,22.2,CORPORATE,0.0,0.0,0.0,0.0,0.0
11649,BANK005,DBS Bank Ltd,DBS-LN-RETA-00014,0.51,6.25,6.8,1.4,0,0.0227,2026-06-19,2026-06-19T21:08:20,24.0,2,1.8,1924651.0,0.28,4,2,5,3,5,811,0,203,0,0,1,0,SGP,2.8,1.8,3.0,2.1,-0.3484,10.0,27.0,RETAIL_MORTGAGES,0.0,0.0,0.0,0.0,0.0
11650,BANK005,DBS Bank Ltd,DBS-LN-RETA-00015,1.52,5.22,24.1,2.19,0,0.048,2026-06-19,2026-06-19T21:08:20,27.0,2,3.6,4310888.0,0.39,1,1,5,3,5,810,0,50,0,0,1,0,SGP,2.8,1.8,3.0,2.1,0.7052,53.0,46.1,RETAIL_MORTGAGES,0.0,0.0,0.0,0.0,0.0
11651,BANK005,DBS Bank Ltd,DBS-LN-RETA-00016,1.89,12.5,16.5,2.85,0,0.0573,2026-06-19,2026-06-19T21:08:20,40.0,1,1.8,2225723.0,0.35,1,1,3,1,5,804,0,99,0,3,2,0,SGP,2.8,1.8,3.0,2.1,1.1308,63.0,9.7,RETAIL_MORTGAGES,0.0,0.0,0.0,0.0,0.0
11652,BANK005,DBS Bank Ltd,DBS-LN-RETA-00017,0.64,13.29,6.5,2.22,0,0.026,2026-06-19,2026-06-19T21:08:20,53.0,2,29.2,3681731.0,0.4,1,2,4,2,5,791,0,203,0,1,5,0,SGP,2.8,1.8,3.0,2.1,-1.1635,39.0,17.3,RETAIL_MORTGAGES,0.0,0.0,0.0,0.0,0.0
11653,BANK005,DBS Bank Ltd,DBS-LN-CORP-00023,0.91,6.36,7.4,1.64,0,0.0328,2026-06-19,2026-06-19T21:08:20,56.0,5,7.9,9385842.0,0.38,2,1,4,3,2,809,0,72,0,2,4,0,SGP,2.8,1.8,3.0,2.1,0.3356,86.0,40.5,CORPORATE,0.0,0.0,0.0,0.0,0.0
11654,BANK005,DBS Bank Ltd,DBS-LN-CORP-00024,1.29,9.28,7.8,1.47,0,0.0423,2026-06-19,2026-06-19T21:08:20,44.0,2,6.5,15027430.0,0.22,3,1,1,3,2,811,0,50,0,0,4,0,SGP,2.8,1.8,3.0,2.1,0.8709,-5.0,16.3,CORPORATE,0.0,0.0,0.0,0.0,0.0
11655,BANK005,DBS Bank Ltd,DBS-LN-SME-00005,1.36,3.71,15.1,1.86,0,0.044,2026-06-19,2026-06-19T21:08:20,46.0,4,5.0,4592525.0,0.23,1,2,2,2,2,788,0,15,0,0,1,0,SGP,2.8,1.8,3.0,2.1,0.7512,-13.0,44.5,SME,0.0,0.0,0.0,0.0,0.0
11657,BANK005,DBS Bank Ltd,DBS-LN-RETA-00018,0.96,7.44,21.7,2.64,0,0.034,2026-06-19,2026-06-19T21:08:20,37.0,2,11.3,3038028.0,0.35,3,2,3,1,5,783,0,48,0,3,4,0,SGP,2.8,1.8,3.0,2.1,-0.5395,53.0,12.0,RETAIL_MORTGAGES,0.0,0.0,0.0,0.0,0.0
11658,BANK005,DBS Bank Ltd,DBS-LN-RETA-00019,1.74,5.11,12.9,2.03,0,0.0568,2026-06-19,2026-06-19T21:08:20,34.0,2,3.6,2447388.0,0.39,4,2,5,3,5,747,0,18,0,3,5,0,SGP,2.8,1.8,3.0,2.1,0.3399,-24.0,7.0,RETAIL_MORTGAGES,0.0,0.0,0.0,0.0,0.0
11659,BANK005,DBS Bank Ltd,DBS-LN-CORP-00025,1.29,12.33,21.5,2.01,0,0.0423,2026-06-19,2026-06-19T21:08:20,26.0,5,1.3,8244801.0,0.36,1,2,1,1,2,778,0,94,0,3,5,0,SGP,2.8,1.8,3.0,2.1,-0.6082,-5.0,27.8,CORPORATE,0.0,0.0,0.0,0.0,0.0
11660,BANK005,DBS Bank Ltd,DBS-LN-SME-00006,1.28,12.49,15.9,2.86,0,0.0853,2026-06-19,2026-06-19T21:08:20,26.0,4,3.4,9668646.0,0.38,3,2,3,2,2,711,0,28,0,3,5,0,SGP,2.8,1.8,3.0,2.1,-0.1169,-65.0,12.7,SME,0.0,0.0,0.0,0.0,0.0
11662,BANK005,DBS Bank Ltd,DBS-LN-CORP-00026,0.45,4.03,12.8,1.64,0,0.0213,2026-06-19,2026-06-19T21:08:20,56.0,2,1.8,24081476.0,0.39,1,1,2,3,2,757,0,55,0,1,1,0,SGP,2.8,1.8,3.0,2.1,-0.7582,-34.0,36.4,CORPORATE,0.0,0.0,0.0,0.0,0.0
11663,BANK005,DBS Bank Ltd,DBS-LN-RETA-00020,1.44,9.81,6.2,1.73,0,0.064,2026-06-19,2026-06-19T21:08:20,27.0,1,3.1,2917597.0,0.43,1,2,4,2,5,813,0,227,0,0,4,0,SGP,2.8,1.8,3.0,2.1,-0.1004,13.0,8.9,RETAIL_MORTGAGES,0.0,0.0,0.0,0.0,0.0
11664,BANK005,DBS Bank Ltd,DBS-LN-SME-00007,1.23,6.02,7.1,2.76,0,0.0408,2026-06-19,2026-06-19T21:08:20,30.0,4,7.7,7965086.0,0.34,1,2,3,2,2,813,0,172,0,2,2,0,SGP,2.8,1.8,3.0,2.1,-0.2268,16.0,23.8,SME,0.0,0.0,0.0,0.0,0.0
11665,BANK005,DBS Bank Ltd,DBS-LN-RETA-00021,0.76,5.84,22.6,2.01,0,0.029,2026-06-19,2026-06-19T21:08:20,46.0,1,18.0,1736636.0,0.27,0,2,5,1,5,823,0,191,0,1,3,0,SGP,2.8,1.8,3.0,2.1,-0.0569,76.0,35.6,RETAIL_MORTGAGES,0.0,0.0,0.0,0.0,0.0
11666,BANK005,DBS Bank Ltd,DBS-LN-RETA-00022,1.62,5.27,20.5,2.13,0,0.0505,2026-06-19,2026-06-19T21:08:20,33.0,2,7.3,2514553.0,0.38,1,1,5,3,5,807,0,7,0,3,3,0,SGP,2.8,1.8,3.0,2.1,1.013,42.0,7.6,RETAIL_MORTGAGES,0.0,0.0,0.0,0.0,0.0
11667,BANK005,DBS Bank Ltd,DBS-LN-RETA-00023,1.51,10.12,11.7,2.42,0,0.0478,2026-06-19,2026-06-19T21:08:20,27.0,2,1.5,2794899.0,0.32,1,2,3,2,5,794,0,70,0,3,2,0,SGP,2.8,1.8,3.0,2.1,0.1135,-5.0,24.7,RETAIL_MORTGAGES,0.0,0.0,0.0,0.0,0.0
11668,BANK005,DBS Bank Ltd,DBS-LN-CORP-00027,0.64,4.45,15.7,2.53,0,0.0691,2026-06-19,2026-06-19T21:08:20,34.0,2,8.4,5427798.0,0.42,3,1,3,1,2,722,0,238,0,0,5,0,SGP,2.8,1.8,3.0,2.1,-0.7909,-46.0,42.5,CORPORATE,0.0,0.0,0.0,0.0,0.0
11669,BANK005,DBS Bank Ltd,DBS-LN-RETA-00024,1.68,10.31,21.1,1.49,0,0.052,2026-06-19,2026-06-19T21:08:20,46.0,2,10.2,2880982.0,0.37,3,1,5,1,5,799,0,122,0,2,4,0,SGP,2.8,1.8,3.0,2.1,-0.2905,-19.0,46.5,RETAIL_MORTGAGES,0.0,0.0,0.0,0.0,0.0
11670,BANK005,DBS Bank Ltd,DBS-LN-RETA-00025,1.83,9.94,6.2,2.89,0,0.0558,2026-06-19,2026-06-19T21:08:20,57.0,2,8.2,4247799.0,0.4,4,1,6,3,5,774,0,94,0,3,2,0,SGP,2.8,1.8,3.0,2.1,0.067,-47.0,50.5,RETAIL_MORTGAGES,0.0,0.0,0.0,0.0,0.0
11674,BANK005,DBS Bank Ltd,DBS-LN-SME-00008,1.61,9.24,17.5,2.62,0,0.068,2026-06-19,2026-06-19T21:08:20,48.0,5,20.5,9288441.0,0.26,2,2,3,1,2,734,0,228,0,3,2,0,SGP,2.8,1.8,3.0,2.1,0.9261,-63.0,19.7,SME,0.0,0.0,0.0,0.0,0.0
11675,BANK005,DBS Bank Ltd,DBS-LN-SME-00009,1.93,8.97,20.9,1.57,0,0.0583,2026-06-19,2026-06-19T21:08:20,26.0,4,1.2,5003839.0,0.32,1,2,4,3,2,779,0,187,0,2,5,0,SGP,2.8,1.8,3.0,2.1,1.3829,41.0,15.8,SME,0.0,0.0,0.0,0.0,0.0
11677,BANK005,DBS Bank Ltd,DBS-LN-CORP-00028,1.8,4.98,6.8,2.27,0,0.055,2026-06-19,2026-06-19T21:08:20,54.0,2,9.6,9834372.0,0.32,4,1,3,3,2,760,0,233,0,2,1,0,SGP,2.8,1.8,3.0,2.1,-0.1152,11.0,28.4,CORPORATE,0.0,0.0,0.0,0.0,0.0
11678,BANK005,DBS Bank Ltd,DBS-LN-RETA-00026,0.82,12.81,7.5,1.43,0,0.0727,2026-06-19,2026-06-19T21:08:20,45.0,2,2.8,3744380.0,0.4,1,2,3,1,5,712,0,77,0,1,5,0,SGP,2.8,1.8,3.0,2.1,-0.5906,-102.0,22.0,RETAIL_MORTGAGES,0.0,0.0,0.0,0.0,0.0
11679,BANK005,DBS Bank Ltd,DBS-LN-CORP-00029,0.99,3.95,9.9,2.84,0,0.0348,2026-06-19,2026-06-19T21:08:20,34.0,5,3.4,6356264.0,0.28,2,1,4,2,2,756,0,130,0,1,1,0,SGP,2.8,1.8,3.0,2.1,-0.8786,-66.0,22.9,CORPORATE,0.0,0.0,0.0,0.0,0.0
11680,BANK005,DBS Bank Ltd,DBS-LN-SME-00010,1.36,9.42,6.4,2.52,0,0.044,2026-06-19,2026-06-19T21:08:20,39.0,4,1.9,3231993.0,0.39,3,1,1,3,2,794,0,72,0,1,5,0,SGP,2.8,1.8,3.0,2.1,-0.5556,57.0,38.9,SME,0.0,0.0,0.0,0.0,0.0
11681,BANK005,DBS Bank Ltd,DBS-LN-CORP-00030,1.6,4.48,18.5,2.83,0,0.05,2026-06-19,2026-06-19T21:08:20,48.0,2,5.4,8231244.0,0.4,4,1,2,3,2,779,0,236,0,0,5,0,SGP,2.8,1.8,3.0,2.1,-0.2352,-30.0,11.5,CORPORATE,0.0,0.0,0.0,0.0,0.0
11682,BANK005,DBS Bank Ltd,DBS-LN-SME-00011,0.57,7.97,17.1,1.74,0,0.0243,2026-06-19,2026-06-19T21:08:20,50.0,5,18.7,5145978.0,0.29,2,1,1,3,2,778,0,182,0,2,4,0,SGP,2.8,1.8,3.0,2.1,-0.415,33.0,42.4,SME,0.0,0.0,0.0,0.0,0.0
11683,BANK005,DBS Bank Ltd,DBS-LN-CORP-00031,1.1,4.17,10.2,1.44,0,0.0775,2026-06-19,2026-06-19T21:08:20,34.0,5,9.8,5177524.0,0.37,4,2,2,2,2,714,0,216,0,1,4,0,SGP,2.8,1.8,3.0,2.1,-0.7891,-47.0,38.6,CORPORATE,0.0,0.0,0.0,0.0,0.0
11684,BANK005,DBS Bank Ltd,DBS-LN-SME-00012,1.49,12.91,22.4,2.12,0,0.055,2026-06-19,2026-06-19T21:08:20,28.0,4,3.8,5163178.0,0.2,3,2,3,3,2,743,0,203,0,1,3,0,SGP,2.8,1.8,3.0,2.1,0.0761,5.0,9.4,SME,0.0,0.0,0.0,0.0,0.0
11685,BANK005,DBS Bank Ltd,DBS-LN-SME-00013,0.59,4.32,24.2,2.14,0,0.0692,2026-06-19,2026-06-19T21:08:20,35.0,4,11.0,3700929.0,0.38,0,1,3,1,2,710,0,220,0,2,2,0,SGP,2.8,1.8,3.0,2.1,-0.6764,-5.0,49.8,SME,0.0,0.0,0.0,0.0,0.0
11686,BANK005,DBS Bank Ltd,DBS-LN-RETA-00027,1.74,3.8,18.6,2.76,0,0.0535,2026-06-19,2026-06-19T21:08:20,29.0,2,2.7,4293690.0,0.4,4,1,5,1,5,751,0,166,0,1,2,0,SGP,2.8,1.8,3.0,2.1,0.5925,-70.0,34.0,RETAIL_MORTGAGES,0.0,0.0,0.0,0.0,0.0
11688,BANK005,DBS Bank Ltd,DBS-LN-RETA-00028,1.96,11.0,13.3,2.96,0,0.069,2026-06-19,2026-06-19T21:08:20,29.0,2,6.0,4956833.0,0.37,0,1,6,1,5,741,0,215,0,3,1,0,SGP,2.8,1.8,3.0,2.1,1.5064,-27.0,33.9,RETAIL_MORTGAGES,0.0,0.0,0.0,0.0,0.0
11689,BANK005,DBS Bank Ltd,DBS-LN-CORP-00032,0.99,4.44,9.0,1.46,0,0.0348,2026-06-19,2026-06-19T21:08:20,39.0,5,16.5,5299636.0,0.27,1,1,4,1,2,789,0,154,0,3,5,0,SGP,2.8,1.8,3.0,2.1,-0.9614,-18.0,33.8,CORPORATE,0.0,0.0,0.0,0.0,0.0
11690,BANK005,DBS Bank Ltd,DBS-LN-RETA-00029,0.69,3.83,8.0,1.63,0,0.0673,2026-06-19,2026-06-19T21:08:20,48.0,1,9.1,3888145.0,0.33,1,2,5,2,5,714,0,30,0,0,1,0,SGP,2.8,1.8,3.0,2.1,-1.0481,-80.0,43.5,RETAIL_MORTGAGES,0.0,0.0,0.0,0.0,0.0
11691,BANK005,DBS Bank Ltd,DBS-LN-CORP-00033,1.04,13.14,20.0,2.53,0,0.036,2026-06-19,2026-06-19T21:08:20,56.0,5,8.2,24533904.0,0.31,4,2,2,2,2,811,0,71,0,2,1,0,SGP,2.8,1.8,3.0,2.1,-0.1412,-14.0,35.2,CORPORATE,0.0,0.0,0.0,0.0,0.0
11692,BANK005,DBS Bank Ltd,DBS-LN-CORP-00034,1.21,5.83,11.5,1.97,0,0.0669,2026-06-19,2026-06-19T21:08:20,43.0,5,14.5,6695163.0,0.27,4,1,2,1,2,726,0,106,0,3,5,0,SGP,2.8,1.8,3.0,2.1,0.0486,-79.0,22.2,CORPORATE,0.0,0.0,0.0,0.0,0.0
11694,BANK005,DBS Bank Ltd,DBS-LN-CORP-00035,1.85,9.03,10.9,1.4,0,0.0729,2026-06-19,2026-06-19T21:08:20,25.0,5,2.4,9742832.0,0.39,4,2,3,3,2,735,0,177,0,0,4,0,SGP,2.8,1.8,3.0,2.1,0.4613,19.0,12.7,CORPORATE,0.0,0.0,0.0,0.0,0.0
11695,BANK005,DBS Bank Ltd,DBS-LN-SME-00014,0.93,7.63,9.0,1.89,0,0.0333,2026-06-19,2026-06-19T21:08:20,44.0,4,16.0,9770786.0,0.27,2,1,4,3,2,755,0,16,0,1,5,0,SGP,2.8,1.8,3.0,2.1,0.0463,-19.0,27.8,SME,0.0,0.0,0.0,0.0,0.0
11696,BANK005,DBS Bank Ltd,DBS-LN-SME-00015,1.5,12.94,23.3,2.03,0,0.0655,2026-06-19,2026-06-19T21:08:20,39.0,5,10.3,3162464.0,0.43,2,2,2,1,2,826,0,181,0,1,2,0,SGP,2.8,1.8,3.0,2.1,0.8678,-3.0,33.8,SME,0.0,0.0,0.0,0.0,0.0
11697,BANK005,DBS Bank Ltd,DBS-LN-CORP-00036,0.61,12.38,14.9,2.4,0,0.0441,2026-06-19,2026-06-19T21:08:20,32.0,5,3.1,12790753.0,0.4,3,1,2,3,2,733,0,12,0,2,1,0,SGP,2.8,1.8,3.0,2.1,-0.5763,6.0,28.4,CORPORATE,0.0,0.0,0.0,0.0,0.0
11698,BANK005,DBS Bank Ltd,DBS-LN-SME-00016,1.12,12.18,6.8,2.99,0,0.038,2026-06-19,2026-06-19T21:08:20,39.0,5,12.9,9878070.0,0.32,0,2,3,2,2,776,0,158,0,0,5,0,SGP,2.8,1.8,3.0,2.1,-0.8541,61.0,6.0,SME,0.0,0.0,0.0,0.0,0.0
11699,BANK005,DBS Bank Ltd,DBS-LN-RETA-00030,1.81,4.45,12.2,2.4,0,0.0553,2026-06-19,2026-06-19T21:08:20,56.0,1,14.1,2556693.0,0.39,1,1,6,2,5,801,0,51,0,3,5,0,SGP,2.8,1.8,3.0,2.1,0.2606,76.0,52.8,RETAIL_MORTGAGES,0.0,0.0,0.0,0.0,0.0
11700,BANK005,DBS Bank Ltd,DBS-LN-CORP-00037,0.57,11.16,18.0,2.98,0,0.0243,2026-06-19,2026-06-19T21:08:20,51.0,5,15.7,18883411.0,0.37,0,1,3,3,2,771,0,184,0,1,5,0,SGP,2.8,1.8,3.0,2.1,-0.7976,-39.0,44.8,CORPORATE,0.0,0.0,0.0,0.0,0.0
11702,BANK005,DBS Bank Ltd,DBS-LN-CORP-00038,0.86,9.09,20.7,2.44,0,0.0382,2026-06-19,2026-06-19T21:08:20,62.0,5,19.5,15473777.0,0.22,1,1,1,3,2,744,0,59,0,2,2,0,SGP,2.8,1.8,3.0,2.1,0.0222,33.0,28.3,CORPORATE,0.0,0.0,0.0,0.0,0.0
11703,BANK005,DBS Bank Ltd,DBS-LN-CORP-00039,0.45,8.49,12.7,2.08,0,0.0424,2026-06-19,2026-06-19T21:08:20,38.0,5,12.8,16083966.0,0.25,3,2,4,1,2,731,0,231,0,2,4,0,SGP,2.8,1.8,3.0,2.1,-0.5078,-52.0,47.0,CORPORATE,0.0,0.0,0.0,0.0,0.0
11704,BANK005,DBS Bank Ltd,DBS-LN-CORP-00040,0.58,9.76,12.2,1.47,0,0.0245,2026-06-19,2026-06-19T21:08:20,54.0,2,21.1,23271290.0,0.23,3,2,4,3,2,766,0,50,0,0,5,0,SGP,2.8,1.8,3.0,2.1,-1.3494,48.0,14.9,CORPORATE,0.0,0.0,0.0,0.0,0.0
11705,BANK005,DBS Bank Ltd,DBS-LN-RETA-00031,0.5,12.96,24.4,1.3,0,0.0225,2026-06-19,2026-06-19T21:08:20,36.0,2,8.6,1574498.0,0.39,2,2,6,3,5,781,0,162,0,3,2,0,SGP,2.8,1.8,3.0,2.1,-0.4748,-39.0,19.4,RETAIL_MORTGAGES,0.0,0.0,0.0,0.0,0.0
11706,BANK005,DBS Bank Ltd,DBS-LN-SME-00017,1.43,7.87,14.7,2.64,0,0.0577,2026-06-19,2026-06-19T21:08:20,33.0,5,5.9,9422984.0,0.42,1,2,1,1,2,787,0,117,0,1,1,0,SGP,2.8,1.8,3.0,2.1,0.0328,19.0,35.1,SME,0.0,0.0,0.0,0.0,0.0
11708,BANK005,DBS Bank Ltd,DBS-LN-RETA-00032,1.39,6.39,10.9,2.56,0,0.0447,2026-06-19,2026-06-19T21:08:20,27.0,2,1.5,1546072.0,0.23,1,2,3,2,5,787,0,25,0,2,3,0,SGP,2.8,1.8,3.0,2.1,0.0432,58.0,21.8,RETAIL_MORTGAGES,0.0,0.0,0.0,0.0,0.0
11709,BANK005,DBS Bank Ltd,DBS-LN-CORP-00041,4.9,1.03,3.3,0.61,1,0.5846,2026-06-19,2026-06-19T21:08:20,37.0,5,5.2,20979692.0,0.63,3,2,2,2,2,664,0,197,4,1,4,0,SGP,2.8,1.8,3.0,2.1,3.4074,-51.0,12.9,CORPORATE,0.0,0.0,0.0,0.0,0.0
11710,BANK005,DBS Bank Ltd,DBS-LN-SME-00018,0.75,6.47,9.7,1.34,0,0.061,2026-06-19,2026-06-19T21:08:20,57.0,5,12.9,2100339.0,0.19,2,1,1,1,2,721,0,140,0,0,4,0,SGP,2.8,1.8,3.0,2.1,-0.6006,-103.0,27.8,SME,0.0,0.0,0.0,0.0,0.0
11711,BANK005,DBS Bank Ltd,DBS-LN-CORP-00042,0.81,12.03,9.4,1.42,0,0.0303,2026-06-19,2026-06-19T21:08:20,53.0,5,23.5,14304223.0,0.23,0,1,2,1,2,828,0,103,0,3,3,0,SGP,2.8,1.8,3.0,2.1,-0.2182,36.0,15.9,CORPORATE,0.0,0.0,0.0,0.0,0.0
11712,BANK005,DBS Bank Ltd,DBS-LN-RETA-00033,1.05,11.14,21.4,1.42,0,0.0496,2026-06-19,2026-06-19T21:08:20,24.0,2,1.7,3361672.0,0.18,3,1,6,3,5,738,0,203,0,3,4,0,SGP,2.8,1.8,3.0,2.1,-0.8766,-76.0,48.9,RETAIL_MORTGAGES,0.0,0.0,0.0,0.0,0.0
11713,BANK005,DBS Bank Ltd,DBS-LN-RETA-00034,0.5,9.18,11.8,2.21,0,0.0225,2026-06-19,2026-06-19T21:08:20,48.0,2,1.9,1786963.0,0.39,3,1,6,3,5,816,0,12,0,1,4,0,SGP,2.8,1.8,3.0,2.1,-1.4465,104.0,28.5,RETAIL_MORTGAGES,0.0,0.0,0.0,0.0,0.0
11714,BANK005,DBS Bank Ltd,DBS-LN-CORP-00043,1.35,9.96,7.2,1.64,0,0.0438,2026-06-19,2026-06-19T21:08:20,32.0,5,8.5,10727385.0,0.39,3,1,4,3,2,753,0,22,0,0,1,0,SGP,2.8,1.8,3.0,2.1,-0.6215,-43.0,50.9,CORPORATE,0.0,0.0,0.0,0.0,0.0
11717,BANK005,DBS Bank Ltd,DBS-LN-SME-00019,0.42,8.0,22.6,1.72,0,0.0205,2026-06-19,2026-06-19T21:08:20,62.0,4,26.0,6103819.0,0.33,2,2,1,2,2,765,0,61,0,3,4,0,SGP,2.8,1.8,3.0,2.1,-1.4069,-20.0,41.7,SME,0.0,0.0,0.0,0.0,0.0
11718,BANK005,DBS Bank Ltd,DBS-LN-CORP-00044,0.66,8.32,16.8,2.29,0,0.0265,2026-06-19,2026-06-19T21:08:20,59.0,5,19.8,13021602.0,0.3,2,1,3,2,2,768,0,29,0,0,4,0,SGP,2.8,1.8,3.0,2.1,0.0382,-32.0,13.2,CORPORATE,0.0,0.0,0.0,0.0,0.0
11719,BANK005,DBS Bank Ltd,DBS-LN-SME-00020,0.68,9.37,7.3,2.51,0,0.0426,2026-06-19,2026-06-19T21:08:20,29.0,4,3.2,5212459.0,0.22,2,1,1,1,2,736,0,164,0,0,3,0,SGP,2.8,1.8,3.0,2.1,-0.2559,-43.0,16.2,SME,0.0,0.0,0.0,0.0,0.0
11721,BANK005,DBS Bank Ltd,DBS-LN-CORP-00045,0.54,11.14,14.4,2.99,0,0.0235,2026-06-19,2026-06-19T21:08:20,62.0,2,9.3,5409055.0,0.3,4,2,3,2,2,812,0,95,0,2,4,0,SGP,2.8,1.8,3.0,2.1,-0.1221,9.0,52.5,CORPORATE,0.0,0.0,0.0,0.0,0.0
11723,BANK005,DBS Bank Ltd,DBS-LN-CORP-00046,0.6,4.87,7.5,2.47,0,0.025,2026-06-19,2026-06-19T21:08:20,32.0,5,3.0,8979451.0,0.21,2,2,3,1,2,810,0,225,0,1,2,0,SGP,2.8,1.8,3.0,2.1,0.1699,39.0,16.2,CORPORATE,0.0,0.0,0.0,0.0,0.0
11724,BANK005,DBS Bank Ltd,DBS-LN-CORP-00047,0.51,12.11,20.5,2.2,0,0.0227,2026-06-19,2026-06-19T21:08:20,35.0,5,11.3,10387410.0,0.23,4,1,3,2,2,801,0,205,0,1,5,0,SGP,2.8,1.8,3.0,2.1,-0.341,-24.0,24.2,CORPORATE,0.0,0.0,0.0,0.0,0.0
11726,BANK005,DBS Bank Ltd,DBS-LN-RETA-00035,1.4,4.51,7.5,2.58,0,0.045,2026-06-19,2026-06-19T21:08:20,38.0,2,6.7,1951181.0,0.31,2,1,6,3,5,808,0,179,0,2,2,0,SGP,2.8,1.8,3.0,2.1,0.2544,61.0,46.3,RETAIL_MORTGAGES,0.0,0.0,0.0,0.0,0.0
11727,BANK005,DBS Bank Ltd,DBS-LN-CORP-00048,1.77,8.82,13.4,2.14,0,0.0543,2026-06-19,2026-06-19T21:08:20,43.0,2,14.2,21460251.0,0.34,4,2,4,1,2,758,0,181,0,3,4,0,SGP,2.8,1.8,3.0,2.1,0.8056,12.0,52.1,CORPORATE,0.0,0.0,0.0,0.0,0.0
11728,BANK005,DBS Bank Ltd,DBS-LN-SME-00021,1.45,7.94,15.8,2.02,0,0.0885,2026-06-19,2026-06-19T21:08:20,39.0,5,3.7,4831945.0,0.36,3,1,3,1,2,712,0,143,0,2,1,0,SGP,2.8,1.8,3.0,2.1,0.1092,-38.0,39.0,SME,0.0,0.0,0.0,0.0,0.0
11729,BANK005,DBS Bank Ltd,DBS-LN-CORP-00049,1.28,6.75,24.2,1.92,0,0.042,2026-06-19,2026-06-19T21:08:20,41.0,5,16.1,6168010.0,0.36,2,1,1,3,2,813,0,175,0,0,2,0,SGP,2.8,1.8,3.0,2.1,0.0241,73.0,43.2,CORPORATE,0.0,0.0,0.0,0.0,0.0
11730,BANK005,DBS Bank Ltd,DBS-LN-RETA-00036,1.62,10.23,9.5,2.05,0,0.0505,2026-06-19,2026-06-19T21:08:20,54.0,1,13.2,2675792.0,0.22,0,1,5,3,5,792,0,192,0,2,4,0,SGP,2.8,1.8,3.0,2.1,0.5789,2.0,45.7,RETAIL_MORTGAGES,0.0,0.0,0.0,0.0,0.0
11731,BANK005,DBS Bank Ltd,DBS-LN-RETA-00037,1.21,7.5,24.6,2.44,0,0.0849,2026-06-19,2026-06-19T21:08:20,51.0,2,28.9,2686048.0,0.43,2,2,5,1,5,726,0,177,0,0,1,0,SGP,2.8,1.8,3.0,2.1,-0.0853,-58.0,21.7,RETAIL_MORTGAGES,0.0,0.0,0.0,0.0,0.0
11732,BANK005,DBS Bank Ltd,DBS-LN-CORP-00050,0.46,6.23,19.4,2.04,0,0.0335,2026-06-19,2026-06-19T21:08:20,57.0,2,2.5,19763601.0,0.42,1,2,2,3,2,824,0,44,0,0,2,0,SGP,2.8,1.8,3.0,2.1,-0.0053,69.0,26.8,CORPORATE,0.0,0.0,0.0,0.0,0.0
11733,BANK005,DBS Bank Ltd,DBS-LN-CORP-00051,1.34,13.49,21.9,1.56,0,0.0768,2026-06-19,2026-06-19T21:08:20,57.0,5,20.8,14538895.0,0.3,2,1,3,1,2,720,0,180,0,0,4,0,SGP,2.8,1.8,3.0,2.1,-0.1923,-51.0,29.8,CORPORATE,0.0,0.0,0.0,0.0,0.0
11734,BANK005,DBS Bank Ltd,DBS-LN-CORP-00052,1.65,6.49,20.3,2.41,0,0.079,2026-06-19,2026-06-19T21:08:20,27.0,2,1.4,18385442.0,0.26,3,1,3,1,2,725,0,224,0,1,2,0,SGP,2.8,1.8,3.0,2.1,-0.0318,-79.0,49.0,CORPORATE,0.0,0.0,0.0,0.0,0.0
11735,BANK005,DBS Bank Ltd,DBS-LN-CORP-00053,1.1,13.03,15.1,1.55,0,0.0642,2026-06-19,2026-06-19T21:08:20,51.0,2,27.1,10203275.0,0.36,3,2,2,3,2,726,0,140,0,0,3,0,SGP,2.8,1.8,3.0,2.1,0.2193,-15.0,36.3,CORPORATE,0.0,0.0,0.0,0.0,0.0
11736,BANK005,DBS Bank Ltd,DBS-LN-CORP-00054,0.74,4.32,24.7,1.74,0,0.0285,2026-06-19,2026-06-19T21:08:20,35.0,5,10.1,20267204.0,0.21,1,2,3,3,2,796,0,121,0,2,3,0,SGP,2.8,1.8,3.0,2.1,-0.515,86.0,31.7,CORPORATE,0.0,0.0,0.0,0.0,0.0
11737,BANK005,DBS Bank Ltd,DBS-LN-SME-00022,0.54,11.58,8.8,2.02,0,0.0524,2026-06-19,2026-06-19T21:08:20,32.0,4,2.3,7441045.0,0.22,1,2,1,1,2,724,0,67,0,3,5,0,SGP,2.8,1.8,3.0,2.1,-0.1039,-75.0,41.5,SME,0.0,0.0,0.0,0.0,0.0
11738,BANK005,DBS Bank Ltd,DBS-LN-CORP-00055,0.68,5.14,15.4,2.65,0,0.051,2026-06-19,2026-06-19T21:08:20,32.0,5,3.5,11952766.0,0.44,1,2,4,1,2,830,0,197,0,0,4,0,SGP,2.8,1.8,3.0,2.1,-0.2058,94.0,35.5,CORPORATE,0.0,0.0,0.0,0.0,0.0
11739,BANK005,DBS Bank Ltd,DBS-LN-RETA-00038,1.94,11.44,24.5,2.63,0,0.0585,2026-06-19,2026-06-19T21:08:20,40.0,2,12.4,3734573.0,0.38,3,2,4,3,5,788,0,186,0,0,4,0,SGP,2.8,1.8,3.0,2.1,0.0242,-27.0,14.9,RETAIL_MORTGAGES,0.0,0.0,0.0,0.0,0.0
11740,BANK005,DBS Bank Ltd,DBS-LN-CORP-00056,1.22,6.78,12.5,2.38,0,0.0827,2026-06-19,2026-06-19T21:08:20,49.0,5,14.5,9228047.0,0.19,0,2,4,3,2,712,0,144,0,2,2,0,SGP,2.8,1.8,3.0,2.1,-0.4546,-73.0,40.5,CORPORATE,0.0,0.0,0.0,0.0,0.0
11741,BANK005,DBS Bank Ltd,DBS-LN-CORP-00057,0.61,10.9,22.4,1.5,0,0.0397,2026-06-19,2026-06-19T21:08:20,61.0,2,24.9,18989592.0,0.3,3,2,4,3,2,737,0,42,0,1,4,0,SGP,2.8,1.8,3.0,2.1,0.1578,7.0,36.3,CORPORATE,0.0,0.0,0.0,0.0,0.0
11742,BANK005,DBS Bank Ltd,DBS-LN-CORP-00058,0.9,8.25,12.4,1.94,0,0.0325,2026-06-19,2026-06-19T21:08:20,27.0,2,1.3,16698717.0,0.37,4,2,1,1,2,816,0,17,0,3,4,0,SGP,2.8,1.8,3.0,2.1,-0.4691,9.0,47.4,CORPORATE,0.0,0.0,0.0,0.0,0.0
11745,BANK005,DBS Bank Ltd,DBS-LN-CORP-00059,1.73,11.11,25.0,2.79,0,0.0688,2026-06-19,2026-06-19T21:08:20,41.0,5,11.1,22921062.0,0.34,0,1,3,1,2,736,0,82,0,0,4,0,SGP,2.8,1.8,3.0,2.1,-0.2019,-14.0,8.1,CORPORATE,0.0,0.0,0.0,0.0,0.0
11746,BANK005,DBS Bank Ltd,DBS-LN-CORP-00060,1.74,12.02,24.7,1.51,0,0.0655,2026-06-19,2026-06-19T21:08:20,49.0,5,26.3,16844537.0,0.42,1,1,4,3,2,757,0,102,0,2,4,0,SGP,2.8,1.8,3.0,2.1,0.6287,19.0,48.6,CORPORATE,0.0,0.0,0.0,0.0,0.0
11747,BANK006,Emirates NBD PJSC,ENBD-LN-CORP-00001,1.15,11.16,18.8,2.97,0,0.0699,2026-06-19,2026-06-19T21:08:25,37.0,5,2.4,8165048.0,0.2,3,1,4,2,2,722,0,116,0,2,4,0,ARE,4.5,2.1,4.4,2.6,-0.4151,-90.0,45.5,CORPORATE,0.0,0.0,0.0,0.0,0.0
11748,BANK006,Emirates NBD PJSC,ENBD-LN-CORP-00002,5.79,1.97,2.2,1.0,1,0.7007,2026-06-19,2026-06-19T21:08:25,34.0,5,11.8,5072322.0,0.55,3,1,2,2,2,674,1,73,4,3,3,0,ARE,4.5,2.1,4.4,2.6,5.2964,-130.0,15.5,CORPORATE,0.0,0.0,0.0,0.0,0.0
11749,BANK006,Emirates NBD PJSC,ENBD-LN-CORP-00003,0.91,11.39,7.4,2.08,0,0.0567,2026-06-19,2026-06-19T21:08:25,61.0,5,7.9,15542261.0,0.44,3,1,3,1,2,782,0,107,0,1,3,0,ARE,4.5,2.1,4.4,2.6,0.3928,45.0,6.7,CORPORATE,0.0,0.0,0.0,0.0,0.0
11750,BANK006,Emirates NBD PJSC,ENBD-LN-CORP-00004,1.73,3.96,12.3,1.52,0,0.061,2026-06-19,2026-06-19T21:08:25,30.0,5,4.5,13857829.0,0.22,3,1,2,3,2,743,0,70,0,0,1,0,ARE,4.5,2.1,4.4,2.6,0.6231,-57.0,23.5,CORPORATE,0.0,0.0,0.0,0.0,0.0
11751,BANK006,Emirates NBD PJSC,ENBD-LN-CORP-00005,1.68,12.57,21.4,1.75,0,0.052,2026-06-19,2026-06-19T21:08:25,39.0,5,15.1,10940891.0,0.36,3,1,2,1,2,810,0,12,0,1,3,0,ARE,4.5,2.1,4.4,2.6,0.6679,96.0,48.3,CORPORATE,0.0,0.0,0.0,0.0,0.0
11752,BANK006,Emirates NBD PJSC,ENBD-LN-RETA-00001,1.97,4.71,23.1,1.62,0,0.0981,2026-06-19,2026-06-19T21:08:25,58.0,2,13.6,2902201.0,0.36,4,1,5,1,4,715,0,192,0,2,4,0,ARE,4.5,2.1,4.4,2.6,1.5673,-113.0,31.1,RETAIL_OTHER,0.0,0.0,0.0,0.0,0.0
11754,BANK006,Emirates NBD PJSC,ENBD-LN-RETA-00002,0.8,12.41,14.7,2.66,0,0.03,2026-06-19,2026-06-19T21:08:25,48.0,2,5.4,1317886.0,0.32,4,1,3,2,3,795,0,184,0,3,1,0,ARE,4.5,2.1,4.4,2.6,-0.4943,45.0,33.1,RETAIL_OTHER,0.0,0.0,0.0,0.0,0.0
11755,BANK006,Emirates NBD PJSC,ENBD-LN-CORP-00006,1.05,9.2,13.9,1.65,0,0.0363,2026-06-19,2026-06-19T21:08:25,42.0,5,8.3,12759847.0,0.28,3,1,2,1,2,763,0,45,0,1,1,0,ARE,4.5,2.1,4.4,2.6,-0.5817,-36.0,22.3,CORPORATE,0.0,0.0,0.0,0.0,0.0
11756,BANK006,Emirates NBD PJSC,ENBD-LN-RETA-00003,0.48,7.48,10.0,1.86,0,0.028,2026-06-19,2026-06-19T21:08:25,49.0,2,3.2,513674.0,0.41,1,2,6,3,3,807,0,115,0,1,4,0,ARE,4.5,2.1,4.4,2.6,-0.3652,-9.0,14.4,RETAIL_OTHER,0.0,0.0,0.0,0.0,0.0
11757,BANK006,Emirates NBD PJSC,ENBD-LN-CORP-00007,0.44,6.78,18.9,2.93,0,0.033,2026-06-19,2026-06-19T21:08:25,54.0,5,23.6,8843085.0,0.42,4,2,3,1,2,760,0,47,0,2,1,0,ARE,4.5,2.1,4.4,2.6,-0.2773,-25.0,33.1,CORPORATE,0.0,0.0,0.0,0.0,0.0
11758,BANK006,Emirates NBD PJSC,ENBD-LN-CORP-00008,6.03,1.9,0.4,0.89,1,0.8015,2026-06-19,2026-06-19T21:08:25,46.0,5,3.0,11410789.0,0.53,4,1,1,3,2,554,1,190,3,3,4,0,ARE,4.5,2.1,4.4,2.6,5.2407,-240.0,6.4,CORPORATE,0.0,0.0,0.0,0.0,0.0
11761,BANK006,Emirates NBD PJSC,ENBD-LN-RETA-00004,1.15,6.69,13.6,1.76,0,0.0387,2026-06-19,2026-06-19T21:08:25,61.0,1,5.8,1450140.0,0.31,0,1,5,1,5,779,0,84,0,2,4,0,ARE,4.5,2.1,4.4,2.6,0.6213,64.0,15.1,RETAIL_MORTGAGES,0.0,0.0,0.0,0.0,0.0
11763,BANK006,Emirates NBD PJSC,ENBD-LN-SME-00001,1.51,10.32,22.2,2.75,0,0.0478,2026-06-19,2026-06-19T21:08:25,52.0,4,3.2,3294875.0,0.32,4,1,4,3,2,819,0,206,0,2,3,0,ARE,4.5,2.1,4.4,2.6,-0.4166,29.0,50.9,SME,0.0,0.0,0.0,0.0,0.0
11764,BANK006,Emirates NBD PJSC,ENBD-LN-CORP-00009,0.84,9.44,19.0,2.57,0,0.0808,2026-06-19,2026-06-19T21:08:25,43.0,5,6.9,24287487.0,0.42,3,2,4,3,2,716,0,185,0,2,1,0,ARE,4.5,2.1,4.4,2.6,-0.7523,-100.0,6.9,CORPORATE,0.0,0.0,0.0,0.0,0.0
11765,BANK006,Emirates NBD PJSC,ENBD-LN-SME-00002,1.95,6.6,22.5,2.67,0,0.0767,2026-06-19,2026-06-19T21:08:25,29.0,4,4.0,6453112.0,0.43,3,2,2,3,2,769,0,75,0,1,3,0,ARE,4.5,2.1,4.4,2.6,1.3248,31.0,43.2,SME,0.0,0.0,0.0,0.0,0.0
11766,BANK006,Emirates NBD PJSC,ENBD-LN-RETA-00005,0.78,9.14,13.4,1.93,0,0.0295,2026-06-19,2026-06-19T21:08:25,44.0,2,20.9,1390198.0,0.36,0,1,6,1,5,805,0,83,0,3,1,0,ARE,4.5,2.1,4.4,2.6,-0.4843,20.0,39.8,RETAIL_MORTGAGES,0.0,0.0,0.0,0.0,0.0
11768,BANK006,Emirates NBD PJSC,ENBD-LN-RETA-00006,1.06,12.19,13.6,2.54,0,0.0365,2026-06-19,2026-06-19T21:08:25,48.0,2,19.0,2712467.0,0.29,1,2,3,3,1,750,0,61,0,3,4,0,ARE,4.5,2.1,4.4,2.6,-0.4042,-7.0,8.0,RETAIL_OTHER,0.0,0.0,0.0,0.0,0.0
11769,BANK006,Emirates NBD PJSC,ENBD-LN-CORP-00010,1.91,11.56,20.5,1.79,0,0.0855,2026-06-19,2026-06-19T21:08:25,37.0,2,14.8,18262838.0,0.18,2,1,3,1,2,725,0,20,0,0,2,0,ARE,4.5,2.1,4.4,2.6,0.3148,-7.0,53.1,CORPORATE,0.0,0.0,0.0,0.0,0.0
11770,BANK006,Emirates NBD PJSC,ENBD-LN-CORP-00011,1.04,4.33,22.5,2.57,0,0.0493,2026-06-19,2026-06-19T21:08:25,50.0,5,12.8,7957148.0,0.27,4,2,4,3,2,738,0,33,0,1,4,0,ARE,4.5,2.1,4.4,2.6,0.371,-37.0,15.3,CORPORATE,0.0,0.0,0.0,0.0,0.0
11772,BANK006,Emirates NBD PJSC,ENBD-LN-CORP-00012,0.43,6.74,24.1,1.88,0,0.0208,2026-06-19,2026-06-19T21:08:25,62.0,5,3.7,22662829.0,0.31,2,2,2,3,2,808,0,177,0,3,5,0,ARE,4.5,2.1,4.4,2.6,-0.3325,81.0,20.2,CORPORATE,0.0,0.0,0.0,0.0,0.0
11773,BANK006,Emirates NBD PJSC,ENBD-LN-SME-00003,1.49,9.49,14.4,2.61,0,0.0473,2026-06-19,2026-06-19T21:08:25,26.0,5,2.6,3962958.0,0.28,2,2,3,3,2,809,0,85,0,3,2,0,ARE,4.5,2.1,4.4,2.6,0.2461,79.0,13.5,SME,0.0,0.0,0.0,0.0,0.0
11774,BANK006,Emirates NBD PJSC,ENBD-LN-RETA-00007,0.45,13.27,21.9,2.4,0,0.0213,2026-06-19,2026-06-19T21:08:25,51.0,2,11.5,2505570.0,0.22,1,2,6,1,3,811,0,104,0,0,3,0,ARE,4.5,2.1,4.4,2.6,-0.0113,-16.0,51.7,RETAIL_OTHER,0.0,0.0,0.0,0.0,0.0
11775,BANK006,Emirates NBD PJSC,ENBD-LN-RETA-00008,1.09,9.96,10.6,2.01,0,0.0373,2026-06-19,2026-06-19T21:08:25,39.0,2,9.6,2902904.0,0.35,2,1,3,2,1,795,0,167,0,1,2,0,ARE,4.5,2.1,4.4,2.6,-0.1476,39.0,12.4,RETAIL_OTHER,0.0,0.0,0.0,0.0,0.0
11776,BANK006,Emirates NBD PJSC,ENBD-LN-CORP-00013,0.53,9.83,21.6,2.23,0,0.0232,2026-06-19,2026-06-19T21:08:25,51.0,5,26.9,17326117.0,0.21,3,2,4,3,2,751,0,138,0,2,1,0,ARE,4.5,2.1,4.4,2.6,-0.3947,4.0,30.7,CORPORATE,0.0,0.0,0.0,0.0,0.0
11778,BANK006,Emirates NBD PJSC,ENBD-LN-CORP-00014,1.67,8.84,8.3,1.64,0,0.0773,2026-06-19,2026-06-19T21:08:25,28.0,5,3.7,23454841.0,0.24,1,1,3,3,2,727,0,234,0,2,2,0,ARE,4.5,2.1,4.4,2.6,0.4796,-29.0,46.7,CORPORATE,0.0,0.0,0.0,0.0,0.0
11780,BANK006,Emirates NBD PJSC,ENBD-LN-SME-00004,5.88,1.1,-5.9,1.2,1,0.874,2026-06-19,2026-06-19T21:08:25,31.0,5,3.0,5507568.0,0.67,4,2,3,2,2,669,1,227,4,1,3,0,ARE,4.5,2.1,4.4,2.6,5.3359,-91.0,33.6,SME,0.0,0.0,0.0,0.0,0.0
11781,BANK006,Emirates NBD PJSC,ENBD-LN-RETA-00009,1.72,10.04,17.6,1.52,0,0.0841,2026-06-19,2026-06-19T21:08:25,49.0,2,2.9,1610483.0,0.28,2,2,4,2,4,722,0,135,0,3,5,0,ARE,4.5,2.1,4.4,2.6,0.0482,-31.0,51.0,RETAIL_OTHER,0.0,0.0,0.0,0.0,0.0
11782,BANK006,Emirates NBD PJSC,ENBD-LN-RETA-00010,1.23,9.39,25.0,2.11,0,0.0408,2026-06-19,2026-06-19T21:08:25,60.0,2,12.9,1255183.0,0.26,1,1,4,2,4,758,0,204,0,3,1,0,ARE,4.5,2.1,4.4,2.6,0.5529,-68.0,50.4,RETAIL_OTHER,0.0,0.0,0.0,0.0,0.0
11783,BANK006,Emirates NBD PJSC,ENBD-LN-CORP-00015,1.93,11.95,11.5,1.79,0,0.0583,2026-06-19,2026-06-19T21:08:25,42.0,2,6.5,14175712.0,0.2,2,2,3,3,2,801,0,152,0,3,4,0,ARE,4.5,2.1,4.4,2.6,0.0516,8.0,26.5,CORPORATE,0.0,0.0,0.0,0.0,0.0
11784,BANK006,Emirates NBD PJSC,ENBD-LN-CORP-00016,0.84,11.99,12.3,2.54,0,0.031,2026-06-19,2026-06-19T21:08:25,24.0,5,1.5,23230139.0,0.25,3,1,4,3,2,792,0,233,0,1,5,0,ARE,4.5,2.1,4.4,2.6,0.1421,-12.0,10.9,CORPORATE,0.0,0.0,0.0,0.0,0.0
11785,BANK006,Emirates NBD PJSC,ENBD-LN-RETA-00011,1.47,8.39,9.0,2.47,0,0.0527,2026-06-19,2026-06-19T21:08:25,24.0,4,1.0,2802821.0,0.41,0,1,5,3,4,828,0,173,0,2,2,0,ARE,4.5,2.1,4.4,2.6,-0.0557,79.0,42.0,RETAIL_OTHER,0.0,0.0,0.0,0.0,0.0
11787,BANK006,Emirates NBD PJSC,ENBD-LN-RETA-00012,1.0,10.67,18.6,2.22,0,0.035,2026-06-19,2026-06-19T21:08:25,27.0,1,2.5,2163125.0,0.4,3,2,4,3,3,793,0,234,0,3,4,0,ARE,4.5,2.1,4.4,2.6,0.4102,15.0,26.1,RETAIL_OTHER,0.0,0.0,0.0,0.0,0.0
11788,BANK006,Emirates NBD PJSC,ENBD-LN-SME-00005,1.04,5.96,10.1,2.77,0,0.0727,2026-06-19,2026-06-19T21:08:25,26.0,4,1.1,6982364.0,0.22,0,1,1,1,2,717,0,159,0,0,2,0,ARE,4.5,2.1,4.4,2.6,-0.9496,-22.0,41.0,SME,0.0,0.0,0.0,0.0,0.0
11789,BANK006,Emirates NBD PJSC,ENBD-LN-CORP-00017,0.82,13.31,17.0,2.01,0,0.0538,2026-06-19,2026-06-19T21:08:25,40.0,2,8.0,15499920.0,0.23,0,2,3,1,2,729,0,150,0,1,2,0,ARE,4.5,2.1,4.4,2.6,0.052,-53.0,26.8,CORPORATE,0.0,0.0,0.0,0.0,0.0
11790,BANK006,Emirates NBD PJSC,ENBD-LN-CORP-00018,1.98,5.87,19.0,2.74,0,0.0835,2026-06-19,2026-06-19T21:08:25,30.0,5,3.6,7651445.0,0.44,1,2,3,2,2,793,0,109,0,3,5,0,ARE,4.5,2.1,4.4,2.6,0.5402,79.0,9.5,CORPORATE,0.0,0.0,0.0,0.0,0.0
11792,BANK006,Emirates NBD PJSC,ENBD-LN-CORP-00019,1.54,10.16,20.1,1.84,0,0.0785,2026-06-19,2026-06-19T21:08:25,59.0,2,21.7,13269482.0,0.2,3,2,1,3,2,723,0,27,0,2,2,0,ARE,4.5,2.1,4.4,2.6,-0.3687,-43.0,12.0,CORPORATE,0.0,0.0,0.0,0.0,0.0
11793,BANK006,Emirates NBD PJSC,ENBD-LN-RETA-00013,0.88,8.68,7.2,2.04,0,0.032,2026-06-19,2026-06-19T21:08:25,42.0,2,4.2,2585670.0,0.26,2,1,4,3,3,763,0,103,0,1,2,0,ARE,4.5,2.1,4.4,2.6,-0.7723,7.0,48.1,RETAIL_OTHER,0.0,0.0,0.0,0.0,0.0
11794,BANK006,Emirates NBD PJSC,ENBD-LN-RETA-00014,0.85,11.75,12.9,2.88,0,0.0479,2026-06-19,2026-06-19T21:08:25,44.0,4,21.3,2459433.0,0.33,3,2,5,3,4,735,0,206,0,1,3,0,ARE,4.5,2.1,4.4,2.6,-0.423,-62.0,51.0,RETAIL_OTHER,0.0,0.0,0.0,0.0,0.0
11796,BANK006,Emirates NBD PJSC,ENBD-LN-CORP-00020,0.73,11.4,21.4,1.41,0,0.0582,2026-06-19,2026-06-19T21:08:25,49.0,2,12.7,11621109.0,0.39,1,1,1,3,2,723,0,115,0,3,1,0,ARE,4.5,2.1,4.4,2.6,-0.529,-33.0,44.5,CORPORATE,0.0,0.0,0.0,0.0,0.0
11797,BANK006,Emirates NBD PJSC,ENBD-LN-RETA-00015,0.62,7.53,9.5,2.38,0,0.0375,2026-06-19,2026-06-19T21:08:25,61.0,1,21.1,1965759.0,0.42,4,1,5,1,4,798,0,136,0,3,4,0,ARE,4.5,2.1,4.4,2.6,-1.2691,66.0,23.0,RETAIL_OTHER,0.0,0.0,0.0,0.0,0.0
11799,BANK006,Emirates NBD PJSC,ENBD-LN-CORP-00021,0.92,3.53,20.7,2.55,0,0.051,2026-06-19,2026-06-19T21:08:25,33.0,5,7.9,14335704.0,0.43,3,2,1,2,2,803,0,230,0,2,4,0,ARE,4.5,2.1,4.4,2.6,-0.4957,4.0,33.0,CORPORATE,0.0,0.0,0.0,0.0,0.0
11800,BANK006,Emirates NBD PJSC,ENBD-LN-CORP-00022,1.8,12.7,7.8,1.91,0,0.0883,2026-06-19,2026-06-19T21:08:25,30.0,2,2.4,19354562.0,0.28,1,1,4,1,2,720,0,182,0,1,3,0,ARE,4.5,2.1,4.4,2.6,-0.0461,-11.0,22.5,CORPORATE,0.0,0.0,0.0,0.0,0.0
11802,BANK006,Emirates NBD PJSC,ENBD-LN-RETA-00016,1.41,8.76,13.9,2.49,0,0.0786,2026-06-19,2026-06-19T21:08:25,47.0,2,2.0,1304891.0,0.35,2,2,3,1,3,720,0,21,0,3,5,0,ARE,4.5,2.1,4.4,2.6,0.1498,-9.0,30.2,RETAIL_OTHER,0.0,0.0,0.0,0.0,0.0
11803,BANK006,Emirates NBD PJSC,ENBD-LN-RETA-00017,1.92,8.99,20.9,2.53,0,0.0791,2026-06-19,2026-06-19T21:08:25,51.0,4,20.8,453120.0,0.28,3,1,4,1,3,731,0,185,0,0,2,0,ARE,4.5,2.1,4.4,2.6,0.3204,-90.0,46.1,RETAIL_OTHER,0.0,0.0,0.0,0.0,0.0
11804,BANK006,Emirates NBD PJSC,ENBD-LN-SME-00006,1.15,7.52,8.9,2.88,0,0.0387,2026-06-19,2026-06-19T21:08:25,47.0,5,2.1,2021546.0,0.19,0,2,2,3,2,819,0,226,0,0,2,0,ARE,4.5,2.1,4.4,2.6,-0.535,18.0,15.4,SME,0.0,0.0,0.0,0.0,0.0
11805,BANK006,Emirates NBD PJSC,ENBD-LN-RETA-00018,5.37,1.59,2.0,0.72,1,0.8081,2026-06-19,2026-06-19T21:08:25,42.0,2,15.9,2764776.0,0.55,2,2,5,1,4,612,1,195,5,1,4,0,ARE,4.5,2.1,4.4,2.6,4.1035,-179.0,46.6,RETAIL_OTHER,0.0,0.0,0.0,0.0,0.0
11806,BANK006,Emirates NBD PJSC,ENBD-LN-CORP-00023,0.5,10.46,8.5,1.8,0,0.0225,2026-06-19,2026-06-19T21:08:25,57.0,5,19.5,9479981.0,0.26,4,1,1,3,2,818,0,106,0,0,5,0,ARE,4.5,2.1,4.4,2.6,-1.1813,19.0,15.1,CORPORATE,0.0,0.0,0.0,0.0,0.0
11807,BANK006,Emirates NBD PJSC,ENBD-LN-CORP-00024,1.98,11.71,12.8,2.23,0,0.0595,2026-06-19,2026-06-19T21:08:25,26.0,2,1.4,17851860.0,0.27,0,2,1,1,2,772,0,57,0,1,5,0,ARE,4.5,2.1,4.4,2.6,0.675,21.0,32.4,CORPORATE,0.0,0.0,0.0,0.0,0.0
11808,BANK006,Emirates NBD PJSC,ENBD-LN-CORP-00025,1.53,10.45,17.1,1.87,0,0.0483,2026-06-19,2026-06-19T21:08:25,36.0,5,11.1,9753074.0,0.22,2,2,1,1,2,751,0,222,0,2,1,0,ARE,4.5,2.1,4.4,2.6,0.878,-14.0,48.9,CORPORATE,0.0,0.0,0.0,0.0,0.0
11810,BANK006,Emirates NBD PJSC,ENBD-LN-CORP-00026,0.44,5.29,11.5,1.44,0,0.021,2026-06-19,2026-06-19T21:08:25,39.0,2,7.8,5128029.0,0.21,0,2,2,1,2,818,0,81,0,3,2,0,ARE,4.5,2.1,4.4,2.6,-1.2158,48.0,13.1,CORPORATE,0.0,0.0,0.0,0.0,0.0
11812,BANK006,Emirates NBD PJSC,ENBD-LN-CORP-00027,1.65,11.75,22.5,2.8,0,0.0513,2026-06-19,2026-06-19T21:08:25,49.0,2,15.7,9972758.0,0.29,4,1,1,2,2,822,0,155,0,0,1,0,ARE,4.5,2.1,4.4,2.6,0.6371,50.0,28.8,CORPORATE,0.0,0.0,0.0,0.0,0.0
11813,BANK006,Emirates NBD PJSC,ENBD-LN-SME-00007,1.37,13.4,19.5,2.51,0,0.0498,2026-06-19,2026-06-19T21:08:25,41.0,5,4.1,7430546.0,0.29,2,1,4,1,2,745,0,211,0,0,2,0,ARE,4.5,2.1,4.4,2.6,0.3676,-9.0,32.9,SME,0.0,0.0,0.0,0.0,0.0
11816,BANK006,Emirates NBD PJSC,ENBD-LN-SME-00008,0.87,3.91,15.4,1.65,0,0.0318,2026-06-19,2026-06-19T21:08:25,30.0,5,2.8,8525992.0,0.3,3,1,2,3,2,829,0,139,0,1,3,0,ARE,4.5,2.1,4.4,2.6,0.0948,118.0,49.3,SME,0.0,0.0,0.0,0.0,0.0
11817,BANK006,Emirates NBD PJSC,ENBD-LN-RETA-00019,1.83,13.53,11.1,2.55,0,0.0558,2026-06-19,2026-06-19T21:08:25,42.0,2,17.2,440568.0,0.39,2,1,3,1,3,757,0,175,0,1,3,0,ARE,4.5,2.1,4.4,2.6,1.1374,-4.0,28.1,RETAIL_OTHER,0.0,0.0,0.0,0.0,0.0
11818,BANK006,Emirates NBD PJSC,ENBD-LN-CORP-00028,1.53,10.62,20.6,2.28,0,0.0483,2026-06-19,2026-06-19T21:08:25,48.0,5,12.0,18800409.0,0.24,0,1,4,2,2,782,0,22,0,2,3,0,ARE,4.5,2.1,4.4,2.6,-0.3992,-39.0,20.9,CORPORATE,0.0,0.0,0.0,0.0,0.0
11819,BANK006,Emirates NBD PJSC,ENBD-LN-RETA-00020,0.58,11.47,10.2,1.88,0,0.0245,2026-06-19,2026-06-19T21:08:25,59.0,4,17.2,1792394.0,0.34,3,2,3,1,4,816,0,164,0,3,3,0,ARE,4.5,2.1,4.4,2.6,-1.0999,36.0,26.5,RETAIL_OTHER,0.0,0.0,0.0,0.0,0.0
11820,BANK006,Emirates NBD PJSC,ENBD-LN-CORP-00029,1.58,9.31,14.2,2.29,0,0.0495,2026-06-19,2026-06-19T21:08:25,30.0,5,7.7,24774169.0,0.31,4,2,4,2,2,828,0,40,0,3,1,0,ARE,4.5,2.1,4.4,2.6,-0.2939,96.0,35.3,CORPORATE,0.0,0.0,0.0,0.0,0.0
11821,BANK006,Emirates NBD PJSC,ENBD-LN-RETA-00021,1.27,10.19,19.5,2.59,0,0.0418,2026-06-19,2026-06-19T21:08:25,43.0,1,14.7,1618778.0,0.3,4,2,4,1,4,781,0,178,0,1,2,0,ARE,4.5,2.1,4.4,2.6,-0.043,-14.0,14.3,RETAIL_OTHER,0.0,0.0,0.0,0.0,0.0
11822,BANK006,Emirates NBD PJSC,ENBD-LN-RETA-00022,0.82,5.19,22.1,1.31,0,0.0305,2026-06-19,2026-06-19T21:08:25,36.0,1,2.6,2555229.0,0.36,4,1,4,3,3,769,0,16,0,3,3,0,ARE,4.5,2.1,4.4,2.6,0.1723,40.0,27.1,RETAIL_OTHER,0.0,0.0,0.0,0.0,0.0
11823,BANK006,Emirates NBD PJSC,ENBD-LN-CORP-00030,0.58,7.13,10.6,2.39,0,0.0245,2026-06-19,2026-06-19T21:08:25,58.0,5,28.6,12329807.0,0.34,0,2,3,2,2,827,0,164,0,3,5,0,ARE,4.5,2.1,4.4,2.6,-1.3542,30.0,46.6,CORPORATE,0.0,0.0,0.0,0.0,0.0
11824,BANK006,Emirates NBD PJSC,ENBD-LN-RETA-00023,1.73,12.73,20.1,2.04,0,0.0652,2026-06-19,2026-06-19T21:08:25,30.0,2,7.1,1294121.0,0.42,4,1,4,3,1,814,0,114,0,0,2,0,ARE,4.5,2.1,4.4,2.6,0.135,85.0,25.2,RETAIL_OTHER,0.0,0.0,0.0,0.0,0.0
11825,BANK006,Emirates NBD PJSC,ENBD-LN-CORP-00031,1.85,12.44,8.7,1.61,0,0.0563,2026-06-19,2026-06-19T21:08:25,59.0,2,22.7,12048205.0,0.4,3,1,1,2,2,788,0,237,0,2,2,0,ARE,4.5,2.1,4.4,2.6,1.1391,55.0,38.9,CORPORATE,0.0,0.0,0.0,0.0,0.0
11826,BANK006,Emirates NBD PJSC,ENBD-LN-CORP-00032,0.9,11.75,19.5,2.39,0,0.0381,2026-06-19,2026-06-19T21:08:25,44.0,5,8.7,24020728.0,0.4,0,1,2,3,2,745,0,86,0,3,2,0,ARE,4.5,2.1,4.4,2.6,0.2851,-58.0,39.1,CORPORATE,0.0,0.0,0.0,0.0,0.0
11827,BANK006,Emirates NBD PJSC,ENBD-LN-CORP-00033,1.85,7.29,14.9,2.07,0,0.0951,2026-06-19,2026-06-19T21:08:25,35.0,5,4.2,7109270.0,0.19,4,1,2,2,2,715,0,65,0,0,2,0,ARE,4.5,2.1,4.4,2.6,0.4124,-8.0,35.4,CORPORATE,0.0,0.0,0.0,0.0,0.0
11829,BANK006,Emirates NBD PJSC,ENBD-LN-RETA-00024,0.82,11.1,12.5,2.07,0,0.0305,2026-06-19,2026-06-19T21:08:25,42.0,2,12.4,2122881.0,0.2,4,1,4,1,1,785,0,209,0,1,5,0,ARE,4.5,2.1,4.4,2.6,-0.1851,59.0,16.0,RETAIL_OTHER,0.0,0.0,0.0,0.0,0.0
11830,BANK006,Emirates NBD PJSC,ENBD-LN-CORP-00034,0.81,11.54,23.3,1.44,0,0.0362,2026-06-19,2026-06-19T21:08:25,51.0,2,10.8,17792174.0,0.41,1,1,2,2,2,786,0,211,0,0,4,0,ARE,4.5,2.1,4.4,2.6,-0.2438,52.0,15.2,CORPORATE,0.0,0.0,0.0,0.0,0.0
11831,BANK006,Emirates NBD PJSC,ENBD-LN-CORP-00035,1.45,6.51,24.3,1.4,0,0.0462,2026-06-19,2026-06-19T21:08:25,29.0,5,1.5,17443162.0,0.39,4,1,3,1,2,809,0,15,0,3,4,0,ARE,4.5,2.1,4.4,2.6,0.0255,43.0,12.4,CORPORATE,0.0,0.0,0.0,0.0,0.0
11832,BANK006,Emirates NBD PJSC,ENBD-LN-CORP-00036,0.76,13.61,14.6,1.99,0,0.0734,2026-06-19,2026-06-19T21:08:25,46.0,5,17.7,14546027.0,0.25,2,2,1,1,2,710,0,149,0,2,3,0,ARE,4.5,2.1,4.4,2.6,-0.2914,-13.0,30.1,CORPORATE,0.0,0.0,0.0,0.0,0.0
11836,BANK006,Emirates NBD PJSC,ENBD-LN-CORP-00037,1.06,7.19,18.9,2.33,0,0.0365,2026-06-19,2026-06-19T21:08:25,27.0,5,2.4,13716405.0,0.33,0,2,4,3,2,783,0,149,0,2,3,0,ARE,4.5,2.1,4.4,2.6,-0.3786,51.0,35.0,CORPORATE,0.0,0.0,0.0,0.0,0.0
11837,BANK006,Emirates NBD PJSC,ENBD-LN-CORP-00038,0.69,3.74,19.8,2.43,0,0.0272,2026-06-19,2026-06-19T21:08:25,45.0,5,17.5,17185789.0,0.37,1,2,4,2,2,830,0,139,0,3,4,0,ARE,4.5,2.1,4.4,2.6,-0.9096,94.0,16.3,CORPORATE,0.0,0.0,0.0,0.0,0.0
11838,BANK006,Emirates NBD PJSC,ENBD-LN-SME-00009,1.96,9.18,11.2,2.06,0,0.059,2026-06-19,2026-06-19T21:08:25,38.0,4,1.5,2239673.0,0.32,3,1,2,3,2,799,0,97,0,2,4,0,ARE,4.5,2.1,4.4,2.6,0.6147,31.0,39.3,SME,0.0,0.0,0.0,0.0,0.0
11839,BANK006,Emirates NBD PJSC,ENBD-LN-CORP-00039,0.7,12.76,14.3,1.72,0,0.0275,2026-06-19,2026-06-19T21:08:25,42.0,2,12.3,14828851.0,0.37,2,2,3,1,2,801,0,209,0,0,5,0,ARE,4.5,2.1,4.4,2.6,-0.3236,43.0,30.8,CORPORATE,0.0,0.0,0.0,0.0,0.0
11840,BANK006,Emirates NBD PJSC,ENBD-LN-RETA-00025,0.44,13.71,11.4,1.51,0,0.021,2026-06-19,2026-06-19T21:08:25,32.0,2,2.7,2463580.0,0.37,4,2,5,3,1,766,0,10,0,1,1,0,ARE,4.5,2.1,4.4,2.6,-0.3325,37.0,39.7,RETAIL_OTHER,0.0,0.0,0.0,0.0,0.0
11841,BANK006,Emirates NBD PJSC,ENBD-LN-CORP-00040,1.33,10.75,19.1,1.56,0,0.0433,2026-06-19,2026-06-19T21:08:25,37.0,5,2.7,24619171.0,0.2,0,1,2,2,2,808,0,208,0,1,1,0,ARE,4.5,2.1,4.4,2.6,0.6777,87.0,32.8,CORPORATE,0.0,0.0,0.0,0.0,0.0
11842,BANK006,Emirates NBD PJSC,ENBD-LN-CORP-00041,5.17,1.32,-1.9,1.12,1,0.8119,2026-06-19,2026-06-19T21:08:25,48.0,2,14.6,14888980.0,0.52,1,1,4,3,2,591,1,131,3,1,5,0,ARE,4.5,2.1,4.4,2.6,3.4589,-188.0,30.5,CORPORATE,0.0,0.0,0.0,0.0,0.0
11843,BANK006,Emirates NBD PJSC,ENBD-LN-SME-00010,0.72,8.6,7.9,2.27,0,0.028,2026-06-19,2026-06-19T21:08:25,59.0,4,2.9,7527178.0,0.28,0,2,1,1,2,817,0,219,0,1,2,0,ARE,4.5,2.1,4.4,2.6,-0.4639,28.0,12.0,SME,0.0,0.0,0.0,0.0,0.0
11844,BANK006,Emirates NBD PJSC,ENBD-LN-RETA-00026,1.24,6.11,17.9,1.6,0,0.041,2026-06-19,2026-06-19T21:08:25,57.0,2,22.0,824568.0,0.33,1,1,4,3,4,805,0,142,0,3,2,0,ARE,4.5,2.1,4.4,2.6,-0.3538,-3.0,48.3,RETAIL_OTHER,0.0,0.0,0.0,0.0,0.0
11845,BANK006,Emirates NBD PJSC,ENBD-LN-CORP-00042,1.23,13.93,11.7,1.81,0,0.0541,2026-06-19,2026-06-19T21:08:25,44.0,5,1.0,18324148.0,0.24,0,2,3,2,2,738,0,14,0,2,5,0,ARE,4.5,2.1,4.4,2.6,0.3262,-70.0,26.3,CORPORATE,0.0,0.0,0.0,0.0,0.0
11846,BANK006,Emirates NBD PJSC,ENBD-LN-SME-00011,0.96,12.08,13.9,2.78,0,0.034,2026-06-19,2026-06-19T21:08:25,28.0,5,5.0,8130305.0,0.38,2,1,3,1,2,821,0,103,0,0,1,0,ARE,4.5,2.1,4.4,2.6,-0.6363,3.0,28.9,SME,0.0,0.0,0.0,0.0,0.0
11847,BANK006,Emirates NBD PJSC,ENBD-LN-CORP-00043,1.04,8.06,19.3,2.6,0,0.036,2026-06-19,2026-06-19T21:08:25,29.0,5,4.4,20967032.0,0.33,0,1,2,2,2,771,0,18,0,3,3,0,ARE,4.5,2.1,4.4,2.6,-0.1406,-22.0,7.1,CORPORATE,0.0,0.0,0.0,0.0,0.0
11849,BANK006,Emirates NBD PJSC,ENBD-LN-CORP-00044,1.97,8.84,19.5,2.84,0,0.0652,2026-06-19,2026-06-19T21:08:25,36.0,5,12.2,17086948.0,0.41,1,2,4,3,2,772,0,10,0,2,4,0,ARE,4.5,2.1,4.4,2.6,0.7195,39.0,29.2,CORPORATE,0.0,0.0,0.0,0.0,0.0
11850,BANK006,Emirates NBD PJSC,ENBD-LN-RETA-00027,1.23,10.62,22.6,2.47,0,0.0408,2026-06-19,2026-06-19T21:08:25,56.0,2,10.9,1036310.0,0.24,3,1,5,1,4,763,0,106,0,1,1,0,ARE,4.5,2.1,4.4,2.6,0.5856,14.0,22.8,RETAIL_OTHER,0.0,0.0,0.0,0.0,0.0
11851,BANK006,Emirates NBD PJSC,ENBD-LN-RETA-00028,0.57,5.44,20.5,2.34,0,0.0309,2026-06-19,2026-06-19T21:08:25,59.0,2,9.8,2124914.0,0.34,1,1,5,2,1,744,0,196,0,2,2,0,ARE,4.5,2.1,4.4,2.6,-0.8098,-42.0,38.7,RETAIL_OTHER,0.0,0.0,0.0,0.0,0.0
11852,BANK006,Emirates NBD PJSC,ENBD-LN-SME-00012,1.88,13.85,22.5,2.13,0,0.063,2026-06-19,2026-06-19T21:08:25,36.0,4,13.8,7631600.0,0.41,1,2,4,1,2,751,0,199,0,1,1,0,ARE,4.5,2.1,4.4,2.6,0.0599,-13.0,10.1,SME,0.0,0.0,0.0,0.0,0.0
11853,BANK006,Emirates NBD PJSC,ENBD-LN-CORP-00045,0.87,13.15,19.1,2.84,0,0.0318,2026-06-19,2026-06-19T21:08:25,26.0,5,3.3,15219141.0,0.4,3,2,3,2,2,769,0,79,0,3,2,0,ARE,4.5,2.1,4.4,2.6,-0.2527,-33.0,52.3,CORPORATE,0.0,0.0,0.0,0.0,0.0
11854,BANK006,Emirates NBD PJSC,ENBD-LN-SME-00013,1.79,12.56,9.1,1.55,0,0.0548,2026-06-19,2026-06-19T21:08:25,31.0,5,4.0,6616635.0,0.37,4,1,2,2,2,808,0,202,0,1,3,0,ARE,4.5,2.1,4.4,2.6,0.7187,59.0,45.7,SME,0.0,0.0,0.0,0.0,0.0
11855,BANK006,Emirates NBD PJSC,ENBD-LN-RETA-00029,0.44,10.07,8.2,2.74,0,0.021,2026-06-19,2026-06-19T21:08:25,57.0,2,7.7,2956033.0,0.34,0,1,6,2,3,812,0,80,0,1,1,0,ARE,4.5,2.1,4.4,2.6,-0.6234,97.0,41.5,RETAIL_OTHER,0.0,0.0,0.0,0.0,0.0
11856,BANK006,Emirates NBD PJSC,ENBD-LN-CORP-00046,1.12,13.48,10.1,1.81,0,0.0669,2026-06-19,2026-06-19T21:08:25,48.0,5,7.8,6061266.0,0.28,2,2,3,3,2,724,0,28,0,3,2,0,ARE,4.5,2.1,4.4,2.6,0.6602,-11.0,36.5,CORPORATE,0.0,0.0,0.0,0.0,0.0
11857,BANK006,Emirates NBD PJSC,ENBD-LN-RETA-00030,0.45,12.98,7.0,1.95,0,0.0535,2026-06-19,2026-06-19T21:08:25,46.0,2,15.1,1706012.0,0.29,1,1,4,1,4,721,0,92,0,3,1,0,ARE,4.5,2.1,4.4,2.6,-0.2364,-65.0,10.0,RETAIL_OTHER,0.0,0.0,0.0,0.0,0.0
11858,BANK006,Emirates NBD PJSC,ENBD-LN-CORP-00047,0.51,5.69,19.2,2.03,0,0.0227,2026-06-19,2026-06-19T21:08:25,30.0,2,5.3,13005258.0,0.33,3,2,4,3,2,765,0,146,0,1,4,0,ARE,4.5,2.1,4.4,2.6,-0.4375,-33.0,33.5,CORPORATE,0.0,0.0,0.0,0.0,0.0
11859,BANK006,Emirates NBD PJSC,ENBD-LN-CORP-00048,1.12,6.56,17.7,2.06,0,0.0536,2026-06-19,2026-06-19T21:08:25,62.0,5,26.7,9661272.0,0.36,1,1,1,1,2,736,0,237,0,0,2,0,ARE,4.5,2.1,4.4,2.6,0.2134,-46.0,16.8,CORPORATE,0.0,0.0,0.0,0.0,0.0
11860,BANK006,Emirates NBD PJSC,ENBD-LN-RETA-00031,1.29,12.35,12.8,2.01,0,0.0707,2026-06-19,2026-06-19T21:08:25,51.0,2,6.9,2686393.0,0.44,1,1,6,2,1,746,0,50,0,3,2,0,ARE,4.5,2.1,4.4,2.6,-0.1821,19.0,42.0,RETAIL_OTHER,0.0,0.0,0.0,0.0,0.0
11862,BANK006,Emirates NBD PJSC,ENBD-LN-CORP-00049,1.89,5.12,15.4,2.99,0,0.0573,2026-06-19,2026-06-19T21:08:25,61.0,5,26.0,22696233.0,0.28,4,1,2,2,2,808,0,93,0,0,2,0,ARE,4.5,2.1,4.4,2.6,0.4329,6.0,49.1,CORPORATE,0.0,0.0,0.0,0.0,0.0
11864,BANK006,Emirates NBD PJSC,ENBD-LN-CORP-00050,0.51,13.78,9.8,1.97,0,0.0227,2026-06-19,2026-06-19T21:08:25,51.0,5,28.9,16162040.0,0.31,3,2,1,2,2,792,0,72,0,2,2,0,ARE,4.5,2.1,4.4,2.6,-0.1202,-16.0,53.1,CORPORATE,0.0,0.0,0.0,0.0,0.0
11865,BANK006,Emirates NBD PJSC,ENBD-LN-CORP-00051,1.58,4.97,9.7,2.52,0,0.0495,2026-06-19,2026-06-19T21:08:25,36.0,5,9.2,8582540.0,0.24,3,2,3,3,2,785,0,97,0,3,1,0,ARE,4.5,2.1,4.4,2.6,0.558,-26.0,42.7,CORPORATE,0.0,0.0,0.0,0.0,0.0
11867,BANK006,Emirates NBD PJSC,ENBD-LN-RETA-00032,0.41,5.97,8.2,2.2,0,0.0514,2026-06-19,2026-06-19T21:08:25,52.0,2,28.6,2967122.0,0.34,3,2,4,3,4,722,0,166,0,2,3,0,ARE,4.5,2.1,4.4,2.6,-1.3704,-57.0,19.5,RETAIL_OTHER,0.0,0.0,0.0,0.0,0.0
11868,BANK006,Emirates NBD PJSC,ENBD-LN-CORP-00052,0.59,12.9,19.7,2.31,0,0.0248,2026-06-19,2026-06-19T21:08:25,40.0,5,4.0,23030831.0,0.29,4,1,1,3,2,751,0,207,0,0,4,0,ARE,4.5,2.1,4.4,2.6,-1.0053,-73.0,10.0,CORPORATE,0.0,0.0,0.0,0.0,0.0
11869,BANK006,Emirates NBD PJSC,ENBD-LN-CORP-00053,0.58,8.39,13.9,2.59,0,0.0438,2026-06-19,2026-06-19T21:08:25,35.0,5,2.5,16270643.0,0.41,1,1,3,2,2,738,0,183,0,0,3,0,ARE,4.5,2.1,4.4,2.6,-0.7858,-73.0,49.6,CORPORATE,0.0,0.0,0.0,0.0,0.0
11870,BANK006,Emirates NBD PJSC,ENBD-LN-CORP-00054,1.12,6.03,16.6,1.32,0,0.038,2026-06-19,2026-06-19T21:08:25,61.0,2,2.0,21918692.0,0.29,0,2,1,1,2,803,0,141,0,3,4,0,ARE,4.5,2.1,4.4,2.6,0.3712,48.0,45.8,CORPORATE,0.0,0.0,0.0,0.0,0.0
11871,BANK006,Emirates NBD PJSC,ENBD-LN-CORP-00055,1.58,4.08,24.0,2.45,0,0.0495,2026-06-19,2026-06-19T21:08:25,24.0,5,1.6,23201101.0,0.19,2,2,3,2,2,823,0,59,0,0,5,0,ARE,4.5,2.1,4.4,2.6,0.5673,54.0,7.1,CORPORATE,0.0,0.0,0.0,0.0,0.0
11873,BANK006,Emirates NBD PJSC,ENBD-LN-CORP-00056,0.6,6.23,9.5,2.26,0,0.065,2026-06-19,2026-06-19T21:08:25,53.0,5,5.7,10150095.0,0.35,4,2,2,1,2,714,0,35,0,0,3,0,ARE,4.5,2.1,4.4,2.6,-1.3648,-14.0,48.5,CORPORATE,0.0,0.0,0.0,0.0,0.0
11874,BANK006,Emirates NBD PJSC,ENBD-LN-CORP-00057,0.96,13.76,22.6,1.45,0,0.04,2026-06-19,2026-06-19T21:08:25,55.0,5,11.7,19349233.0,0.41,2,1,4,1,2,803,0,101,0,0,3,0,ARE,4.5,2.1,4.4,2.6,-0.6264,40.0,33.7,CORPORATE,0.0,0.0,0.0,0.0,0.0
11875,BANK006,Emirates NBD PJSC,ENBD-LN-CORP-00058,1.74,6.69,16.6,2.09,0,0.0946,2026-06-19,2026-06-19T21:08:25,24.0,2,1.8,11241339.0,0.39,2,1,2,1,2,713,0,80,0,3,1,0,ARE,4.5,2.1,4.4,2.6,1.0936,-35.0,51.9,CORPORATE,0.0,0.0,0.0,0.0,0.0
11876,BANK006,Emirates NBD PJSC,ENBD-LN-CORP-00059,0.48,7.29,18.1,2.92,0,0.0598,2026-06-19,2026-06-19T21:08:25,40.0,5,3.5,6963283.0,0.26,1,2,3,1,2,716,0,124,0,1,3,0,ARE,4.5,2.1,4.4,2.6,-0.7674,-113.0,30.8,CORPORATE,0.0,0.0,0.0,0.0,0.0
11877,BANK008,Commonwealth Bank of Australia,CBA-LN-CORP-00001,1.47,6.8,11.0,1.52,0,0.0467,2026-06-19,2026-06-19T21:08:31,28.0,5,4.1,6333508.0,0.26,1,2,2,3,2,792,0,113,0,2,3,0,AUS,2.1,3.0,3.85,4.2,0.5641,-14.0,24.3,CORPORATE,0.0,0.0,0.0,0.0,0.0
11878,BANK008,Commonwealth Bank of Australia,CBA-LN-RETA-00001,0.51,10.47,12.3,1.83,0,0.0227,2026-06-19,2026-06-19T21:08:31,46.0,2,11.0,4172860.0,0.21,3,1,4,2,5,818,0,139,0,1,3,0,AUS,2.1,3.0,3.85,4.2,-1.3301,44.0,20.0,RETAIL_MORTGAGES,0.0,0.0,0.0,0.0,0.0
11879,BANK008,Commonwealth Bank of Australia,CBA-LN-SME-00001,1.48,5.86,9.8,1.34,0,0.081,2026-06-19,2026-06-19T21:08:31,51.0,4,19.4,3423474.0,0.44,1,1,4,3,2,741,0,78,0,2,1,0,AUS,2.1,3.0,3.85,4.2,0.102,-67.0,11.4,SME,0.0,0.0,0.0,0.0,0.0
11880,BANK008,Commonwealth Bank of Australia,CBA-LN-CORP-00002,1.12,11.39,22.0,1.77,0,0.038,2026-06-19,2026-06-19T21:08:31,39.0,5,7.8,21937544.0,0.32,3,2,4,3,2,809,0,238,0,3,2,0,AUS,2.1,3.0,3.85,4.2,-0.2828,64.0,42.4,CORPORATE,0.0,0.0,0.0,0.0,0.0
11881,BANK008,Commonwealth Bank of Australia,CBA-LN-CORP-00003,1.26,11.21,21.2,2.83,0,0.0415,2026-06-19,2026-06-19T21:08:31,58.0,2,1.2,21004784.0,0.24,3,2,1,3,2,772,0,96,0,2,4,0,AUS,2.1,3.0,3.85,4.2,0.1627,59.0,44.0,CORPORATE,0.0,0.0,0.0,0.0,0.0
11883,BANK008,Commonwealth Bank of Australia,CBA-LN-RETA-00002,1.81,6.06,14.8,2.34,0,0.0553,2026-06-19,2026-06-19T21:08:31,51.0,2,8.5,3685018.0,0.27,2,2,6,2,5,758,0,224,0,1,1,0,AUS,2.1,3.0,3.85,4.2,0.6191,7.0,13.8,RETAIL_MORTGAGES,0.0,0.0,0.0,0.0,0.0
11884,BANK008,Commonwealth Bank of Australia,CBA-LN-RETA-00003,1.8,9.53,14.9,2.05,0,0.0919,2026-06-19,2026-06-19T21:08:31,42.0,1,11.5,1428698.0,0.43,0,1,5,1,5,733,0,184,0,1,4,0,AUS,2.1,3.0,3.85,4.2,0.996,-87.0,28.0,RETAIL_MORTGAGES,0.0,0.0,0.0,0.0,0.0
11885,BANK008,Commonwealth Bank of Australia,CBA-LN-SME-00002,0.65,5.33,7.4,1.3,0,0.0263,2026-06-19,2026-06-19T21:08:31,52.0,4,28.5,2832431.0,0.36,0,2,1,3,2,767,0,59,0,1,3,0,AUS,2.1,3.0,3.85,4.2,-0.5019,53.0,23.5,SME,0.0,0.0,0.0,0.0,0.0
11886,BANK008,Commonwealth Bank of Australia,CBA-LN-RETA-00004,1.19,4.34,6.8,2.03,0,0.0398,2026-06-19,2026-06-19T21:08:31,33.0,2,4.0,4088524.0,0.34,4,2,6,1,5,751,0,109,0,2,5,0,AUS,2.1,3.0,3.85,4.2,0.7486,12.0,52.0,RETAIL_MORTGAGES,0.0,0.0,0.0,0.0,0.0
11887,BANK008,Commonwealth Bank of Australia,CBA-LN-RETA-00005,1.45,9.2,13.9,1.62,0,0.0462,2026-06-19,2026-06-19T21:08:31,45.0,2,6.6,2519180.0,0.34,0,1,3,2,5,756,0,35,0,3,5,0,AUS,2.1,3.0,3.85,4.2,0.2524,-10.0,33.6,RETAIL_MORTGAGES,0.0,0.0,0.0,0.0,0.0
11888,BANK008,Commonwealth Bank of Australia,CBA-LN-RETA-00006,0.91,8.47,23.4,1.95,0,0.0328,2026-06-19,2026-06-19T21:08:31,54.0,2,7.9,4125520.0,0.39,0,1,6,2,5,794,0,104,0,1,4,0,AUS,2.1,3.0,3.85,4.2,-0.5332,65.0,9.8,RETAIL_MORTGAGES,0.0,0.0,0.0,0.0,0.0
11889,BANK008,Commonwealth Bank of Australia,CBA-LN-RETA-00007,1.62,10.89,7.9,1.58,0,0.0587,2026-06-19,2026-06-19T21:08:31,58.0,2,27.7,4070579.0,0.41,0,2,3,1,5,748,0,64,0,0,4,0,AUS,2.1,3.0,3.85,4.2,1.1464,-63.0,22.0,RETAIL_MORTGAGES,0.0,0.0,0.0,0.0,0.0
11890,BANK008,Commonwealth Bank of Australia,CBA-LN-RETA-00008,0.72,7.54,15.2,1.7,0,0.028,2026-06-19,2026-06-19T21:08:31,53.0,2,19.5,2454743.0,0.27,2,1,5,3,5,783,0,114,0,2,4,0,AUS,2.1,3.0,3.85,4.2,-0.1534,-16.0,19.7,RETAIL_MORTGAGES,0.0,0.0,0.0,0.0,0.0
11891,BANK008,Commonwealth Bank of Australia,CBA-LN-RETA-00009,1.8,7.34,15.5,1.76,0,0.0761,2026-06-19,2026-06-19T21:08:31,30.0,2,6.2,2570359.0,0.25,4,2,4,1,5,731,0,50,0,1,2,0,AUS,2.1,3.0,3.85,4.2,0.0805,-40.0,11.6,RETAIL_MORTGAGES,0.0,0.0,0.0,0.0,0.0
11892,BANK008,Commonwealth Bank of Australia,CBA-LN-SME-00003,0.62,13.44,11.8,2.14,0,0.0566,2026-06-19,2026-06-19T21:08:31,47.0,4,20.8,7330154.0,0.24,0,1,2,3,2,722,0,238,0,2,4,0,AUS,2.1,3.0,3.85,4.2,-0.6401,-37.0,6.2,SME,0.0,0.0,0.0,0.0,0.0
11893,BANK008,Commonwealth Bank of Australia,CBA-LN-SME-00004,1.95,4.03,12.3,2.98,0,0.0588,2026-06-19,2026-06-19T21:08:31,30.0,5,6.9,9960879.0,0.33,4,1,3,1,2,810,0,122,0,0,2,0,AUS,2.1,3.0,3.85,4.2,1.4402,3.0,39.5,SME,0.0,0.0,0.0,0.0,0.0
11894,BANK008,Commonwealth Bank of Australia,CBA-LN-SME-00005,0.57,8.79,24.0,1.37,0,0.0362,2026-06-19,2026-06-19T21:08:31,39.0,4,2.0,8255093.0,0.42,4,1,4,3,2,810,0,120,0,2,5,0,AUS,2.1,3.0,3.85,4.2,-0.8842,62.0,16.2,SME,0.0,0.0,0.0,0.0,0.0
11895,BANK008,Commonwealth Bank of Australia,CBA-LN-RETA-00010,1.82,7.85,21.7,1.98,0,0.0555,2026-06-19,2026-06-19T21:08:31,61.0,2,25.7,1679887.0,0.2,3,2,6,1,5,803,0,172,0,1,4,0,AUS,2.1,3.0,3.85,4.2,0.7372,8.0,8.0,RETAIL_MORTGAGES,0.0,0.0,0.0,0.0,0.0
11896,BANK008,Commonwealth Bank of Australia,CBA-LN-SME-00006,1.68,9.99,21.8,2.86,0,0.0842,2026-06-19,2026-06-19T21:08:31,25.0,5,1.6,5503870.0,0.29,1,2,4,3,2,721,0,109,0,0,3,0,AUS,2.1,3.0,3.85,4.2,1.1106,-44.0,24.2,SME,0.0,0.0,0.0,0.0,0.0
11897,BANK008,Commonwealth Bank of Australia,CBA-LN-RETA-00011,0.79,5.01,14.2,2.35,0,0.0409,2026-06-19,2026-06-19T21:08:31,43.0,2,19.1,4709322.0,0.33,4,1,3,1,5,740,0,158,0,0,5,0,AUS,2.1,3.0,3.85,4.2,0.0903,-55.0,36.9,RETAIL_MORTGAGES,0.0,0.0,0.0,0.0,0.0
11898,BANK008,Commonwealth Bank of Australia,CBA-LN-RETA-00012,1.55,13.41,6.7,1.64,0,0.0488,2026-06-19,2026-06-19T21:08:31,61.0,2,29.4,3148769.0,0.23,0,1,4,3,5,811,0,128,0,1,2,0,AUS,2.1,3.0,3.85,4.2,1.083,-18.0,12.2,RETAIL_MORTGAGES,0.0,0.0,0.0,0.0,0.0
11899,BANK008,Commonwealth Bank of Australia,CBA-LN-RETA-00013,0.92,6.6,14.5,2.52,0,0.0541,2026-06-19,2026-06-19T21:08:31,55.0,2,6.2,4649149.0,0.36,0,2,3,2,5,731,0,81,0,2,1,0,AUS,2.1,3.0,3.85,4.2,-0.0425,16.0,14.7,RETAIL_MORTGAGES,0.0,0.0,0.0,0.0,0.0
11901,BANK008,Commonwealth Bank of Australia,CBA-LN-RETA-00014,0.76,13.84,21.0,1.7,0,0.029,2026-06-19,2026-06-19T21:08:31,44.0,2,15.9,4185543.0,0.19,4,1,5,1,5,773,0,185,0,1,3,0,AUS,2.1,3.0,3.85,4.2,-0.5264,16.0,15.3,RETAIL_MORTGAGES,0.0,0.0,0.0,0.0,0.0
11902,BANK008,Commonwealth Bank of Australia,CBA-LN-SME-00007,1.83,12.38,10.8,2.38,0,0.0558,2026-06-19,2026-06-19T21:08:31,32.0,5,3.9,3358677.0,0.25,4,1,2,2,2,780,0,187,0,1,3,0,AUS,2.1,3.0,3.85,4.2,0.43,-8.0,17.5,SME,0.0,0.0,0.0,0.0,0.0
11904,BANK008,Commonwealth Bank of Australia,CBA-LN-SME-00008,0.59,13.74,13.5,2.65,0,0.0248,2026-06-19,2026-06-19T21:08:31,49.0,4,12.7,6230001.0,0.33,4,1,1,2,2,753,0,146,0,2,5,0,AUS,2.1,3.0,3.85,4.2,-0.395,25.0,51.0,SME,0.0,0.0,0.0,0.0,0.0
11906,BANK008,Commonwealth Bank of Australia,CBA-LN-RETA-00015,0.95,4.17,24.9,2.89,0,0.0933,2026-06-19,2026-06-19T21:08:31,50.0,2,1.1,4624453.0,0.44,3,2,3,2,5,718,0,61,0,0,1,0,AUS,2.1,3.0,3.85,4.2,-0.2053,-28.0,51.8,RETAIL_MORTGAGES,0.0,0.0,0.0,0.0,0.0
11908,BANK008,Commonwealth Bank of Australia,CBA-LN-CORP-00004,0.84,9.35,17.2,2.55,0,0.051,2026-06-19,2026-06-19T21:08:31,27.0,5,4.5,15125534.0,0.34,2,1,3,1,2,732,0,175,0,1,4,0,AUS,2.1,3.0,3.85,4.2,-0.2435,-41.0,49.7,CORPORATE,0.0,0.0,0.0,0.0,0.0
11909,BANK008,Commonwealth Bank of Australia,CBA-LN-RETA-00016,1.56,5.5,11.1,2.45,0,0.049,2026-06-19,2026-06-19T21:08:31,50.0,1,3.1,3912480.0,0.19,4,2,5,1,5,787,0,121,0,2,1,0,AUS,2.1,3.0,3.85,4.2,1.0435,-25.0,23.4,RETAIL_MORTGAGES,0.0,0.0,0.0,0.0,0.0
11910,BANK008,Commonwealth Bank of Australia,CBA-LN-RETA-00017,1.74,4.28,21.5,1.38,0,0.0979,2026-06-19,2026-06-19T21:08:31,55.0,1,6.3,3248147.0,0.29,0,2,4,3,5,710,0,233,0,0,5,0,AUS,2.1,3.0,3.85,4.2,-0.0081,-29.0,9.0,RETAIL_MORTGAGES,0.0,0.0,0.0,0.0,0.0
11911,BANK008,Commonwealth Bank of Australia,CBA-LN-RETA-00018,1.67,4.33,24.2,2.08,0,0.0857,2026-06-19,2026-06-19T21:08:31,42.0,2,3.8,3399431.0,0.44,2,1,4,1,5,741,0,55,0,2,3,0,AUS,2.1,3.0,3.85,4.2,0.9086,-56.0,31.7,RETAIL_MORTGAGES,0.0,0.0,0.0,0.0,0.0
11912,BANK008,Commonwealth Bank of Australia,CBA-LN-RETA-00019,0.66,6.02,21.9,1.96,0,0.0265,2026-06-19,2026-06-19T21:08:31,41.0,2,11.6,2068884.0,0.32,2,1,4,2,5,824,0,198,0,3,1,0,AUS,2.1,3.0,3.85,4.2,-0.3542,20.0,40.9,RETAIL_MORTGAGES,0.0,0.0,0.0,0.0,0.0
11914,BANK008,Commonwealth Bank of Australia,CBA-LN-CORP-00005,1.1,7.92,15.2,1.43,0,0.0644,2026-06-19,2026-06-19T21:08:31,48.0,5,8.5,14023423.0,0.43,1,1,4,1,2,742,0,132,0,1,1,0,AUS,2.1,3.0,3.85,4.2,-0.4534,-31.0,34.8,CORPORATE,0.0,0.0,0.0,0.0,0.0
11915,BANK008,Commonwealth Bank of Australia,CBA-LN-SME-00009,1.89,5.6,24.9,1.61,0,0.0573,2026-06-19,2026-06-19T21:08:31,54.0,5,9.1,5154580.0,0.32,0,1,2,2,2,808,0,207,0,3,3,0,AUS,2.1,3.0,3.85,4.2,-0.0348,39.0,19.3,SME,0.0,0.0,0.0,0.0,0.0
11916,BANK008,Commonwealth Bank of Australia,CBA-LN-SME-00010,1.45,7.23,18.3,1.38,0,0.0462,2026-06-19,2026-06-19T21:08:31,48.0,5,25.2,8633047.0,0.36,1,1,4,3,2,792,0,185,0,0,1,0,AUS,2.1,3.0,3.85,4.2,0.4106,-14.0,22.2,SME,0.0,0.0,0.0,0.0,0.0
11917,BANK008,Commonwealth Bank of Australia,CBA-LN-RETA-00020,0.96,4.53,19.7,2.07,0,0.0696,2026-06-19,2026-06-19T21:08:31,46.0,2,8.2,2660996.0,0.26,3,1,3,3,5,718,0,122,0,1,5,0,AUS,2.1,3.0,3.85,4.2,-0.7363,-6.0,49.8,RETAIL_MORTGAGES,0.0,0.0,0.0,0.0,0.0
11918,BANK008,Commonwealth Bank of Australia,CBA-LN-SME-00011,1.5,12.54,17.6,2.03,0,0.0475,2026-06-19,2026-06-19T21:08:31,30.0,4,8.0,9258582.0,0.22,4,2,3,1,2,788,0,204,0,1,2,0,AUS,2.1,3.0,3.85,4.2,0.7694,52.0,14.8,SME,0.0,0.0,0.0,0.0,0.0
11919,BANK008,Commonwealth Bank of Australia,CBA-LN-RETA-00021,1.41,12.74,7.8,2.18,0,0.0508,2026-06-19,2026-06-19T21:08:31,39.0,2,5.3,3852486.0,0.36,0,2,6,1,5,745,0,112,0,3,4,0,AUS,2.1,3.0,3.85,4.2,-0.3937,-23.0,22.7,RETAIL_MORTGAGES,0.0,0.0,0.0,0.0,0.0
11920,BANK008,Commonwealth Bank of Australia,CBA-LN-RETA-00022,1.13,13.91,14.1,2.99,0,0.0382,2026-06-19,2026-06-19T21:08:31,60.0,2,25.3,4487871.0,0.21,3,2,3,1,5,826,0,10,0,0,2,0,AUS,2.1,3.0,3.85,4.2,-0.31,96.0,43.5,RETAIL_MORTGAGES,0.0,0.0,0.0,0.0,0.0
11921,BANK008,Commonwealth Bank of Australia,CBA-LN-SME-00012,1.57,4.58,12.0,2.8,0,0.0748,2026-06-19,2026-06-19T21:08:31,61.0,5,4.8,7821954.0,0.28,0,2,3,1,2,727,0,24,0,1,4,0,AUS,2.1,3.0,3.85,4.2,-0.1314,-94.0,43.9,SME,0.0,0.0,0.0,0.0,0.0
11922,BANK008,Commonwealth Bank of Australia,CBA-LN-RETA-00023,1.53,10.87,9.1,2.92,0,0.0483,2026-06-19,2026-06-19T21:08:31,51.0,2,9.7,1430806.0,0.31,0,2,6,3,5,776,0,195,0,1,1,0,AUS,2.1,3.0,3.85,4.2,-0.186,33.0,46.1,RETAIL_MORTGAGES,0.0,0.0,0.0,0.0,0.0
11924,BANK008,Commonwealth Bank of Australia,CBA-LN-RETA-00024,0.64,13.29,6.5,2.22,0,0.026,2026-06-19,2026-06-19T21:08:31,53.0,2,29.2,3681731.0,0.4,1,2,4,2,5,791,0,203,0,1,5,0,AUS,2.1,3.0,3.85,4.2,-1.1635,39.0,17.3,RETAIL_MORTGAGES,0.0,0.0,0.0,0.0,0.0
11925,BANK008,Commonwealth Bank of Australia,CBA-LN-RETA-00025,0.48,6.64,21.6,1.6,0,0.022,2026-06-19,2026-06-19T21:08:31,29.0,2,1.5,1822115.0,0.4,4,1,4,2,5,761,0,69,0,2,4,0,AUS,2.1,3.0,3.85,4.2,-0.8095,-19.0,25.7,RETAIL_MORTGAGES,0.0,0.0,0.0,0.0,0.0
11927,BANK008,Commonwealth Bank of Australia,CBA-LN-SME-00013,1.36,3.81,21.4,1.78,0,0.068,2026-06-19,2026-06-19T21:08:31,39.0,5,6.1,6214380.0,0.44,2,2,4,2,2,813,0,75,0,1,1,0,AUS,2.1,3.0,3.85,4.2,0.1129,5.0,47.7,SME,0.0,0.0,0.0,0.0,0.0
11928,BANK008,Commonwealth Bank of Australia,CBA-LN-SME-00014,1.36,3.71,15.1,1.86,0,0.044,2026-06-19,2026-06-19T21:08:31,61.0,4,6.1,4592525.0,0.23,1,2,2,2,2,788,0,15,0,0,1,0,AUS,2.1,3.0,3.85,4.2,0.7512,-13.0,44.5,SME,0.0,0.0,0.0,0.0,0.0
11929,BANK008,Commonwealth Bank of Australia,CBA-LN-RETA-00026,1.57,13.46,24.0,1.97,0,0.0672,2026-06-19,2026-06-19T21:08:31,51.0,2,5.9,4616068.0,0.43,1,2,4,3,5,808,0,84,0,2,2,0,AUS,2.1,3.0,3.85,4.2,1.1182,21.0,34.6,RETAIL_MORTGAGES,0.0,0.0,0.0,0.0,0.0
11930,BANK008,Commonwealth Bank of Australia,CBA-LN-RETA-00027,1.66,9.57,20.4,1.68,0,0.0515,2026-06-19,2026-06-19T21:08:31,24.0,1,1.4,4898414.0,0.2,3,1,6,2,5,767,0,145,0,3,1,0,AUS,2.1,3.0,3.85,4.2,-0.0932,20.0,42.6,RETAIL_MORTGAGES,0.0,0.0,0.0,0.0,0.0
11931,BANK008,Commonwealth Bank of Australia,CBA-LN-RETA-00028,0.98,7.99,11.6,2.43,0,0.0345,2026-06-19,2026-06-19T21:08:31,27.0,2,1.2,1602300.0,0.3,0,1,5,2,5,786,0,152,0,3,2,0,AUS,2.1,3.0,3.85,4.2,0.4248,50.0,24.2,RETAIL_MORTGAGES,0.0,0.0,0.0,0.0,0.0
11932,BANK008,Commonwealth Bank of Australia,CBA-LN-RETA-00029,1.75,12.09,14.0,2.21,0,0.0657,2026-06-19,2026-06-19T21:08:31,40.0,2,10.2,4589753.0,0.42,0,2,3,3,5,820,0,199,0,1,5,0,AUS,2.1,3.0,3.85,4.2,0.4337,80.0,27.4,RETAIL_MORTGAGES,0.0,0.0,0.0,0.0,0.0
11933,BANK008,Commonwealth Bank of Australia,CBA-LN-RETA-00030,1.87,3.63,19.3,2.3,0,0.0568,2026-06-19,2026-06-19T21:08:31,33.0,2,6.5,2866627.0,0.29,3,1,6,3,5,810,0,225,0,2,5,0,AUS,2.1,3.0,3.85,4.2,0.8069,82.0,15.3,RETAIL_MORTGAGES,0.0,0.0,0.0,0.0,0.0
11934,BANK008,Commonwealth Bank of Australia,CBA-LN-CORP-00006,0.45,4.03,12.8,1.64,0,0.0213,2026-06-19,2026-06-19T21:08:31,56.0,2,1.8,24081476.0,0.39,1,1,2,3,2,757,0,55,0,1,1,0,AUS,2.1,3.0,3.85,4.2,-0.7582,-34.0,36.4,CORPORATE,0.0,0.0,0.0,0.0,0.0
11935,BANK008,Commonwealth Bank of Australia,CBA-LN-SME-00015,1.44,9.81,6.2,1.73,0,0.064,2026-06-19,2026-06-19T21:08:31,27.0,4,3.1,5435195.0,0.43,1,2,2,2,2,813,0,227,0,0,4,0,AUS,2.1,3.0,3.85,4.2,-0.1004,13.0,44.5,SME,0.0,0.0,0.0,0.0,0.0
11936,BANK008,Commonwealth Bank of Australia,CBA-LN-RETA-00031,1.23,6.02,7.1,2.76,0,0.0408,2026-06-19,2026-06-19T21:08:31,62.0,2,26.0,2563723.0,0.34,1,2,5,2,5,813,0,72,0,2,2,0,AUS,2.1,3.0,3.85,4.2,-0.2268,16.0,29.9,RETAIL_MORTGAGES,0.0,0.0,0.0,0.0,0.0
11937,BANK008,Commonwealth Bank of Australia,CBA-LN-CORP-00007,0.76,5.84,22.6,2.01,0,0.029,2026-06-19,2026-06-19T21:08:31,43.0,5,15.5,13678915.0,0.27,0,2,4,1,2,823,0,149,0,1,3,0,AUS,2.1,3.0,3.85,4.2,-0.0569,76.0,7.2,CORPORATE,0.0,0.0,0.0,0.0,0.0
11939,BANK008,Commonwealth Bank of Australia,CBA-LN-RETA-00032,1.24,8.05,19.0,1.53,0,0.041,2026-06-19,2026-06-19T21:08:31,46.0,2,2.1,4655451.0,0.31,4,1,4,1,5,825,0,80,0,3,5,0,AUS,2.1,3.0,3.85,4.2,-0.3602,94.0,43.3,RETAIL_MORTGAGES,0.0,0.0,0.0,0.0,0.0
11941,BANK008,Commonwealth Bank of Australia,CBA-LN-RETA-00033,0.69,7.71,24.3,1.76,0,0.0272,2026-06-19,2026-06-19T21:08:31,26.0,2,1.8,3808047.0,0.36,2,1,5,2,5,759,0,193,0,0,3,0,AUS,2.1,3.0,3.85,4.2,-0.4752,-4.0,20.2,RETAIL_MORTGAGES,0.0,0.0,0.0,0.0,0.0
11942,BANK008,Commonwealth Bank of Australia,CBA-LN-RETA-00034,1.24,10.86,7.8,2.42,0,0.051,2026-06-19,2026-06-19T21:08:31,50.0,2,19.3,4842049.0,0.31,4,1,3,3,5,741,0,202,0,1,3,0,AUS,2.1,3.0,3.85,4.2,-0.2219,-51.0,10.2,RETAIL_MORTGAGES,0.0,0.0,0.0,0.0,0.0
11943,BANK008,Commonwealth Bank of Australia,CBA-LN-RETA-00035,1.97,11.33,6.3,1.99,0,0.0993,2026-06-19,2026-06-19T21:08:31,59.0,2,3.6,3079461.0,0.32,0,1,6,3,5,714,0,133,0,3,3,0,AUS,2.1,3.0,3.85,4.2,1.5697,-7.0,48.0,RETAIL_MORTGAGES,0.0,0.0,0.0,0.0,0.0
11944,BANK008,Commonwealth Bank of Australia,CBA-LN-SME-00016,0.57,9.91,9.6,2.88,0,0.0243,2026-06-19,2026-06-19T21:08:31,30.0,4,1.3,2891895.0,0.24,3,1,3,3,2,760,0,48,0,3,2,0,AUS,2.1,3.0,3.85,4.2,-1.1493,26.0,43.0,SME,0.0,0.0,0.0,0.0,0.0
11945,BANK008,Commonwealth Bank of Australia,CBA-LN-RETA-00036,1.07,9.89,19.2,1.72,0,0.0547,2026-06-19,2026-06-19T21:08:31,27.0,1,3.4,3957846.0,0.43,3,2,4,1,5,760,0,231,0,2,5,0,AUS,2.1,3.0,3.85,4.2,-0.8828,-7.0,31.4,RETAIL_MORTGAGES,0.0,0.0,0.0,0.0,0.0
11946,BANK008,Commonwealth Bank of Australia,CBA-LN-RETA-00037,1.79,12.53,14.4,1.68,0,0.0548,2026-06-19,2026-06-19T21:08:31,39.0,2,1.9,3515778.0,0.36,4,2,6,3,5,791,0,196,0,2,2,0,AUS,2.1,3.0,3.85,4.2,0.3538,-15.0,27.0,RETAIL_MORTGAGES,0.0,0.0,0.0,0.0,0.0
11947,BANK008,Commonwealth Bank of Australia,CBA-LN-RETA-00038,1.93,8.97,20.9,1.57,0,0.0583,2026-06-19,2026-06-19T21:08:31,33.0,2,4.6,3507539.0,0.32,1,1,6,3,5,779,0,206,0,2,5,0,AUS,2.1,3.0,3.85,4.2,1.3829,41.0,7.2,RETAIL_MORTGAGES,0.0,0.0,0.0,0.0,0.0
11948,BANK008,Commonwealth Bank of Australia,CBA-LN-RETA-00039,1.86,7.78,14.6,1.99,0,0.0565,2026-06-19,2026-06-19T21:08:31,28.0,2,5.0,1946553.0,0.18,1,1,3,1,5,750,0,148,0,0,5,0,AUS,2.1,3.0,3.85,4.2,0.3827,-28.0,12.8,RETAIL_MORTGAGES,0.0,0.0,0.0,0.0,0.0
11949,BANK008,Commonwealth Bank of Australia,CBA-LN-CORP-00008,0.61,10.38,7.9,2.35,0,0.0253,2026-06-19,2026-06-19T21:08:31,35.0,5,4.0,7260319.0,0.23,2,1,3,3,2,825,0,56,0,3,3,0,AUS,2.1,3.0,3.85,4.2,-0.5674,73.0,25.9,CORPORATE,0.0,0.0,0.0,0.0,0.0
11950,BANK008,Commonwealth Bank of Australia,CBA-LN-SME-00017,1.11,5.38,24.0,2.42,0,0.0622,2026-06-19,2026-06-19T21:08:31,61.0,5,1.3,6212484.0,0.37,1,1,4,2,2,728,0,67,0,1,5,0,AUS,2.1,3.0,3.85,4.2,-0.0636,-27.0,46.1,SME,0.0,0.0,0.0,0.0,0.0
11951,BANK008,Commonwealth Bank of Australia,CBA-LN-RETA-00040,1.0,13.03,15.8,1.9,0,0.035,2026-06-19,2026-06-19T21:08:31,57.0,1,11.6,2787621.0,0.27,2,1,6,3,5,821,0,173,0,0,5,0,AUS,2.1,3.0,3.85,4.2,-0.6683,-2.0,23.9,RETAIL_MORTGAGES,0.0,0.0,0.0,0.0,0.0
11952,BANK008,Commonwealth Bank of Australia,CBA-LN-RETA-00041,0.43,8.99,23.3,2.46,0,0.0208,2026-06-19,2026-06-19T21:08:31,61.0,1,3.0,3677139.0,0.22,0,2,5,2,5,815,0,102,0,3,2,0,AUS,2.1,3.0,3.85,4.2,-0.1241,45.0,47.7,RETAIL_MORTGAGES,0.0,0.0,0.0,0.0,0.0
11954,BANK008,Commonwealth Bank of Australia,CBA-LN-RETA-00042,1.65,8.86,19.3,2.35,0,0.0513,2026-06-19,2026-06-19T21:08:31,48.0,2,12.0,3273531.0,0.19,0,1,4,3,5,796,0,57,0,2,2,0,AUS,2.1,3.0,3.85,4.2,0.8672,86.0,35.7,RETAIL_MORTGAGES,0.0,0.0,0.0,0.0,0.0
11955,BANK008,Commonwealth Bank of Australia,CBA-LN-RETA-00043,0.97,12.89,11.1,2.91,0,0.0462,2026-06-19,2026-06-19T21:08:31,57.0,2,24.8,4340645.0,0.42,2,2,3,2,5,797,0,25,0,1,4,0,AUS,2.1,3.0,3.85,4.2,0.2657,-7.0,44.6,RETAIL_MORTGAGES,0.0,0.0,0.0,0.0,0.0
11956,BANK008,Commonwealth Bank of Australia,CBA-LN-RETA-00044,0.45,7.15,22.3,2.62,0,0.0392,2026-06-19,2026-06-19T21:08:31,60.0,2,2.6,1737902.0,0.43,4,2,6,1,5,768,0,210,0,3,4,0,AUS,2.1,3.0,3.85,4.2,-1.0672,0.0,34.0,RETAIL_MORTGAGES,0.0,0.0,0.0,0.0,0.0
11958,BANK008,Commonwealth Bank of Australia,CBA-LN-RETA-00045,1.23,8.23,9.2,2.75,0,0.0674,2026-06-19,2026-06-19T21:08:31,28.0,2,4.2,3739168.0,0.37,4,2,5,3,5,726,0,75,0,3,3,0,AUS,2.1,3.0,3.85,4.2,-0.2292,-104.0,13.0,RETAIL_MORTGAGES,0.0,0.0,0.0,0.0,0.0
11960,BANK008,Commonwealth Bank of Australia,CBA-LN-RETA-00046,0.6,11.57,10.7,2.61,0,0.025,2026-06-19,2026-06-19T21:08:31,53.0,2,14.6,3478312.0,0.24,0,1,5,2,5,766,0,55,0,2,4,0,AUS,2.1,3.0,3.85,4.2,-1.3913,31.0,33.9,RETAIL_MORTGAGES,0.0,0.0,0.0,0.0,0.0
11961,BANK008,Commonwealth Bank of Australia,CBA-LN-RETA-00047,0.99,4.44,9.0,1.46,0,0.0348,2026-06-19,2026-06-19T21:08:31,39.0,2,16.5,1237454.0,0.27,1,1,6,1,5,789,0,154,0,3,5,0,AUS,2.1,3.0,3.85,4.2,-0.9614,-18.0,42.4,RETAIL_MORTGAGES,0.0,0.0,0.0,0.0,0.0
11962,BANK008,Commonwealth Bank of Australia,CBA-LN-CORP-00009,1.86,9.32,7.3,1.56,0,0.0598,2026-06-19,2026-06-19T21:08:31,26.0,2,2.0,23240878.0,0.39,4,1,2,3,2,747,0,193,0,3,3,0,AUS,2.1,3.0,3.85,4.2,0.5934,-21.0,50.1,CORPORATE,0.0,0.0,0.0,0.0,0.0
11963,BANK008,Commonwealth Bank of Australia,CBA-LN-RETA-00048,0.7,9.03,10.7,2.36,0,0.0475,2026-06-19,2026-06-19T21:08:31,47.0,2,3.3,3378879.0,0.33,3,1,5,1,5,732,0,191,0,1,5,0,AUS,2.1,3.0,3.85,4.2,-0.593,-73.0,48.3,RETAIL_MORTGAGES,0.0,0.0,0.0,0.0,0.0
11964,BANK008,Commonwealth Bank of Australia,CBA-LN-RETA-00049,0.86,7.64,8.5,1.44,0,0.0315,2026-06-19,2026-06-19T21:08:31,26.0,1,4.0,4268462.0,0.37,3,2,4,1,5,783,0,120,0,0,2,0,AUS,2.1,3.0,3.85,4.2,-0.417,40.0,28.3,RETAIL_MORTGAGES,0.0,0.0,0.0,0.0,0.0
11965,BANK008,Commonwealth Bank of Australia,CBA-LN-SME-00018,1.1,13.2,10.4,2.47,0,0.0608,2026-06-19,2026-06-19T21:08:31,51.0,5,24.0,7169236.0,0.38,1,2,3,1,2,729,0,211,0,3,5,0,AUS,2.1,3.0,3.85,4.2,-0.6644,5.0,53.2,SME,0.0,0.0,0.0,0.0,0.0
11966,BANK008,Commonwealth Bank of Australia,CBA-LN-RETA-00050,0.72,10.81,11.2,2.09,0,0.028,2026-06-19,2026-06-19T21:08:31,57.0,1,16.3,3983039.0,0.18,2,2,3,2,5,830,0,71,0,1,1,0,AUS,2.1,3.0,3.85,4.2,-0.3018,86.0,26.1,RETAIL_MORTGAGES,0.0,0.0,0.0,0.0,0.0
11968,BANK008,Commonwealth Bank of Australia,CBA-LN-CORP-00010,0.91,9.35,24.0,1.5,0,0.0328,2026-06-19,2026-06-19T21:08:31,37.0,5,13.7,22575995.0,0.4,1,2,3,3,2,750,0,116,0,1,5,0,AUS,2.1,3.0,3.85,4.2,0.2772,37.0,8.0,CORPORATE,0.0,0.0,0.0,0.0,0.0
11969,BANK008,Commonwealth Bank of Australia,CBA-LN-SME-00019,0.62,5.53,6.6,2.6,0,0.0808,2026-06-19,2026-06-19T21:08:31,38.0,4,6.6,7448975.0,0.42,3,1,4,3,2,711,0,224,0,3,4,0,AUS,2.1,3.0,3.85,4.2,-1.3003,-27.0,7.8,SME,0.0,0.0,0.0,0.0,0.0
11970,BANK008,Commonwealth Bank of Australia,CBA-LN-RETA-00051,0.7,8.12,22.8,2.62,0,0.0319,2026-06-19,2026-06-19T21:08:31,57.0,2,29.5,2859313.0,0.3,0,2,4,3,5,746,0,16,0,3,5,0,AUS,2.1,3.0,3.85,4.2,-0.3759,-42.0,47.3,RETAIL_MORTGAGES,0.0,0.0,0.0,0.0,0.0
11971,BANK008,Commonwealth Bank of Australia,CBA-LN-RETA-00052,0.78,9.68,15.0,2.0,0,0.0628,2026-06-19,2026-06-19T21:08:31,42.0,2,10.5,4787854.0,0.34,3,2,3,2,5,720,0,212,0,0,5,0,AUS,2.1,3.0,3.85,4.2,0.3695,-102.0,40.5,RETAIL_MORTGAGES,0.0,0.0,0.0,0.0,0.0
11972,BANK008,Commonwealth Bank of Australia,CBA-LN-RETA-00053,0.87,4.91,19.2,1.77,0,0.0318,2026-06-19,2026-06-19T21:08:31,35.0,2,5.5,4964512.0,0.29,0,2,5,2,5,777,0,23,0,3,5,0,AUS,2.1,3.0,3.85,4.2,0.1342,41.0,20.0,RETAIL_MORTGAGES,0.0,0.0,0.0,0.0,0.0
11973,BANK008,Commonwealth Bank of Australia,CBA-LN-RETA-00054,0.42,5.61,11.4,2.64,0,0.0216,2026-06-19,2026-06-19T21:08:31,42.0,2,8.9,2939093.0,0.26,1,1,4,3,5,749,0,91,0,2,5,0,AUS,2.1,3.0,3.85,4.2,-0.86,-59.0,35.9,RETAIL_MORTGAGES,0.0,0.0,0.0,0.0,0.0
11974,BANK008,Commonwealth Bank of Australia,CBA-LN-RETA-00055,1.5,11.9,22.9,1.9,0,0.0708,2026-06-19,2026-06-19T21:08:31,33.0,2,4.2,4044567.0,0.25,4,2,5,3,5,729,0,143,0,0,2,0,AUS,2.1,3.0,3.85,4.2,1.0501,-29.0,50.2,RETAIL_MORTGAGES,0.0,0.0,0.0,0.0,0.0
11977,BANK008,Commonwealth Bank of Australia,CBA-LN-RETA-00056,1.98,9.62,17.6,2.17,0,0.0595,2026-06-19,2026-06-19T21:08:31,33.0,2,4.2,4880188.0,0.21,2,2,4,1,5,818,0,151,0,2,4,0,AUS,2.1,3.0,3.85,4.2,1.1093,61.0,47.2,RETAIL_MORTGAGES,0.0,0.0,0.0,0.0,0.0
11978,BANK008,Commonwealth Bank of Australia,CBA-LN-RETA-00057,1.96,4.93,8.6,2.67,0,0.059,2026-06-19,2026-06-19T21:08:31,59.0,2,3.1,1248665.0,0.3,3,1,4,1,5,820,0,10,0,1,4,0,AUS,2.1,3.0,3.85,4.2,0.2977,33.0,18.0,RETAIL_MORTGAGES,0.0,0.0,0.0,0.0,0.0
11979,BANK008,Commonwealth Bank of Australia,CBA-LN-RETA-00058,0.44,8.59,8.4,1.43,0,0.021,2026-06-19,2026-06-19T21:08:31,50.0,2,16.6,3184579.0,0.25,4,2,5,1,5,810,0,152,0,0,3,0,AUS,2.1,3.0,3.85,4.2,-0.1721,65.0,50.8,RETAIL_MORTGAGES,0.0,0.0,0.0,0.0,0.0
11980,BANK008,Commonwealth Bank of Australia,CBA-LN-RETA-00059,1.57,9.68,9.7,1.87,0,0.0732,2026-06-19,2026-06-19T21:08:31,58.0,2,3.9,4565158.0,0.44,1,1,5,2,5,798,0,173,0,3,4,0,AUS,2.1,3.0,3.85,4.2,0.6688,87.0,7.9,RETAIL_MORTGAGES,0.0,0.0,0.0,0.0,0.0
11981,BANK008,Commonwealth Bank of Australia,CBA-LN-RETA-00060,1.63,10.77,18.7,2.61,0,0.0596,2026-06-19,2026-06-19T21:08:31,62.0,1,8.3,1972855.0,0.22,2,1,3,3,5,742,0,125,0,0,4,0,AUS,2.1,3.0,3.85,4.2,1.1116,-67.0,19.1,RETAIL_MORTGAGES,0.0,0.0,0.0,0.0,0.0
11982,BANK008,Commonwealth Bank of Australia,CBA-LN-RETA-00061,0.64,6.96,13.4,1.31,0,0.038,2026-06-19,2026-06-19T21:08:31,40.0,2,12.1,1824340.0,0.42,2,2,6,1,5,800,0,6,0,0,4,0,AUS,2.1,3.0,3.85,4.2,-0.5451,35.0,52.9,RETAIL_MORTGAGES,0.0,0.0,0.0,0.0,0.0
11983,BANK008,Commonwealth Bank of Australia,CBA-LN-RETA-00062,1.82,8.1,9.6,1.36,0,0.0966,2026-06-19,2026-06-19T21:08:31,42.0,1,3.0,4960028.0,0.37,0,2,5,3,5,713,0,182,0,2,4,0,AUS,2.1,3.0,3.85,4.2,0.4713,-59.0,52.3,RETAIL_MORTGAGES,0.0,0.0,0.0,0.0,0.0
11984,BANK008,Commonwealth Bank of Australia,CBA-LN-RETA-00063,1.41,13.0,21.6,1.47,0,0.0452,2026-06-19,2026-06-19T21:08:31,61.0,2,8.0,1392106.0,0.22,1,2,3,2,5,788,0,172,0,1,1,0,AUS,2.1,3.0,3.85,4.2,0.0643,-26.0,39.8,RETAIL_MORTGAGES,0.0,0.0,0.0,0.0,0.0
11985,BANK008,Commonwealth Bank of Australia,CBA-LN-RETA-00064,0.41,5.97,8.2,2.2,0,0.0514,2026-06-19,2026-06-19T21:08:31,57.0,2,28.6,3767122.0,0.34,3,2,4,3,5,722,0,166,0,2,3,0,AUS,2.1,3.0,3.85,4.2,-1.3704,-57.0,16.9,RETAIL_MORTGAGES,0.0,0.0,0.0,0.0,0.0
11986,BANK008,Commonwealth Bank of Australia,CBA-LN-SME-00020,0.92,5.59,18.9,1.85,0,0.033,2026-06-19,2026-06-19T21:08:31,26.0,4,1.2,2973624.0,0.21,4,2,1,2,2,809,0,66,0,3,5,0,AUS,2.1,3.0,3.85,4.2,0.1555,69.0,23.2,SME,0.0,0.0,0.0,0.0,0.0
11989,BANK008,Commonwealth Bank of Australia,CBA-LN-RETA-00065,1.07,11.25,6.4,1.62,0,0.085,2026-06-19,2026-06-19T21:08:31,34.0,1,1.2,3830987.0,0.41,2,1,4,3,5,712,0,112,0,1,4,0,AUS,2.1,3.0,3.85,4.2,0.2983,-64.0,25.4,RETAIL_MORTGAGES,0.0,0.0,0.0,0.0,0.0
11990,BANK008,Commonwealth Bank of Australia,CBA-LN-RETA-00066,0.94,4.68,15.1,1.37,0,0.0335,2026-06-19,2026-06-19T21:08:31,33.0,2,10.8,4363183.0,0.32,3,2,5,2,5,796,0,152,0,1,5,0,AUS,2.1,3.0,3.85,4.2,0.0471,35.0,8.7,RETAIL_MORTGAGES,0.0,0.0,0.0,0.0,0.0
11991,BANK008,Commonwealth Bank of Australia,CBA-LN-RETA-00067,0.86,7.19,24.6,2.79,0,0.0637,2026-06-19,2026-06-19T21:08:31,55.0,2,25.8,4202969.0,0.24,0,1,6,1,5,721,0,100,0,3,3,0,AUS,2.1,3.0,3.85,4.2,-0.9605,-83.0,33.7,RETAIL_MORTGAGES,0.0,0.0,0.0,0.0,0.0
11992,BANK008,Commonwealth Bank of Australia,CBA-LN-RETA-00068,1.74,6.69,16.6,2.09,0,0.0946,2026-06-19,2026-06-19T21:08:31,24.0,2,1.8,1980167.0,0.39,2,1,4,1,5,713,0,80,0,3,1,0,AUS,2.1,3.0,3.85,4.2,1.0936,-35.0,32.1,RETAIL_MORTGAGES,0.0,0.0,0.0,0.0,0.0
11993,BANK008,Commonwealth Bank of Australia,CBA-LN-RETA-00069,0.98,10.18,24.1,1.38,0,0.0378,2026-06-19,2026-06-19T21:08:31,47.0,1,17.6,4883929.0,0.32,2,1,5,2,5,747,0,97,0,1,1,0,AUS,2.1,3.0,3.85,4.2,-0.9181,-28.0,9.0,RETAIL_MORTGAGES,0.0,0.0,0.0,0.0,0.0
11994,BANK008,Commonwealth Bank of Australia,CBA-LN-RETA-00070,1.87,4.72,8.5,1.33,0,0.0568,2026-06-19,2026-06-19T21:08:31,47.0,1,5.5,4687872.0,0.26,3,1,4,3,5,754,0,235,0,0,4,0,AUS,2.1,3.0,3.85,4.2,0.8899,-60.0,26.4,RETAIL_MORTGAGES,0.0,0.0,0.0,0.0,0.0
11995,BANK008,Commonwealth Bank of Australia,CBA-LN-SME-00021,1.87,5.66,23.1,1.61,0,0.0568,2026-06-19,2026-06-19T21:08:31,51.0,5,2.9,2363071.0,0.19,0,2,4,1,2,754,0,176,0,0,1,0,AUS,2.1,3.0,3.85,4.2,1.2371,-51.0,9.4,SME,0.0,0.0,0.0,0.0,0.0
11996,BANK008,Commonwealth Bank of Australia,CBA-LN-RETA-00071,1.2,10.1,8.6,1.47,0,0.0778,2026-06-19,2026-06-19T21:08:31,61.0,2,23.3,1818131.0,0.4,3,2,6,3,5,716,0,33,0,0,3,0,AUS,2.1,3.0,3.85,4.2,0.003,3.0,31.1,RETAIL_MORTGAGES,0.0,0.0,0.0,0.0,0.0
11997,BANK008,Commonwealth Bank of Australia,CBA-LN-SME-00022,1.09,6.78,13.4,2.6,0,0.0373,2026-06-19,2026-06-19T21:08:31,25.0,4,1.1,2301831.0,0.36,3,2,4,2,2,782,0,148,0,2,2,0,AUS,2.1,3.0,3.85,4.2,-0.3661,-15.0,36.6,SME,0.0,0.0,0.0,0.0,0.0
11998,BANK008,Commonwealth Bank of Australia,CBA-LN-CORP-00011,1.35,13.06,7.2,1.82,0,0.0438,2026-06-19,2026-06-19T21:08:31,46.0,2,2.3,16786640.0,0.22,2,2,3,2,2,753,0,68,0,1,2,0,AUS,2.1,3.0,3.85,4.2,0.0885,39.0,35.0,CORPORATE,0.0,0.0,0.0,0.0,0.0
11999,BANK008,Commonwealth Bank of Australia,CBA-LN-CORP-00012,1.78,9.56,10.0,2.94,0,0.0665,2026-06-19,2026-06-19T21:08:31,56.0,5,14.1,22292921.0,0.42,4,2,4,2,2,805,0,201,0,1,1,0,AUS,2.1,3.0,3.85,4.2,0.9513,14.0,47.3,CORPORATE,0.0,0.0,0.0,0.0,0.0
12000,BANK008,Commonwealth Bank of Australia,CBA-LN-SME-00023,1.3,8.08,18.3,1.36,0,0.0647,2026-06-19,2026-06-19T21:08:31,34.0,4,3.7,2232399.0,0.25,3,1,1,1,2,730,0,217,0,2,4,0,AUS,2.1,3.0,3.85,4.2,0.8534,-81.0,32.3,SME,0.0,0.0,0.0,0.0,0.0
12001,BANK008,Commonwealth Bank of Australia,CBA-LN-RETA-00072,1.58,11.96,20.1,2.89,0,0.0639,2026-06-19,2026-06-19T21:08:31,32.0,2,6.4,2198566.0,0.22,4,1,5,2,5,737,0,203,0,2,3,0,AUS,2.1,3.0,3.85,4.2,0.8998,-8.0,24.1,RETAIL_MORTGAGES,0.0,0.0,0.0,0.0,0.0
12002,BANK008,Commonwealth Bank of Australia,CBA-LN-SME-00024,1.88,13.14,11.7,2.89,0,0.057,2026-06-19,2026-06-19T21:08:31,39.0,4,4.8,9272528.0,0.24,3,1,1,3,2,806,0,119,0,3,1,0,AUS,2.1,3.0,3.85,4.2,1.1434,-17.0,42.1,SME,0.0,0.0,0.0,0.0,0.0
12003,BANK008,Commonwealth Bank of Australia,CBA-LN-RETA-00073,0.72,10.86,9.2,1.98,0,0.028,2026-06-19,2026-06-19T21:08:31,36.0,2,9.4,3542644.0,0.34,3,1,4,1,5,764,0,166,0,1,1,0,AUS,2.1,3.0,3.85,4.2,0.0812,7.0,30.1,RETAIL_MORTGAGES,0.0,0.0,0.0,0.0,0.0
12004,BANK008,Commonwealth Bank of Australia,CBA-LN-RETA-00074,0.54,8.42,22.6,2.96,0,0.0235,2026-06-19,2026-06-19T21:08:31,36.0,2,6.9,3790738.0,0.36,3,1,5,2,5,760,0,69,0,2,5,0,AUS,2.1,3.0,3.85,4.2,-1.0013,-40.0,13.1,RETAIL_MORTGAGES,0.0,0.0,0.0,0.0,0.0
12005,BANK008,Commonwealth Bank of Australia,CBA-LN-SME-00025,0.59,3.96,8.4,2.78,0,0.0248,2026-06-19,2026-06-19T21:08:31,59.0,5,10.2,2752021.0,0.25,2,1,3,2,2,816,0,141,0,3,2,0,AUS,2.1,3.0,3.85,4.2,-0.3869,51.0,53.4,SME,0.0,0.0,0.0,0.0,0.0
12006,BANK008,Commonwealth Bank of Australia,CBA-LN-RETA-00075,0.45,8.33,19.4,2.12,0,0.0392,2026-06-19,2026-06-19T21:08:31,28.0,2,3.0,1711667.0,0.43,1,2,5,3,5,790,0,157,0,0,3,0,AUS,2.1,3.0,3.85,4.2,-0.9007,80.0,6.5,RETAIL_MORTGAGES,0.0,0.0,0.0,0.0,0.0
12007,BANK008,Commonwealth Bank of Australia,CBA-LN-SME-00026,0.53,8.42,7.5,2.66,0,0.0255,2026-06-19,2026-06-19T21:08:31,35.0,4,9.2,7432551.0,0.22,4,1,4,3,2,748,0,45,0,3,5,0,AUS,2.1,3.0,3.85,4.2,-0.0745,-77.0,9.9,SME,0.0,0.0,0.0,0.0,0.0
12008,BANK008,Commonwealth Bank of Australia,CBA-LN-RETA-00076,0.6,3.65,8.1,1.33,0,0.0428,2026-06-19,2026-06-19T21:08:31,53.0,2,21.0,2713006.0,0.4,0,2,5,3,5,734,0,182,0,3,3,0,AUS,2.1,3.0,3.85,4.2,-0.1348,-59.0,15.5,RETAIL_MORTGAGES,0.0,0.0,0.0,0.0,0.0
12010,BANK008,Commonwealth Bank of Australia,CBA-LN-RETA-00077,1.09,9.98,8.3,1.68,0,0.069,2026-06-19,2026-06-19T21:08:31,30.0,2,5.7,2697550.0,0.44,2,2,3,2,5,743,0,50,0,0,1,0,AUS,2.1,3.0,3.85,4.2,-0.5658,-65.0,15.7,RETAIL_MORTGAGES,0.0,0.0,0.0,0.0,0.0
12011,BANK008,Commonwealth Bank of Australia,CBA-LN-CORP-00013,0.94,4.95,22.1,2.05,0,0.0335,2026-06-19,2026-06-19T21:08:31,30.0,5,6.3,19814882.0,0.38,2,2,2,3,2,763,0,133,0,0,2,0,AUS,2.1,3.0,3.85,4.2,0.5295,-53.0,21.1,CORPORATE,0.0,0.0,0.0,0.0,0.0
12012,BANK008,Commonwealth Bank of Australia,CBA-LN-RETA-00078,1.61,10.43,18.2,2.83,0,0.1049,2026-06-19,2026-06-19T21:08:31,57.0,2,29.5,2884645.0,0.43,3,2,3,2,5,717,0,48,0,3,1,0,AUS,2.1,3.0,3.85,4.2,-0.3581,-95.0,43.4,RETAIL_MORTGAGES,0.0,0.0,0.0,0.0,0.0
12013,BANK008,Commonwealth Bank of Australia,CBA-LN-RETA-00079,0.86,11.74,19.6,2.44,0,0.0315,2026-06-19,2026-06-19T21:08:31,31.0,2,7.0,4578040.0,0.28,2,1,6,2,5,801,0,154,0,1,3,0,AUS,2.1,3.0,3.85,4.2,-0.72,78.0,22.4,RETAIL_MORTGAGES,0.0,0.0,0.0,0.0,0.0
12014,BANK008,Commonwealth Bank of Australia,CBA-LN-SME-00027,0.61,10.9,22.4,1.5,0,0.0397,2026-06-19,2026-06-19T21:08:31,49.0,5,5.2,8910634.0,0.3,3,2,4,3,2,737,0,135,0,1,4,0,AUS,2.1,3.0,3.85,4.2,0.1578,7.0,37.1,SME,0.0,0.0,0.0,0.0,0.0
12015,BANK008,Commonwealth Bank of Australia,CBA-LN-RETA-00080,1.32,9.44,23.1,2.63,0,0.043,2026-06-19,2026-06-19T21:08:31,43.0,2,8.0,3496537.0,0.4,3,1,3,1,5,770,0,228,0,0,4,0,AUS,2.1,3.0,3.85,4.2,-0.4139,44.0,23.3,RETAIL_MORTGAGES,0.0,0.0,0.0,0.0,0.0
12016,BANK008,Commonwealth Bank of Australia,CBA-LN-SME-00028,0.7,8.5,23.0,1.5,0,0.0275,2026-06-19,2026-06-19T21:08:31,34.0,4,1.9,6692191.0,0.32,4,1,1,3,2,829,0,164,0,0,5,0,AUS,2.1,3.0,3.85,4.2,-1.2398,84.0,35.4,SME,0.0,0.0,0.0,0.0,0.0
12017,BANK008,Commonwealth Bank of Australia,CBA-LN-RETA-00081,1.38,6.92,6.5,1.4,0,0.0445,2026-06-19,2026-06-19T21:08:31,40.0,2,2.5,4422503.0,0.21,0,2,4,1,5,759,0,84,0,3,2,0,AUS,2.1,3.0,3.85,4.2,0.7521,-65.0,41.2,RETAIL_MORTGAGES,0.0,0.0,0.0,0.0,0.0
12018,BANK008,Commonwealth Bank of Australia,CBA-LN-RETA-00082,1.75,8.75,20.9,1.54,0,0.0777,2026-06-19,2026-06-19T21:08:31,38.0,2,2.9,4493427.0,0.44,0,2,4,3,5,779,0,151,0,3,4,0,AUS,2.1,3.0,3.85,4.2,0.0988,1.0,32.3,RETAIL_MORTGAGES,0.0,0.0,0.0,0.0,0.0
12020,BANK008,Commonwealth Bank of Australia,CBA-LN-RETA-00083,1.02,12.31,21.4,2.97,0,0.0633,2026-06-19,2026-06-19T21:08:31,59.0,2,4.6,4019603.0,0.3,2,2,3,3,5,725,0,214,0,3,5,0,AUS,2.1,3.0,3.85,4.2,-0.878,-41.0,22.2,RETAIL_MORTGAGES,0.0,0.0,0.0,0.0,0.0
12021,BANK008,Commonwealth Bank of Australia,CBA-LN-RETA-00084,0.61,4.18,10.9,2.27,0,0.0435,2026-06-19,2026-06-19T21:08:31,49.0,1,15.7,4298813.0,0.41,4,1,4,3,5,739,0,180,0,1,1,0,AUS,2.1,3.0,3.85,4.2,-0.9562,-6.0,47.3,RETAIL_MORTGAGES,0.0,0.0,0.0,0.0,0.0
12022,BANK008,Commonwealth Bank of Australia,CBA-LN-RETA-00085,1.93,13.13,9.7,1.86,0,0.0938,2026-06-19,2026-06-19T21:08:31,26.0,2,2.0,2016245.0,0.34,3,2,5,1,5,718,0,231,0,0,2,0,AUS,2.1,3.0,3.85,4.2,1.3752,-53.0,8.0,RETAIL_MORTGAGES,0.0,0.0,0.0,0.0,0.0
12024,BANK008,Commonwealth Bank of Australia,CBA-LN-SME-00029,1.1,10.13,23.3,1.91,0,0.0786,2026-06-19,2026-06-19T21:08:31,54.0,4,3.1,2082980.0,0.23,2,1,1,2,2,713,0,13,0,0,2,0,AUS,2.1,3.0,3.85,4.2,0.2454,-25.0,12.4,SME,0.0,0.0,0.0,0.0,0.0
12025,BANK008,Commonwealth Bank of Australia,CBA-LN-SME-00030,1.04,13.17,17.1,1.36,0,0.0553,2026-06-19,2026-06-19T21:08:31,56.0,4,21.8,6054189.0,0.41,4,2,3,3,2,738,0,132,0,3,3,0,AUS,2.1,3.0,3.85,4.2,-0.0833,-2.0,13.1,SME,0.0,0.0,0.0,0.0,0.0
12026,BANK008,Commonwealth Bank of Australia,CBA-LN-RETA-00086,1.43,7.27,7.6,2.73,0,0.0457,2026-06-19,2026-06-19T21:08:31,56.0,2,12.1,2345126.0,0.32,2,2,5,2,5,775,0,51,0,3,2,0,AUS,2.1,3.0,3.85,4.2,0.9049,30.0,37.9,RETAIL_MORTGAGES,0.0,0.0,0.0,0.0,0.0
12027,BANK008,Commonwealth Bank of Australia,CBA-LN-SME-00031,1.56,5.7,10.4,2.3,0,0.049,2026-06-19,2026-06-19T21:08:31,42.0,5,19.1,8385077.0,0.38,1,2,4,3,2,780,0,227,0,3,2,0,AUS,2.1,3.0,3.85,4.2,0.004,11.0,19.7,SME,0.0,0.0,0.0,0.0,0.0
12028,BANK008,Commonwealth Bank of Australia,CBA-LN-RETA-00087,1.31,11.89,23.4,2.28,0,0.0607,2026-06-19,2026-06-19T21:08:31,46.0,2,14.1,1297474.0,0.43,2,2,5,2,5,760,0,14,0,1,2,0,AUS,2.1,3.0,3.85,4.2,0.5833,0.0,5.9,RETAIL_MORTGAGES,0.0,0.0,0.0,0.0,0.0
12029,BANK008,Commonwealth Bank of Australia,CBA-LN-CORP-00014,0.95,12.35,21.1,1.96,0,0.0338,2026-06-19,2026-06-19T21:08:31,36.0,5,7.0,20441902.0,0.39,3,2,3,3,2,815,0,16,0,0,3,0,AUS,2.1,3.0,3.85,4.2,0.2698,74.0,27.3,CORPORATE,0.0,0.0,0.0,0.0,0.0
12030,BANK008,Commonwealth Bank of Australia,CBA-LN-RETA-00088,0.52,10.79,20.2,1.95,0,0.023,2026-06-19,2026-06-19T21:08:31,55.0,2,5.8,3091362.0,0.28,0,1,5,2,5,805,0,59,0,0,4,0,AUS,2.1,3.0,3.85,4.2,-0.191,91.0,21.7,RETAIL_MORTGAGES,0.0,0.0,0.0,0.0,0.0
12032,BANK008,Commonwealth Bank of Australia,CBA-LN-RETA-00089,1.3,5.49,9.9,2.22,0,0.0425,2026-06-19,2026-06-19T21:08:31,45.0,2,2.0,1900646.0,0.29,2,1,4,3,5,830,0,137,0,0,3,0,AUS,2.1,3.0,3.85,4.2,0.5281,107.0,16.3,RETAIL_MORTGAGES,0.0,0.0,0.0,0.0,0.0
12033,BANK008,Commonwealth Bank of Australia,CBA-LN-RETA-00090,0.94,9.89,17.1,1.95,0,0.0335,2026-06-19,2026-06-19T21:08:31,60.0,2,23.1,3864865.0,0.37,0,1,4,2,5,791,0,182,0,2,4,0,AUS,2.1,3.0,3.85,4.2,-0.2655,-9.0,23.4,RETAIL_MORTGAGES,0.0,0.0,0.0,0.0,0.0
12034,BANK008,Commonwealth Bank of Australia,CBA-LN-RETA-00091,0.62,8.43,8.9,1.62,0,0.0688,2026-06-19,2026-06-19T21:08:31,29.0,1,3.7,2482816.0,0.4,2,2,5,2,5,711,0,102,0,3,1,0,AUS,2.1,3.0,3.85,4.2,-0.9486,-46.0,11.0,RETAIL_MORTGAGES,0.0,0.0,0.0,0.0,0.0
12035,BANK008,Commonwealth Bank of Australia,CBA-LN-RETA-00092,1.37,13.41,8.8,1.72,0,0.0622,2026-06-19,2026-06-19T21:08:31,55.0,2,27.7,1344735.0,0.43,2,2,4,1,5,784,0,98,0,0,2,0,AUS,2.1,3.0,3.85,4.2,-0.3764,73.0,30.3,RETAIL_MORTGAGES,0.0,0.0,0.0,0.0,0.0
12036,BANK008,Commonwealth Bank of Australia,CBA-LN-SME-00032,0.5,3.81,10.5,2.12,0,0.0225,2026-06-19,2026-06-19T21:08:31,27.0,5,1.3,3393567.0,0.21,2,1,1,3,2,807,0,27,0,3,1,0,AUS,2.1,3.0,3.85,4.2,0.0023,1.0,45.8,SME,0.0,0.0,0.0,0.0,0.0
12037,BANK008,Commonwealth Bank of Australia,CBA-LN-RETA-00093,1.36,12.62,11.3,2.49,0,0.044,2026-06-19,2026-06-19T21:08:31,45.0,2,3.2,4581742.0,0.24,0,2,3,2,5,814,0,122,0,3,2,0,AUS,2.1,3.0,3.85,4.2,0.2369,17.0,50.0,RETAIL_MORTGAGES,0.0,0.0,0.0,0.0,0.0
12039,BANK008,Commonwealth Bank of Australia,CBA-LN-RETA-00094,1.69,5.85,8.2,1.45,0,0.0845,2026-06-19,2026-06-19T21:08:31,58.0,1,27.4,2781295.0,0.27,3,2,3,3,5,721,0,196,0,3,5,0,AUS,2.1,3.0,3.85,4.2,0.3425,-13.0,47.8,RETAIL_MORTGAGES,0.0,0.0,0.0,0.0,0.0
12041,BANK008,Commonwealth Bank of Australia,CBA-LN-RETA-00095,1.03,4.87,20.3,2.29,0,0.0358,2026-06-19,2026-06-19T21:08:31,59.0,2,16.3,1501248.0,0.19,4,1,6,2,5,813,0,78,0,2,2,0,AUS,2.1,3.0,3.85,4.2,-0.8653,65.0,29.7,RETAIL_MORTGAGES,0.0,0.0,0.0,0.0,0.0
12042,BANK008,Commonwealth Bank of Australia,CBA-LN-RETA-00096,0.79,8.63,19.1,2.92,0,0.0298,2026-06-19,2026-06-19T21:08:31,27.0,2,3.5,1823140.0,0.37,0,2,5,3,5,793,0,109,0,1,1,0,AUS,2.1,3.0,3.85,4.2,-0.8514,-18.0,8.0,RETAIL_MORTGAGES,0.0,0.0,0.0,0.0,0.0
12043,BANK008,Commonwealth Bank of Australia,CBA-LN-RETA-00097,1.71,11.73,16.1,1.41,0,0.0528,2026-06-19,2026-06-19T21:08:31,54.0,2,12.8,1975484.0,0.33,4,2,3,3,5,817,0,185,0,0,4,0,AUS,2.1,3.0,3.85,4.2,0.168,6.0,28.0,RETAIL_MORTGAGES,0.0,0.0,0.0,0.0,0.0
12044,BANK008,Commonwealth Bank of Australia,CBA-LN-CORP-00015,1.18,6.79,23.3,2.99,0,0.0395,2026-06-19,2026-06-19T21:08:31,43.0,5,19.1,22429617.0,0.32,4,1,2,2,2,787,0,81,0,3,2,0,AUS,2.1,3.0,3.85,4.2,0.4443,65.0,37.5,CORPORATE,0.0,0.0,0.0,0.0,0.0
12045,BANK008,Commonwealth Bank of Australia,CBA-LN-SME-00033,0.68,11.15,11.8,2.7,0,0.027,2026-06-19,2026-06-19T21:08:31,47.0,4,24.5,5163813.0,0.2,0,1,1,1,2,772,0,62,0,3,1,0,AUS,2.1,3.0,3.85,4.2,-0.2782,-11.0,46.0,SME,0.0,0.0,0.0,0.0,0.0
12046,BANK008,Commonwealth Bank of Australia,CBA-LN-RETA-00098,1.98,11.88,15.5,1.77,0,0.0595,2026-06-19,2026-06-19T21:08:31,32.0,2,6.5,4044640.0,0.32,3,1,5,3,5,764,0,186,0,3,2,0,AUS,2.1,3.0,3.85,4.2,0.4305,-64.0,15.8,RETAIL_MORTGAGES,0.0,0.0,0.0,0.0,0.0
12047,BANK008,Commonwealth Bank of Australia,CBA-LN-SME-00034,1.6,6.06,20.0,2.92,0,0.074,2026-06-19,2026-06-19T21:08:31,32.0,5,9.2,3595379.0,0.44,4,2,4,1,2,815,0,196,0,0,4,0,AUS,2.1,3.0,3.85,4.2,-0.3119,18.0,21.2,SME,0.0,0.0,0.0,0.0,0.0
12048,BANK008,Commonwealth Bank of Australia,CBA-LN-RETA-00099,1.03,6.64,14.1,1.61,0,0.0358,2026-06-19,2026-06-19T21:08:31,30.0,1,1.0,3244354.0,0.25,3,1,6,1,5,813,0,202,0,2,2,0,AUS,2.1,3.0,3.85,4.2,-0.953,19.0,41.4,RETAIL_MORTGAGES,0.0,0.0,0.0,0.0,0.0
12050,BANK008,Commonwealth Bank of Australia,CBA-LN-RETA-00100,0.84,5.52,8.8,1.33,0,0.0477,2026-06-19,2026-06-19T21:08:31,36.0,1,2.9,3861190.0,0.2,0,2,4,3,5,735,0,36,0,1,4,0,AUS,2.1,3.0,3.85,4.2,0.3585,-27.0,50.3,RETAIL_MORTGAGES,0.0,0.0,0.0,0.0,0.0
12053,BANK008,Commonwealth Bank of Australia,CBA-LN-SME-00035,0.81,12.45,11.6,1.76,0,0.058,2026-06-19,2026-06-19T21:08:31,48.0,4,15.8,3827103.0,0.22,4,2,1,1,2,725,0,8,0,3,5,0,AUS,2.1,3.0,3.85,4.2,0.337,-15.0,21.5,SME,0.0,0.0,0.0,0.0,0.0
12054,BANK008,Commonwealth Bank of Australia,CBA-LN-RETA-00101,0.81,3.66,18.5,2.78,0,0.0303,2026-06-19,2026-06-19T21:08:31,29.0,2,1.1,4622225.0,0.38,1,2,5,1,5,830,0,97,0,1,3,0,AUS,2.1,3.0,3.85,4.2,0.2397,25.0,22.3,RETAIL_MORTGAGES,0.0,0.0,0.0,0.0,0.0
12055,BANK008,Commonwealth Bank of Australia,CBA-LN-SME-00036,0.93,5.12,7.1,2.48,0,0.0333,2026-06-19,2026-06-19T21:08:31,41.0,5,4.6,2712739.0,0.32,2,1,3,3,2,790,0,128,0,3,2,0,AUS,2.1,3.0,3.85,4.2,0.4961,75.0,23.9,SME,0.0,0.0,0.0,0.0,0.0
12057,BANK008,Commonwealth Bank of Australia,CBA-LN-RETA-00102,0.98,12.42,20.8,1.54,0,0.0345,2026-06-19,2026-06-19T21:08:31,60.0,2,14.7,3541992.0,0.22,2,2,4,1,5,768,0,40,0,0,1,0,AUS,2.1,3.0,3.85,4.2,-0.7853,-61.0,40.8,RETAIL_MORTGAGES,0.0,0.0,0.0,0.0,0.0
12058,BANK008,Commonwealth Bank of Australia,CBA-LN-SME-00037,1.37,4.31,19.2,2.11,0,0.0443,2026-06-19,2026-06-19T21:08:31,43.0,5,13.4,5358818.0,0.35,4,1,2,3,2,793,0,62,0,3,2,0,AUS,2.1,3.0,3.85,4.2,-0.3536,62.0,14.3,SME,0.0,0.0,0.0,0.0,0.0
12059,BANK008,Commonwealth Bank of Australia,CBA-LN-CORP-00016,0.47,6.8,23.9,1.31,0,0.0217,2026-06-19,2026-06-19T21:08:31,62.0,5,29.3,7853447.0,0.38,3,1,2,2,2,755,0,150,0,0,5,0,AUS,2.1,3.0,3.85,4.2,-1.464,-19.0,8.7,CORPORATE,0.0,0.0,0.0,0.0,0.0
12060,BANK008,Commonwealth Bank of Australia,CBA-LN-RETA-00103,1.99,9.89,15.9,2.61,0,0.0598,2026-06-19,2026-06-19T21:08:31,42.0,2,13.9,4586799.0,0.38,4,1,4,1,5,767,0,42,0,1,5,0,AUS,2.1,3.0,3.85,4.2,1.0476,11.0,25.0,RETAIL_MORTGAGES,0.0,0.0,0.0,0.0,0.0
12061,BANK008,Commonwealth Bank of Australia,CBA-LN-RETA-00104,1.8,10.53,12.6,2.1,0,0.061,2026-06-19,2026-06-19T21:08:31,26.0,2,1.5,2776310.0,0.41,3,2,4,1,5,778,0,108,0,0,2,0,AUS,2.1,3.0,3.85,4.2,0.6562,58.0,13.1,RETAIL_MORTGAGES,0.0,0.0,0.0,0.0,0.0
12062,BANK008,Commonwealth Bank of Australia,CBA-LN-RETA-00105,1.39,6.9,24.7,2.9,0,0.0447,2026-06-19,2026-06-19T21:08:31,50.0,2,23.2,2832162.0,0.39,4,2,5,3,5,805,0,149,0,1,1,0,AUS,2.1,3.0,3.85,4.2,-0.183,94.0,43.0,RETAIL_MORTGAGES,0.0,0.0,0.0,0.0,0.0
12063,BANK008,Commonwealth Bank of Australia,CBA-LN-CORP-00017,1.06,7.19,21.7,2.02,0,0.0365,2026-06-19,2026-06-19T21:08:31,62.0,5,27.0,15131575.0,0.27,3,1,3,2,2,807,0,134,0,0,4,0,AUS,2.1,3.0,3.85,4.2,-0.8222,39.0,15.7,CORPORATE,0.0,0.0,0.0,0.0,0.0
12064,BANK008,Commonwealth Bank of Australia,CBA-LN-RETA-00106,1.43,12.2,21.2,2.28,0,0.0844,2026-06-19,2026-06-19T21:08:31,50.0,2,27.8,3599928.0,0.42,4,1,5,1,5,726,0,67,0,3,2,0,AUS,2.1,3.0,3.85,4.2,0.4053,-77.0,24.4,RETAIL_MORTGAGES,0.0,0.0,0.0,0.0,0.0
12065,BANK008,Commonwealth Bank of Australia,CBA-LN-RETA-00107,0.71,12.32,19.8,2.67,0,0.0277,2026-06-19,2026-06-19T21:08:31,58.0,1,23.6,3848710.0,0.38,2,1,6,3,5,758,0,53,0,1,2,0,AUS,2.1,3.0,3.85,4.2,-0.7448,13.0,28.5,RETAIL_MORTGAGES,0.0,0.0,0.0,0.0,0.0
12067,BANK008,Commonwealth Bank of Australia,CBA-LN-CORP-00018,1.1,13.44,23.5,1.73,0,0.0542,2026-06-19,2026-06-19T21:08:31,32.0,5,4.1,8085995.0,0.36,3,1,3,2,2,735,0,147,0,2,4,0,AUS,2.1,3.0,3.85,4.2,-0.7197,-10.0,36.0,CORPORATE,0.0,0.0,0.0,0.0,0.0
12068,BANK008,Commonwealth Bank of Australia,CBA-LN-CORP-00019,1.09,5.45,10.7,1.67,0,0.0373,2026-06-19,2026-06-19T21:08:31,47.0,5,9.5,22800565.0,0.28,2,2,4,2,2,757,0,13,0,0,2,0,AUS,2.1,3.0,3.85,4.2,-0.5572,32.0,11.3,CORPORATE,0.0,0.0,0.0,0.0,0.0
12070,BANK008,Commonwealth Bank of Australia,CBA-LN-SME-00038,1.33,4.76,12.1,1.55,0,0.0492,2026-06-19,2026-06-19T21:08:31,40.0,4,14.5,7140124.0,0.41,1,1,3,3,2,784,0,103,0,2,2,0,AUS,2.1,3.0,3.85,4.2,-0.6153,22.0,30.5,SME,0.0,0.0,0.0,0.0,0.0
12071,BANK008,Commonwealth Bank of Australia,CBA-LN-SME-00039,1.22,6.79,23.9,2.5,0,0.0405,2026-06-19,2026-06-19T21:08:31,28.0,4,3.4,3576365.0,0.22,4,1,4,2,2,793,0,93,0,1,5,0,AUS,2.1,3.0,3.85,4.2,0.0128,-34.0,13.2,SME,0.0,0.0,0.0,0.0,0.0
12072,BANK008,Commonwealth Bank of Australia,CBA-LN-RETA-00108,1.88,4.38,14.2,1.56,0,0.057,2026-06-19,2026-06-19T21:08:31,53.0,2,20.2,3197497.0,0.29,0,1,4,2,5,774,0,121,0,2,3,0,AUS,2.1,3.0,3.85,4.2,0.946,8.0,51.8,RETAIL_MORTGAGES,0.0,0.0,0.0,0.0,0.0
12073,BANK008,Commonwealth Bank of Australia,CBA-LN-RETA-00109,1.57,12.74,11.1,1.65,0,0.0493,2026-06-19,2026-06-19T21:08:31,26.0,2,3.1,4133967.0,0.23,1,1,4,3,5,810,0,106,0,3,1,0,AUS,2.1,3.0,3.85,4.2,0.151,10.0,27.3,RETAIL_MORTGAGES,0.0,0.0,0.0,0.0,0.0
12074,BANK008,Commonwealth Bank of Australia,CBA-LN-RETA-00110,1.71,9.46,24.8,2.72,0,0.0528,2026-06-19,2026-06-19T21:08:31,45.0,2,11.7,1204221.0,0.31,0,2,5,2,5,777,0,69,0,3,1,0,AUS,2.1,3.0,3.85,4.2,0.102,-32.0,30.3,RETAIL_MORTGAGES,0.0,0.0,0.0,0.0,0.0
12075,BANK008,Commonwealth Bank of Australia,CBA-LN-CORP-00020,1.59,5.54,24.1,2.39,0,0.0613,2026-06-19,2026-06-19T21:08:31,57.0,5,17.7,13199622.0,0.41,1,1,3,2,2,745,0,184,0,3,3,0,AUS,2.1,3.0,3.85,4.2,0.1039,-80.0,38.6,CORPORATE,0.0,0.0,0.0,0.0,0.0
12076,BANK008,Commonwealth Bank of Australia,CBA-LN-SME-00040,0.86,11.9,6.3,1.37,0,0.0359,2026-06-19,2026-06-19T21:08:31,53.0,4,29.0,6388803.0,0.39,3,1,4,3,2,746,0,165,0,1,3,0,AUS,2.1,3.0,3.85,4.2,0.2625,-26.0,27.8,SME,0.0,0.0,0.0,0.0,0.0
